IDKSIP,year,date,hour,district,district_commune,road_category,road_number,type_of_road,road_geometry,area,Longitude,Latitude,char_place_of_the_event,weather_conditions,lighting,type_of_accident,num_of_accidents,num_of_fatalities,num_of_injured,type_of_injury,is_offender_intoxicated,,,,,,,,,,
EWK-98137627Q,2014,2014-02-17,11,POWIAT MŁAWSKI,WIŚNIEWO - OBSZAR WIEJSKI,Droga gminna,GMINNA,Jednojezdniowa dwukierunkowa,Odcinek prosty,Obszar zabudowany,20.2833055555556,53.0630833333333,Jezdnia,Dobre warunki atmosferyczne,Światło dzienne,Najechanie na pieszego,1,0,0,Nieokreślone (puste pole),N,,,,,,,,,,
EWK-98139947F,2014,2014-02-21,7,POWIAT GRÓJECKI,GRÓJEC - OBSZAR WIEJSKI,Droga krajowa,50,Jednojezdniowa dwukierunkowa,"Zakręt, łuk",Obszar niezabudowany,20.90575,51.8760833333333,Jezdnia,Dobre warunki atmosferyczne,Światło dzienne,Najechanie na pieszego,1,0,1,Lekko,N,,,,,,,,,,
EWK-98139947F,2014,2014-02-21,7,POWIAT GRÓJECKI,GRÓJEC - OBSZAR WIEJSKI,Droga krajowa,50,Jednojezdniowa dwukierunkowa,"Zakręt, łuk",Obszar niezabudowany,20.90575,51.8760833333333,Jezdnia,Dobre warunki atmosferyczne,Światło dzienne,Najechanie na pieszego,1,0,0,Nieokreślone (puste pole),N,,,,,,,,,,
EWK-98154710X,2014,2014-03-10,7,POWIAT RADOM,RADOM - OBSZAR MIEJSKI,Droga gminna,G530034W,Jednojezdniowa dwukierunkowa,"Zakręt, łuk",Obszar zabudowany,21.1581944444444,51.3996666666667,Jezdnia,Dobre warunki atmosferyczne,Światło dzienne,Najechanie na pieszego,1,0,1,Lekko,N,,,,,,,,,,
EWK-98154710X,2014,2014-03-10,7,POWIAT RADOM,RADOM - OBSZAR MIEJSKI,Droga gminna,G530034W,Jednojezdniowa dwukierunkowa,"Zakręt, łuk",Obszar zabudowany,21.1581944444444,51.3996666666667,Jezdnia,Dobre warunki atmosferyczne,Światło dzienne,Najechanie na pieszego,1,0,0,Nieokreślone (puste pole),N,,,,,,,,,,
EWK-98163597M,2014,2014-03-18,8,POWIAT GRÓJECKI,GRÓJEC - OBSZAR MIEJSKI,Droga powiatowa,P,Jednojezdniowa dwukierunkowa,Odcinek prosty,Obszar zabudowany,20.8700555555556,51.8645277777778,Jezdnia,Dobre warunki atmosferyczne,Światło dzienne,Najechanie na pieszego,1,0,1,Lekko,N,,,,,,,,,,
EWK-98163597M,2014,2014-03-18,8,POWIAT GRÓJECKI,GRÓJEC - OBSZAR MIEJSKI,Droga powiatowa,P,Jednojezdniowa dwukierunkowa,Odcinek prosty,Obszar zabudowany,20.8700555555556,51.8645277777778,Jezdnia,Dobre warunki atmosferyczne,Światło dzienne,Najechanie na pieszego,1,0,0,Nieokreślone (puste pole),N,,,,,,,,,,
EWK-98170185P,2014,2014-03-21,12,POWIAT RADOM,RADOM - OBSZAR MIEJSKI,Droga krajowa,12,Dwie jezdnie jednokierunkowe,,Obszar zabudowany,21.1410277777778,51.3909444444444,Jezdnia,Dobre warunki atmosferyczne,Światło dzienne,Najechanie na pieszego,1,0,1,Lekko,N,,,,,,,,,,
EWK-98170185P,2014,2014-03-21,12,POWIAT RADOM,RADOM - OBSZAR MIEJSKI,Droga krajowa,12,Dwie jezdnie jednokierunkowe,,Obszar zabudowany,21.1410277777778,51.3909444444444,Jezdnia,Dobre warunki atmosferyczne,Światło dzienne,Najechanie na pieszego,1,0,0,Nieokreślone (puste pole),N,,,,,,,,,,
EWK-98170891E,2014,2014-03-22,15,POWIAT RADOM,RADOM - OBSZAR MIEJSKI,Droga powiatowa,P5307W,Jednojezdniowa dwukierunkowa,Odcinek prosty,Obszar zabudowany,21.1493888888889,51.4093888888889,Jezdnia,Dobre warunki atmosferyczne,Światło dzienne,Najechanie na pieszego,1,0,1,Lekko,N,,,,,,,,,,
EWK-98170891E,2014,2014-03-22,15,POWIAT RADOM,RADOM - OBSZAR MIEJSKI,Droga powiatowa,P5307W,Jednojezdniowa dwukierunkowa,Odcinek prosty,Obszar zabudowany,21.1493888888889,51.4093888888889,Jezdnia,Dobre warunki atmosferyczne,Światło dzienne,Najechanie na pieszego,1,0,0,Nieokreślone (puste pole),N,,,,,,,,,,
EWK-98174286W,2014,2014-03-25,16,POWIAT SIEDLCE,SIEDLCE - OBSZAR MIEJSKI,Droga wojewódzka,W628,Jednojezdniowa dwukierunkowa,Odcinek prosty,Obszar zabudowany,22.2867777777778,52.16225,Jezdnia,Dobre warunki atmosferyczne,Światło dzienne,Najechanie na pieszego,1,0,1,Ciężko,N,,,,,,,,,,
EWK-98174286W,2014,2014-03-25,16,POWIAT SIEDLCE,SIEDLCE - OBSZAR MIEJSKI,Droga wojewódzka,W628,Jednojezdniowa dwukierunkowa,Odcinek prosty,Obszar zabudowany,22.2867777777778,52.16225,Jezdnia,Dobre warunki atmosferyczne,Światło dzienne,Najechanie na pieszego,1,0,0,Nieokreślone (puste pole),N,,,,,,,,,,
EWK-98177550D,2014,2014-03-28,11,POWIAT SIEDLCE,SIEDLCE - OBSZAR MIEJSKI,Droga wojewódzka,W628,Jednojezdniowa dwukierunkowa,Odcinek prosty,Obszar zabudowany,22.2728888888889,52.1706666666667,Jezdnia,Dobre warunki atmosferyczne,Światło dzienne,Najechanie na pieszego,1,0,1,Lekko,N,,,,,,,,,,
EWK-98177550D,2014,2014-03-28,11,POWIAT SIEDLCE,SIEDLCE - OBSZAR MIEJSKI,Droga wojewódzka,W628,Jednojezdniowa dwukierunkowa,Odcinek prosty,Obszar zabudowany,22.2728888888889,52.1706666666667,Jezdnia,Dobre warunki atmosferyczne,Światło dzienne,Najechanie na pieszego,1,0,0,Nieokreślone (puste pole),N,,,,,,,,,,
EWK-98178302W,2014,2014-03-28,14,POWIAT RADOMSKI,JEDLIŃSK - OBSZAR WIEJSKI,Droga krajowa,7,Jednojezdniowa dwukierunkowa,Odcinek prosty,Obszar zabudowany,21.1464722222222,51.5121666666667,Jezdnia,Dobre warunki atmosferyczne,Światło dzienne,Najechanie na pieszego,1,0,1,Ciężko,N,,,,,,,,,,
EWK-98178302W,2014,2014-03-28,14,POWIAT RADOMSKI,JEDLIŃSK - OBSZAR WIEJSKI,Droga krajowa,7,Jednojezdniowa dwukierunkowa,Odcinek prosty,Obszar zabudowany,21.1464722222222,51.5121666666667,Jezdnia,Dobre warunki atmosferyczne,Światło dzienne,Najechanie na pieszego,1,0,0,Nieokreślone (puste pole),N,,,,,,,,,,
EWK-98180631P,2014,2014-04-01,17,POWIAT RADOM,RADOM - OBSZAR MIEJSKI,Droga powiatowa,P5309W,Jednojezdniowa dwukierunkowa,Odcinek prosty,Obszar zabudowany,21.1854722222222,51.3923055555556,Jezdnia,Dobre warunki atmosferyczne,Światło dzienne,Najechanie na pieszego,1,0,1,Lekko,N,,,,,,,,,,
EWK-98180631P,2014,2014-04-01,17,POWIAT RADOM,RADOM - OBSZAR MIEJSKI,Droga powiatowa,P5309W,Jednojezdniowa dwukierunkowa,Odcinek prosty,Obszar zabudowany,21.1854722222222,51.3923055555556,Jezdnia,Dobre warunki atmosferyczne,Światło dzienne,Najechanie na pieszego,1,0,0,Nieokreślone (puste pole),N,,,,,,,,,,
EWK-98180977P,2014,2014-03-30,18,POWIAT SIERPECKI,SIERPC - OBSZAR MIEJSKI,Droga krajowa,10,Jednojezdniowa dwukierunkowa,Odcinek prosty,Obszar zabudowany,19.6643611111111,52.8638055555556,Jezdnia,Dobre warunki atmosferyczne,Światło dzienne,Najechanie na pieszego,1,0,1,Ciężko,N,,,,,,,,,,
EWK-98180977P,2014,2014-03-30,18,POWIAT SIERPECKI,SIERPC - OBSZAR MIEJSKI,Droga krajowa,10,Jednojezdniowa dwukierunkowa,Odcinek prosty,Obszar zabudowany,19.6643611111111,52.8638055555556,Jezdnia,Dobre warunki atmosferyczne,Światło dzienne,Najechanie na pieszego,1,0,0,Nieokreślone (puste pole),N,,,,,,,,,,
EWK-98183653F,2014,2014-04-05,14,POWIAT OSTROŁĘKA,OSTROŁĘKA - OBSZAR MIEJSKI,Droga powiatowa,P5107W,Jednokierunkowa,Odcinek prosty,Obszar zabudowany,21.5718888888889,53.0826944444445,Jezdnia,Dobre warunki atmosferyczne,Światło dzienne,Najechanie na pieszego,1,0,1,Lekko,N,,,,,,,,,,
EWK-98183653F,2014,2014-04-05,14,POWIAT OSTROŁĘKA,OSTROŁĘKA - OBSZAR MIEJSKI,Droga powiatowa,P5107W,Jednokierunkowa,Odcinek prosty,Obszar zabudowany,21.5718888888889,53.0826944444445,Jezdnia,Dobre warunki atmosferyczne,Światło dzienne,Najechanie na pieszego,1,0,0,Nieokreślone (puste pole),N,,,,,,,,,,
EWK-98184686G,2014,2014-04-03,17,POWIAT RADOM,RADOM - OBSZAR MIEJSKI,Droga powiatowa,P5302W,Jednojezdniowa dwukierunkowa,,Obszar zabudowany,21.1595555555556,51.4104166666667,Jezdnia,Dobre warunki atmosferyczne,Światło dzienne,Najechanie na pieszego,1,0,1,Lekko,N,,,,,,,,,,
EWK-98184686G,2014,2014-04-03,17,POWIAT RADOM,RADOM - OBSZAR MIEJSKI,Droga powiatowa,P5302W,Jednojezdniowa dwukierunkowa,,Obszar zabudowany,21.1595555555556,51.4104166666667,Jezdnia,Dobre warunki atmosferyczne,Światło dzienne,Najechanie na pieszego,1,0,0,Nieokreślone (puste pole),N,,,,,,,,,,
EWK-98188552E,2014,2014-04-08,7,POWIAT RADOM,RADOM - OBSZAR MIEJSKI,Droga wojewódzka,744,Dwie jezdnie jednokierunkowe,,Obszar zabudowany,21.1264722222222,51.3730277777778,Jezdnia,Dobre warunki atmosferyczne,Światło dzienne,Najechanie na pieszego,1,0,1,Lekko,N,,,,,,,,,,
EWK-98188552E,2014,2014-04-08,7,POWIAT RADOM,RADOM - OBSZAR MIEJSKI,Droga wojewódzka,744,Dwie jezdnie jednokierunkowe,,Obszar zabudowany,21.1264722222222,51.3730277777778,Jezdnia,Dobre warunki atmosferyczne,Światło dzienne,Najechanie na pieszego,1,0,0,Nieokreślone (puste pole),N,,,,,,,,,,
EWK-98197096D,2014,2014-04-12,11,POWIAT OSTROŁĘCKI,RZEKUŃ - OBSZAR WIEJSKI,Droga wojewódzka,627,Jednojezdniowa dwukierunkowa,,Obszar zabudowany,21.6330277777778,53.0556388888889,Jezdnia,Dobre warunki atmosferyczne,Światło dzienne,Najechanie na pieszego,1,0,1,Ciężko,N,,,,,,,,,,
EWK-98197096D,2014,2014-04-12,11,POWIAT OSTROŁĘCKI,RZEKUŃ - OBSZAR WIEJSKI,Droga wojewódzka,627,Jednojezdniowa dwukierunkowa,,Obszar zabudowany,21.6330277777778,53.0556388888889,Jezdnia,Dobre warunki atmosferyczne,Światło dzienne,Najechanie na pieszego,1,0,0,Nieokreślone (puste pole),N,,,,,,,,,,
EWK-98204512F,2014,2014-04-18,12,POWIAT ZWOLEŃSKI,ZWOLEŃ - OBSZAR MIEJSKI,Nieokreślone (puste pole),,Jednokierunkowa,,Obszar zabudowany,21.5766111111111,51.3666388888889,Jezdnia,Dobre warunki atmosferyczne,Światło dzienne,Najechanie na pieszego,1,0,1,Lekko,N,,,,,,,,,,
EWK-98204512F,2014,2014-04-18,12,POWIAT ZWOLEŃSKI,ZWOLEŃ - OBSZAR MIEJSKI,Nieokreślone (puste pole),,Jednokierunkowa,,Obszar zabudowany,21.5766111111111,51.3666388888889,Jezdnia,Dobre warunki atmosferyczne,Światło dzienne,Najechanie na pieszego,1,0,0,Nieokreślone (puste pole),N,,,,,,,,,,
EWK-98205750A,2014,2014-04-18,13,POWIAT RADOM,RADOM - OBSZAR MIEJSKI,Droga gminna,G530044W,Jednojezdniowa dwukierunkowa,Odcinek prosty,Obszar zabudowany,21.1733055555556,51.4038888888889,Jezdnia,Dobre warunki atmosferyczne,Światło dzienne,Najechanie na pieszego,1,0,1,Ciężko,N,,,,,,,,,,
EWK-98205750A,2014,2014-04-18,13,POWIAT RADOM,RADOM - OBSZAR MIEJSKI,Droga gminna,G530044W,Jednojezdniowa dwukierunkowa,Odcinek prosty,Obszar zabudowany,21.1733055555556,51.4038888888889,Jezdnia,Dobre warunki atmosferyczne,Światło dzienne,Najechanie na pieszego,1,0,0,Nieokreślone (puste pole),N,,,,,,,,,,
EWK-98209437D,2014,2014-04-22,14,POWIAT KOZIENICKI,KOZIENICE - OBSZAR WIEJSKI,Droga gminna,GMINNA,Jednojezdniowa dwukierunkowa,Odcinek prosty,Obszar zabudowany,21.4807777777778,51.6555,Jezdnia,Dobre warunki atmosferyczne,Światło dzienne,Najechanie na pieszego,1,0,1,Ciężko,N,,,,,,,,,,
EWK-98209437D,2014,2014-04-22,14,POWIAT KOZIENICKI,KOZIENICE - OBSZAR WIEJSKI,Droga gminna,GMINNA,Jednojezdniowa dwukierunkowa,Odcinek prosty,Obszar zabudowany,21.4807777777778,51.6555,Jezdnia,Dobre warunki atmosferyczne,Światło dzienne,Najechanie na pieszego,1,0,0,Nieokreślone (puste pole),N,,,,,,,,,,
EWK-98210815C,2014,2014-04-24,17,POWIAT RADOM,RADOM - OBSZAR MIEJSKI,Droga powiatowa,P5312W,Jednojezdniowa dwukierunkowa,Odcinek prosty,Obszar zabudowany,21.178,51.4095833333333,Jezdnia,Dobre warunki atmosferyczne,Światło dzienne,Najechanie na pieszego,1,0,1,Lekko,N,,,,,,,,,,
EWK-98210815C,2014,2014-04-24,17,POWIAT RADOM,RADOM - OBSZAR MIEJSKI,Droga powiatowa,P5312W,Jednojezdniowa dwukierunkowa,Odcinek prosty,Obszar zabudowany,21.178,51.4095833333333,Jezdnia,Dobre warunki atmosferyczne,Światło dzienne,Najechanie na pieszego,1,0,0,Nieokreślone (puste pole),N,,,,,,,,,,
EWK-98214901J,2014,2014-04-25,13,POWIAT ŻYRARDOWSKI,WISKITKI - OBSZAR WIEJSKI,Droga powiatowa,3834W,Jednojezdniowa dwukierunkowa,Odcinek prosty,Obszar niezabudowany,20.3449444444444,52.0946944444445,Jezdnia,Dobre warunki atmosferyczne,Światło dzienne,Najechanie na pieszego,1,0,2,Lekko,N,,,,,,,,,,
EWK-98214901J,2014,2014-04-25,13,POWIAT ŻYRARDOWSKI,WISKITKI - OBSZAR WIEJSKI,Droga powiatowa,3834W,Jednojezdniowa dwukierunkowa,Odcinek prosty,Obszar niezabudowany,20.3449444444444,52.0946944444445,Jezdnia,Dobre warunki atmosferyczne,Światło dzienne,Najechanie na pieszego,1,0,0,Nieokreślone (puste pole),N,,,,,,,,,,
EWK-98216829E,2014,2014-04-29,17,POWIAT RADOM,RADOM - OBSZAR MIEJSKI,Droga powiatowa,P5314W,Jednojezdniowa dwukierunkowa,Odcinek prosty,Obszar zabudowany,21.1253055555556,51.4083333333333,Jezdnia,Dobre warunki atmosferyczne,Światło dzienne,Najechanie na pieszego,1,0,1,Lekko,T,,,,,,,,,,
EWK-98216829E,2014,2014-04-29,17,POWIAT RADOM,RADOM - OBSZAR MIEJSKI,Droga powiatowa,P5314W,Jednojezdniowa dwukierunkowa,Odcinek prosty,Obszar zabudowany,21.1253055555556,51.4083333333333,Jezdnia,Dobre warunki atmosferyczne,Światło dzienne,Najechanie na pieszego,1,0,0,Nieokreślone (puste pole),T,,,,,,,,,,
EWK-98216849K,2014,2014-04-29,14,POWIAT RADOM,RADOM - OBSZAR MIEJSKI,Droga powiatowa,P5312W,Jednojezdniowa dwukierunkowa,Odcinek prosty,Obszar zabudowany,21.20275,51.4110277777778,Jezdnia,Dobre warunki atmosferyczne,Światło dzienne,Najechanie na pieszego,1,0,1,Lekko,N,,,,,,,,,,
EWK-98216849K,2014,2014-04-29,14,POWIAT RADOM,RADOM - OBSZAR MIEJSKI,Droga powiatowa,P5312W,Jednojezdniowa dwukierunkowa,Odcinek prosty,Obszar zabudowany,21.20275,51.4110277777778,Jezdnia,Dobre warunki atmosferyczne,Światło dzienne,Najechanie na pieszego,1,0,0,Nieokreślone (puste pole),N,,,,,,,,,,
EWK-98217422Y,2014,2014-04-08,15,POWIAT GARWOLIŃSKI,GÓRZNO - OBSZAR WIEJSKI,Droga powiatowa,31328W,Jednojezdniowa dwukierunkowa,Odcinek prosty,Obszar zabudowany,21.7030555555556,51.8694444444444,Jezdnia,Dobre warunki atmosferyczne,Światło dzienne,Najechanie na pieszego,1,0,1,Lekko,N,,,,,,,,,,
EWK-98217422Y,2014,2014-04-08,15,POWIAT GARWOLIŃSKI,GÓRZNO - OBSZAR WIEJSKI,Droga powiatowa,31328W,Jednojezdniowa dwukierunkowa,Odcinek prosty,Obszar zabudowany,21.7030555555556,51.8694444444444,Jezdnia,Dobre warunki atmosferyczne,Światło dzienne,Najechanie na pieszego,1,0,0,Nieokreślone (puste pole),N,,,,,,,,,,
EWK-98217564W,2014,2014-04-30,9,POWIAT WYSZKOWSKI,WYSZKÓW - OBSZAR MIEJSKI,Droga wojewódzka,618,Jednojezdniowa dwukierunkowa,Odcinek prosty,Obszar zabudowany,21.4746666666667,52.5919722222222,Jezdnia,Dobre warunki atmosferyczne,Światło dzienne,Najechanie na pieszego,1,0,1,Lekko,N,,,,,,,,,,
EWK-98217564W,2014,2014-04-30,9,POWIAT WYSZKOWSKI,WYSZKÓW - OBSZAR MIEJSKI,Droga wojewódzka,618,Jednojezdniowa dwukierunkowa,Odcinek prosty,Obszar zabudowany,21.4746666666667,52.5919722222222,Jezdnia,Dobre warunki atmosferyczne,Światło dzienne,Najechanie na pieszego,1,0,0,Nieokreślone (puste pole),N,,,,,,,,,,
EWK-98219905H,2014,2014-04-29,11,POWIAT WYSZKOWSKI,WYSZKÓW - OBSZAR MIEJSKI,Droga gminna,GMINNA,Jednojezdniowa dwukierunkowa,Odcinek prosty,Obszar zabudowany,21.4771388888889,52.5956944444445,Jezdnia,Dobre warunki atmosferyczne,Światło dzienne,Najechanie na pieszego,1,0,1,Lekko,N,,,,,,,,,,
EWK-98219905H,2014,2014-04-29,11,POWIAT WYSZKOWSKI,WYSZKÓW - OBSZAR MIEJSKI,Droga gminna,GMINNA,Jednojezdniowa dwukierunkowa,Odcinek prosty,Obszar zabudowany,21.4771388888889,52.5956944444445,Jezdnia,Dobre warunki atmosferyczne,Światło dzienne,Najechanie na pieszego,1,0,0,Nieokreślone (puste pole),N,,,,,,,,,,
EWK-98220702W,2014,2014-04-30,16,POWIAT RADOM,RADOM - OBSZAR MIEJSKI,Droga powiatowa,P5348W,Jednojezdniowa dwukierunkowa,Odcinek prosty,Obszar niezabudowany,21.1575,51.4586666666667,Jezdnia,Dobre warunki atmosferyczne,Światło dzienne,Najechanie na pieszego,1,0,1,Lekko,N,,,,,,,,,,
EWK-98220702W,2014,2014-04-30,16,POWIAT RADOM,RADOM - OBSZAR MIEJSKI,Droga powiatowa,P5348W,Jednojezdniowa dwukierunkowa,Odcinek prosty,Obszar niezabudowany,21.1575,51.4586666666667,Jezdnia,Dobre warunki atmosferyczne,Światło dzienne,Najechanie na pieszego,1,0,0,Nieokreślone (puste pole),N,,,,,,,,,,
EWK-98221732P,2014,2014-05-04,17,POWIAT RADOMSKI,ZAKRZEW - OBSZAR WIEJSKI,Droga wojewódzka,740,Jednojezdniowa dwukierunkowa,Odcinek prosty,Obszar zabudowany,20.9958333333333,51.4446388888889,Jezdnia,Dobre warunki atmosferyczne,Światło dzienne,Najechanie na pieszego,1,0,1,Ciężko,N,,,,,,,,,,
EWK-98221732P,2014,2014-05-04,17,POWIAT RADOMSKI,ZAKRZEW - OBSZAR WIEJSKI,Droga wojewódzka,740,Jednojezdniowa dwukierunkowa,Odcinek prosty,Obszar zabudowany,20.9958333333333,51.4446388888889,Jezdnia,Dobre warunki atmosferyczne,Światło dzienne,Najechanie na pieszego,1,0,0,Nieokreślone (puste pole),N,,,,,,,,,,
EWK-98228960T,2014,2014-05-05,14,POWIAT WYSZKOWSKI,WYSZKÓW - OBSZAR MIEJSKI,Droga gminna,G440591W,Jednojezdniowa dwukierunkowa,Odcinek prosty,Obszar zabudowany,21.4530277777778,52.6059722222222,Jezdnia,Dobre warunki atmosferyczne,Światło dzienne,Najechanie na pieszego,1,0,1,Ciężko,N,,,,,,,,,,
EWK-98228960T,2014,2014-05-05,14,POWIAT WYSZKOWSKI,WYSZKÓW - OBSZAR MIEJSKI,Droga gminna,G440591W,Jednojezdniowa dwukierunkowa,Odcinek prosty,Obszar zabudowany,21.4530277777778,52.6059722222222,Jezdnia,Dobre warunki atmosferyczne,Światło dzienne,Najechanie na pieszego,1,0,0,Nieokreślone (puste pole),N,,,,,,,,,,
EWK-98229612K,2014,2014-05-09,7,POWIAT RADOM,RADOM - OBSZAR MIEJSKI,Droga gminna,G530034W,Jednojezdniowa dwukierunkowa,Odcinek prosty,Obszar zabudowany,21.15875,51.3870277777778,Jezdnia,Dobre warunki atmosferyczne,Światło dzienne,Najechanie na pieszego,1,0,1,Lekko,N,,,,,,,,,,
EWK-98229612K,2014,2014-05-09,7,POWIAT RADOM,RADOM - OBSZAR MIEJSKI,Droga gminna,G530034W,Jednojezdniowa dwukierunkowa,Odcinek prosty,Obszar zabudowany,21.15875,51.3870277777778,Jezdnia,Dobre warunki atmosferyczne,Światło dzienne,Najechanie na pieszego,1,0,0,Nieokreślone (puste pole),N,,,,,,,,,,
EWK-98233605G,2014,2014-05-14,10,POWIAT GRÓJECKI,JASIENIEC - OBSZAR WIEJSKI,Droga powiatowa,P,Jednojezdniowa dwukierunkowa,,Obszar zabudowany,20.8954166666667,51.8149166666667,Jezdnia,Dobre warunki atmosferyczne,Światło dzienne,Najechanie na pieszego,1,0,1,Lekko,N,,,,,,,,,,
EWK-98233605G,2014,2014-05-14,10,POWIAT GRÓJECKI,JASIENIEC - OBSZAR WIEJSKI,Droga powiatowa,P,Jednojezdniowa dwukierunkowa,,Obszar zabudowany,20.8954166666667,51.8149166666667,Jezdnia,Dobre warunki atmosferyczne,Światło dzienne,Najechanie na pieszego,1,0,0,Nieokreślone (puste pole),N,,,,,,,,,,
EWK-98239624P,2014,2014-05-19,11,POWIAT SOCHACZEWSKI,SOCHACZEW - OBSZAR MIEJSKI,Droga gminna,GMINNA,Jednojezdniowa dwukierunkowa,Odcinek prosty,Obszar zabudowany,20.2456944444444,52.2226666666667,Jezdnia,Dobre warunki atmosferyczne,Światło dzienne,Najechanie na pieszego,1,0,1,Ciężko,N,,,,,,,,,,
EWK-98239624P,2014,2014-05-19,11,POWIAT SOCHACZEWSKI,SOCHACZEW - OBSZAR MIEJSKI,Droga gminna,GMINNA,Jednojezdniowa dwukierunkowa,Odcinek prosty,Obszar zabudowany,20.2456944444444,52.2226666666667,Jezdnia,Dobre warunki atmosferyczne,Światło dzienne,Najechanie na pieszego,1,0,0,Nieokreślone (puste pole),N,,,,,,,,,,
EWK-98245784X,2014,2014-05-17,17,POWIAT OSTROŁĘCKI,LELIS - OBSZAR WIEJSKI,Droga powiatowa,2537W,Jednojezdniowa dwukierunkowa,Odcinek prosty,Obszar zabudowany,21.5575833333333,53.1777777777778,Jezdnia,Dobre warunki atmosferyczne,Światło dzienne,Najechanie na pieszego,1,0,1,Lekko,N,,,,,,,,,,
EWK-98245784X,2014,2014-05-17,17,POWIAT OSTROŁĘCKI,LELIS - OBSZAR WIEJSKI,Droga powiatowa,2537W,Jednojezdniowa dwukierunkowa,Odcinek prosty,Obszar zabudowany,21.5575833333333,53.1777777777778,Jezdnia,Dobre warunki atmosferyczne,Światło dzienne,Najechanie na pieszego,1,0,0,Nieokreślone (puste pole),N,,,,,,,,,,
EWK-98246208R,2014,2014-05-22,15,POWIAT RADOM,RADOM - OBSZAR MIEJSKI,Droga powiatowa,P5321W,Dwie jezdnie jednokierunkowe,Odcinek prosty,Obszar zabudowany,21.1540277777778,51.3915833333333,Jezdnia,Dobre warunki atmosferyczne,Światło dzienne,Najechanie na pieszego,1,0,1,Lekko,N,,,,,,,,,,
EWK-98246208R,2014,2014-05-22,15,POWIAT RADOM,RADOM - OBSZAR MIEJSKI,Droga powiatowa,P5321W,Dwie jezdnie jednokierunkowe,Odcinek prosty,Obszar zabudowany,21.1540277777778,51.3915833333333,Jezdnia,Dobre warunki atmosferyczne,Światło dzienne,Najechanie na pieszego,1,0,0,Nieokreślone (puste pole),N,,,,,,,,,,
EWK-98248370X,2014,2014-05-23,18,POWIAT SZYDŁOWIECKI,MIRÓW - OBSZAR WIEJSKI,Droga powiatowa,P4015W,Jednojezdniowa dwukierunkowa,Odcinek prosty,Obszar zabudowany,21.0558611111111,51.2178888888889,Jezdnia,Dobre warunki atmosferyczne,Światło dzienne,Najechanie na pieszego,1,0,1,Lekko,N,,,,,,,,,,
EWK-98248370X,2014,2014-05-23,18,POWIAT SZYDŁOWIECKI,MIRÓW - OBSZAR WIEJSKI,Droga powiatowa,P4015W,Jednojezdniowa dwukierunkowa,Odcinek prosty,Obszar zabudowany,21.0558611111111,51.2178888888889,Jezdnia,Dobre warunki atmosferyczne,Światło dzienne,Najechanie na pieszego,1,0,0,Nieokreślone (puste pole),N,,,,,,,,,,
EWK-98254248W,2014,2014-05-24,16,POWIAT WYSZKOWSKI,SOMIANKA - OBSZAR WIEJSKI,Droga krajowa,62,Jednojezdniowa dwukierunkowa,Odcinek prosty,Obszar zabudowany,21.3220833333333,52.5711944444445,Jezdnia,Dobre warunki atmosferyczne,Światło dzienne,Najechanie na pieszego,1,0,1,Ciężko,T,,,,,,,,,,
EWK-98254248W,2014,2014-05-24,16,POWIAT WYSZKOWSKI,SOMIANKA - OBSZAR WIEJSKI,Droga krajowa,62,Jednojezdniowa dwukierunkowa,Odcinek prosty,Obszar zabudowany,21.3220833333333,52.5711944444445,Jezdnia,Dobre warunki atmosferyczne,Światło dzienne,Najechanie na pieszego,1,0,0,Nieokreślone (puste pole),T,,,,,,,,,,
EWK-98267241P,2014,2014-06-06,21,POWIAT RADOM,RADOM - OBSZAR MIEJSKI,Droga wojewódzka,740,Jednojezdniowa dwukierunkowa,Odcinek prosty,Obszar zabudowany,21.1198333333333,51.4079166666667,Jezdnia,Dobre warunki atmosferyczne,Światło dzienne,Najechanie na pieszego,1,0,1,Lekko,N,,,,,,,,,,
EWK-98267241P,2014,2014-06-06,21,POWIAT RADOM,RADOM - OBSZAR MIEJSKI,Droga wojewódzka,740,Jednojezdniowa dwukierunkowa,Odcinek prosty,Obszar zabudowany,21.1198333333333,51.4079166666667,Jezdnia,Dobre warunki atmosferyczne,Światło dzienne,Najechanie na pieszego,1,0,0,Nieokreślone (puste pole),N,,,,,,,,,,
EWK-98267350W,2014,2014-06-07,10,POWIAT WĘGROWSKI,KORYTNICA - OBSZAR WIEJSKI,Droga powiatowa,36210,Jednojezdniowa dwukierunkowa,Odcinek prosty,Obszar zabudowany,21.8413611111111,52.4398055555556,Jezdnia,Dobre warunki atmosferyczne,Światło dzienne,Najechanie na pieszego,1,0,1,Lekko,N,,,,,,,,,,
EWK-98267350W,2014,2014-06-07,10,POWIAT WĘGROWSKI,KORYTNICA - OBSZAR WIEJSKI,Droga powiatowa,36210,Jednojezdniowa dwukierunkowa,Odcinek prosty,Obszar zabudowany,21.8413611111111,52.4398055555556,Jezdnia,Dobre warunki atmosferyczne,Światło dzienne,Najechanie na pieszego,1,0,0,Nieokreślone (puste pole),N,,,,,,,,,,
EWK-98269251W,2014,2014-06-09,13,POWIAT GRÓJECKI,JASIENIEC - OBSZAR WIEJSKI,Droga wojewódzka,730,Jednojezdniowa dwukierunkowa,,Obszar zabudowany,20.9552222222222,51.8217777777778,Jezdnia,Dobre warunki atmosferyczne,Światło dzienne,Najechanie na pieszego,1,0,1,Lekko,N,,,,,,,,,,