IDKSIP,year,date,hour,district,district_commune,road_category,road_number,type_of_road,road_geometry,area,Longitude,Latitude,char_place_of_the_event,weather_conditions,lighting,type_of_accident,num_of_accidents,num_of_fatalities,num_of_injured,type_of_injury,is_offender_intoxicated,,,,,,,,,,
EWK-98249251C,2014,2014-05-25,10,POWIAT RADOMSKI,JEDLIŃSK - OBSZAR WIEJSKI,Droga krajowa,7,Jednojezdniowa dwukierunkowa,Odcinek prosty,Obszar niezabudowany,21.1383055555556,51.4655277777778,Jezdnia,Dobre warunki atmosferyczne,Światło dzienne,Zdarzenie z pasażerem,1,0,1,Lekko,N,,,,,,,,,,
EWK-98249251C,2014,2014-05-25,10,POWIAT RADOMSKI,JEDLIŃSK - OBSZAR WIEJSKI,Droga krajowa,7,Jednojezdniowa dwukierunkowa,Odcinek prosty,Obszar niezabudowany,21.1383055555556,51.4655277777778,Jezdnia,Dobre warunki atmosferyczne,Światło dzienne,Zdarzenie z pasażerem,1,0,0,Nieokreślone (puste pole),N,,,,,,,,,,
EWK-98277408R,2014,2014-06-14,20,POWIAT RADOM,RADOM - OBSZAR MIEJSKI,Droga powiatowa,P5302W,Jednojezdniowa dwukierunkowa,Odcinek prosty,Obszar zabudowany,21.1364722222222,51.4103055555556,Jezdnia,Dobre warunki atmosferyczne,Światło dzienne,Zderzenie pojazdów boczne,1,0,6,Lekko,N,,,,,,,,,,
EWK-98277408R,2014,2014-06-14,20,POWIAT RADOM,RADOM - OBSZAR MIEJSKI,Droga powiatowa,P5302W,Jednojezdniowa dwukierunkowa,Odcinek prosty,Obszar zabudowany,21.1364722222222,51.4103055555556,Jezdnia,Dobre warunki atmosferyczne,Światło dzienne,Zderzenie pojazdów boczne,1,0,0,Nieokreślone (puste pole),N,,,,,,,,,,
EWK-98681362R,2014,2014-12-12,7,POWIAT RADOM,RADOM - OBSZAR MIEJSKI,Droga gminna,G530152W,Jednojezdniowa dwukierunkowa,Odcinek prosty,Obszar zabudowany,21.1236111111111,51.3758333333333,Jezdnia,Dobre warunki atmosferyczne,Światło dzienne,Zderzenie pojazdów boczne,1,0,1,Lekko,N,,,,,,,,,,
EWK-98681362R,2014,2014-12-12,7,POWIAT RADOM,RADOM - OBSZAR MIEJSKI,Droga gminna,G530152W,Jednojezdniowa dwukierunkowa,Odcinek prosty,Obszar zabudowany,21.1236111111111,51.3758333333333,Jezdnia,Dobre warunki atmosferyczne,Światło dzienne,Zderzenie pojazdów boczne,1,0,0,Nieokreślone (puste pole),N,,,,,,,,,,
EWK-98340264D,2014,2014-07-29,18,POWIAT RADOM,RADOM - OBSZAR MIEJSKI,Droga wojewódzka,744,Jednojezdniowa dwukierunkowa,Odcinek prosty,Obszar zabudowany,21.1306111111111,51.38775,Przejście dla pieszych,Dobre warunki atmosferyczne,Światło dzienne,Zderzenie pojazdów boczne,1,0,1,Lekko,N,,,,,,,,,,
EWK-98340264D,2014,2014-07-29,18,POWIAT RADOM,RADOM - OBSZAR MIEJSKI,Droga wojewódzka,744,Jednojezdniowa dwukierunkowa,Odcinek prosty,Obszar zabudowany,21.1306111111111,51.38775,Przejście dla pieszych,Dobre warunki atmosferyczne,Światło dzienne,Zderzenie pojazdów boczne,1,0,0,Nieokreślone (puste pole),N,,,,,,,,,,
EWK-98442103E,2014,2014-10-03,18,POWIAT OSTROWSKI,OSTRÓW MAZOWIECKA - OBSZAR MIEJSKI,Droga gminna,GMINNA,Jednojezdniowa dwukierunkowa,Odcinek prosty,Obszar zabudowany,21.8885833333333,52.8046944444444,Jezdnia,Dobre warunki atmosferyczne,"Zmrok, świt",Zderzenie pojazdów czołowe,1,0,3,Ciężko,T,,,,,,,,,,
EWK-98181576U,2014,2014-04-02,16,POWIAT SOCHACZEWSKI,TERESIN - OBSZAR WIEJSKI,Droga krajowa,92,Jednojezdniowa dwukierunkowa,,Obszar niezabudowany,20.46325,52.2089166666667,Jezdnia,Dobre warunki atmosferyczne,Światło dzienne,Zderzenie pojazdów tylne,1,0,1,Ciężko,N,,,,,,,,,,
EWK-98181576U,2014,2014-04-02,16,POWIAT SOCHACZEWSKI,TERESIN - OBSZAR WIEJSKI,Droga krajowa,92,Jednojezdniowa dwukierunkowa,,Obszar niezabudowany,20.46325,52.2089166666667,Jezdnia,Dobre warunki atmosferyczne,Światło dzienne,Zderzenie pojazdów tylne,1,0,0,Nieokreślone (puste pole),N,,,,,,,,,,
EWK-98139145J,2014,2014-02-24,5,POWIAT SOKOŁOWSKI,BIELANY - OBSZAR WIEJSKI,Droga krajowa,63,Jednojezdniowa dwukierunkowa,Odcinek prosty,Obszar niezabudowany,22.2529722222222,52.3767222222222,Jezdnia,"Mgła, dym",Noc - droga nieoświetlona,Najechanie na pieszego,1,0,1,Ciężko,T,,,,,,,,,,
EWK-98139145J,2014,2014-02-24,5,POWIAT SOKOŁOWSKI,BIELANY - OBSZAR WIEJSKI,Droga krajowa,63,Jednojezdniowa dwukierunkowa,Odcinek prosty,Obszar niezabudowany,22.2529722222222,52.3767222222222,Jezdnia,"Mgła, dym",Noc - droga nieoświetlona,Najechanie na pieszego,1,0,0,Nieokreślone (puste pole),T,,,,,,,,,,
EWK-98622262G,2014,2014-10-27,0,POWIAT GRÓJECKI,BŁĘDÓW - OBSZAR WIEJSKI,Droga powiatowa,P,Jednojezdniowa dwukierunkowa,Odcinek prosty,Obszar niezabudowany,20.6379444444444,51.7389722222222,Jezdnia,"Mgła, dym",Noc - droga nieoświetlona,Najechanie na pieszego,1,1,0,Nieokreślone (puste pole),N,,,,,,,,,,
EWK-98623216Y,2014,2014-10-27,18,POWIAT LIPSKI,LIPSKO - OBSZAR WIEJSKI,Droga krajowa,79,Jednojezdniowa dwukierunkowa,"Zakręt, łuk",Obszar niezabudowany,21.6372222222222,51.1905555555556,Jezdnia,"Mgła, dym",Noc - droga nieoświetlona,Najechanie na pieszego,1,0,1,Ciężko,N,,,,,,,,,,
EWK-98623216Y,2014,2014-10-27,18,POWIAT LIPSKI,LIPSKO - OBSZAR WIEJSKI,Droga krajowa,79,Jednojezdniowa dwukierunkowa,"Zakręt, łuk",Obszar niezabudowany,21.6372222222222,51.1905555555556,Jezdnia,"Mgła, dym",Noc - droga nieoświetlona,Najechanie na pieszego,1,0,0,Nieokreślone (puste pole),N,,,,,,,,,,
EWK-98670106G,2014,2014-12-04,18,POWIAT CIECHANOWSKI,OPINOGÓRA GÓRNA - OBSZAR WIEJSKI,Droga gminna,G120722W,Jednojezdniowa dwukierunkowa,Odcinek prosty,Obszar zabudowany,20.7067777777778,52.8981666666667,Pobocze,"Mgła, dym",Noc - droga nieoświetlona,Najechanie na pieszego,1,0,1,Ciężko,N,,,,,,,,,,
EWK-98670106G,2014,2014-12-04,18,POWIAT CIECHANOWSKI,OPINOGÓRA GÓRNA - OBSZAR WIEJSKI,Droga gminna,G120722W,Jednojezdniowa dwukierunkowa,Odcinek prosty,Obszar zabudowany,20.7067777777778,52.8981666666667,Pobocze,"Mgła, dym",Noc - droga nieoświetlona,Najechanie na pieszego,1,0,0,Nieokreślone (puste pole),N,,,,,,,,,,
EWK-98453148X,2014,2014-10-12,4,POWIAT SOCHACZEWSKI,SOCHACZEW - OBSZAR MIEJSKI,Droga wojewódzka,705,Jednojezdniowa dwukierunkowa,"Zakręt, łuk",Obszar zabudowany,20.2133333333333,52.2154166666667,Jezdnia,"Mgła, dym",Noc - droga oświetlona,Najechanie na pieszego,1,1,0,Nieokreślone (puste pole),N,,,,,,,,,,
EWK-98642341X,2014,2014-11-10,16,POWIAT KOZIENICKI,KOZIENICE - OBSZAR WIEJSKI,Droga krajowa,79,Jednojezdniowa dwukierunkowa,Odcinek prosty,Obszar niezabudowany,21.4613888888889,51.6455277777778,Jezdnia,"Mgła, dym","Zmrok, świt",Najechanie na pieszego,1,0,1,Lekko,N,,,,,,,,,,
EWK-98642341X,2014,2014-11-10,16,POWIAT KOZIENICKI,KOZIENICE - OBSZAR WIEJSKI,Droga krajowa,79,Jednojezdniowa dwukierunkowa,Odcinek prosty,Obszar niezabudowany,21.4613888888889,51.6455277777778,Jezdnia,"Mgła, dym","Zmrok, świt",Najechanie na pieszego,1,0,0,Nieokreślone (puste pole),N,,,,,,,,,,
EWK-98660802E,2014,2014-11-25,16,POWIAT PUŁTUSKI,PUŁTUSK - OBSZAR MIEJSKI,Droga powiatowa,P3403W,Jednojezdniowa dwukierunkowa,Odcinek prosty,Obszar zabudowany,21.0800277777778,52.7262222222222,Przejście dla pieszych,"Mgła, dym","Zmrok, świt",Najechanie na pieszego,1,0,1,Lekko,N,,,,,,,,,,
EWK-98660802E,2014,2014-11-25,16,POWIAT PUŁTUSKI,PUŁTUSK - OBSZAR MIEJSKI,Droga powiatowa,P3403W,Jednojezdniowa dwukierunkowa,Odcinek prosty,Obszar zabudowany,21.0800277777778,52.7262222222222,Przejście dla pieszych,"Mgła, dym","Zmrok, świt",Najechanie na pieszego,1,0,0,Nieokreślone (puste pole),N,,,,,,,,,,
EWK-98262213N,2014,2014-06-04,7,POWIAT SOCHACZEWSKI,SOCHACZEW - OBSZAR MIEJSKI,Droga powiatowa,3815W,Jednojezdniowa dwukierunkowa,Odcinek prosty,Obszar zabudowany,20.2429444444444,52.2468888888889,Jezdnia,"Mgła, dym",Światło dzienne,Najechanie na pieszego,1,0,1,Ciężko,N,,,,,,,,,,
EWK-98262213N,2014,2014-06-04,7,POWIAT SOCHACZEWSKI,SOCHACZEW - OBSZAR MIEJSKI,Droga powiatowa,3815W,Jednojezdniowa dwukierunkowa,Odcinek prosty,Obszar zabudowany,20.2429444444444,52.2468888888889,Jezdnia,"Mgła, dym",Światło dzienne,Najechanie na pieszego,1,0,0,Nieokreślone (puste pole),N,,,,,,,,,,
EWK-98458430X,2014,2014-10-11,8,POWIAT RADOMSKI,JEDLIŃSK - OBSZAR WIEJSKI,Droga powiatowa,34418W,Jednojezdniowa dwukierunkowa,Odcinek prosty,Obszar zabudowany,21.2074444444444,51.5261388888889,Pobocze,"Mgła, dym",Światło dzienne,Najechanie na pieszego,1,0,1,Lekko,N,,,,,,,,,,
EWK-98458430X,2014,2014-10-11,8,POWIAT RADOMSKI,JEDLIŃSK - OBSZAR WIEJSKI,Droga powiatowa,34418W,Jednojezdniowa dwukierunkowa,Odcinek prosty,Obszar zabudowany,21.2074444444444,51.5261388888889,Pobocze,"Mgła, dym",Światło dzienne,Najechanie na pieszego,1,0,0,Nieokreślone (puste pole),N,,,,,,,,,,
EWK-98092382U,2014,2014-01-14,18,POWIAT RADOM,RADOM - OBSZAR MIEJSKI,Droga powiatowa,P5301W,Jednojezdniowa dwukierunkowa,Odcinek prosty,Obszar zabudowany,21.1628055555556,51.4277777777778,Jezdnia,Opady deszczu,Noc - droga nieoświetlona,Najechanie na pieszego,1,0,1,Lekko,N,,,,,,,,,,
EWK-98092382U,2014,2014-01-14,18,POWIAT RADOM,RADOM - OBSZAR MIEJSKI,Droga powiatowa,P5301W,Jednojezdniowa dwukierunkowa,Odcinek prosty,Obszar zabudowany,21.1628055555556,51.4277777777778,Jezdnia,Opady deszczu,Noc - droga nieoświetlona,Najechanie na pieszego,1,0,0,Nieokreślone (puste pole),N,,,,,,,,,,
EWK-98218849H,2014,2014-04-27,3,POWIAT SIEDLECKI,WIŚNIEW - OBSZAR WIEJSKI,Droga krajowa,63,Jednojezdniowa dwukierunkowa,Odcinek prosty,Obszar niezabudowany,22.2925833333333,52.0600833333333,Jezdnia,Opady deszczu,Noc - droga nieoświetlona,Najechanie na pieszego,1,0,1,Ciężko,N,,,,,,,,,,
EWK-98218849H,2014,2014-04-27,3,POWIAT SIEDLECKI,WIŚNIEW - OBSZAR WIEJSKI,Droga krajowa,63,Jednojezdniowa dwukierunkowa,Odcinek prosty,Obszar niezabudowany,22.2925833333333,52.0600833333333,Jezdnia,Opady deszczu,Noc - droga nieoświetlona,Najechanie na pieszego,1,0,0,Nieokreślone (puste pole),N,,,,,,,,,,
EWK-98357777W,2014,2014-08-14,1,POWIAT GOSTYNIŃSKI,GOSTYNIN - OBSZAR WIEJSKI,Droga krajowa,S60G,Jednojezdniowa dwukierunkowa,Odcinek prosty,Obszar niezabudowany,19.5303055555556,52.4549166666667,Jezdnia,Opady deszczu,Noc - droga nieoświetlona,Najechanie na pieszego,1,1,0,Nieokreślone (puste pole),N,,,,,,,,,,
EWK-98389797D,2014,2014-09-01,21,POWIAT SOCHACZEWSKI,IŁÓW - OBSZAR WIEJSKI,Droga wojewódzka,577,Jednojezdniowa dwukierunkowa,Odcinek prosty,Obszar niezabudowany,20.0618055555556,52.2959722222222,Jezdnia,Opady deszczu,Noc - droga nieoświetlona,Najechanie na pieszego,1,0,1,Lekko,N,,,,,,,,,,
EWK-98389797D,2014,2014-09-01,21,POWIAT SOCHACZEWSKI,IŁÓW - OBSZAR WIEJSKI,Droga wojewódzka,577,Jednojezdniowa dwukierunkowa,Odcinek prosty,Obszar niezabudowany,20.0618055555556,52.2959722222222,Jezdnia,Opady deszczu,Noc - droga nieoświetlona,Najechanie na pieszego,1,0,0,Nieokreślone (puste pole),N,,,,,,,,,,
EWK-98476371W,2014,2014-10-16,18,POWIAT RADOMSKI,IŁŻA - OBSZAR WIEJSKI,Droga powiatowa,P3550W,Jednojezdniowa dwukierunkowa,Odcinek prosty,Obszar zabudowany,21.2543055555556,51.1456666666667,Jezdnia,Opady deszczu,Noc - droga nieoświetlona,Najechanie na pieszego,1,0,1,Ciężko,N,,,,,,,,,,
EWK-98476371W,2014,2014-10-16,18,POWIAT RADOMSKI,IŁŻA - OBSZAR WIEJSKI,Droga powiatowa,P3550W,Jednojezdniowa dwukierunkowa,Odcinek prosty,Obszar zabudowany,21.2543055555556,51.1456666666667,Jezdnia,Opady deszczu,Noc - droga nieoświetlona,Najechanie na pieszego,1,0,0,Nieokreślone (puste pole),N,,,,,,,,,,
EWK-98688605X,2014,2014-12-18,22,POWIAT SOKOŁOWSKI,STERDYŃ - OBSZAR WIEJSKI,Droga krajowa,63,Jednojezdniowa dwukierunkowa,Odcinek prosty,Obszar zabudowany,22.2984444444444,52.5744166666667,Jezdnia,Opady deszczu,Noc - droga nieoświetlona,Najechanie na pieszego,1,1,0,Nieokreślone (puste pole),N,,,,,,,,,,
EWK-98693432C,2014,2014-12-20,20,POWIAT CIECHANOWSKI,SOŃSK - OBSZAR WIEJSKI,Droga powiatowa,P2421W,Jednojezdniowa dwukierunkowa,Odcinek prosty,Obszar niezabudowany,20.6711944444444,52.8159166666667,Jezdnia,Opady deszczu,Noc - droga nieoświetlona,Najechanie na pieszego,1,1,0,Nieokreślone (puste pole),N,,,,,,,,,,
EWK-98694641L,2014,2014-12-19,20,POWIAT GRÓJECKI,MOGIELNICA - OBSZAR WIEJSKI,Droga powiatowa,P,Jednojezdniowa dwukierunkowa,Odcinek prosty,Obszar zabudowany,20.6999722222222,51.7258055555556,Jezdnia,Opady deszczu,Noc - droga nieoświetlona,Najechanie na pieszego,1,1,0,Nieokreślone (puste pole),N,,,,,,,,,,
EWK-98694913T,2014,2014-12-21,19,POWIAT CIECHANOWSKI,OPINOGÓRA GÓRNA - OBSZAR WIEJSKI,Droga wojewódzka,617,Jednojezdniowa dwukierunkowa,Odcinek prosty,Obszar niezabudowany,20.7256666666667,52.941,Jezdnia,Opady deszczu,Noc - droga nieoświetlona,Najechanie na pieszego,1,1,0,Nieokreślone (puste pole),T,,,,,,,,,,
EWK-98696593U,2014,2014-12-19,19,POWIAT RADOM,RADOM - OBSZAR MIEJSKI,Droga gminna,GMINNA,Jednojezdniowa dwukierunkowa,Odcinek prosty,Obszar zabudowany,21.1963611111111,51.3923611111111,Jezdnia,Opady deszczu,Noc - droga nieoświetlona,Najechanie na pieszego,1,0,1,Ciężko,N,,,,,,,,,,
EWK-98696593U,2014,2014-12-19,19,POWIAT RADOM,RADOM - OBSZAR MIEJSKI,Droga gminna,GMINNA,Jednojezdniowa dwukierunkowa,Odcinek prosty,Obszar zabudowany,21.1963611111111,51.3923611111111,Jezdnia,Opady deszczu,Noc - droga nieoświetlona,Najechanie na pieszego,1,0,0,Nieokreślone (puste pole),N,,,,,,,,,,
EWK-98699379N,2014,2014-12-24,16,POWIAT CIECHANOWSKI,OJRZEŃ - OBSZAR WIEJSKI,Droga krajowa,50,Jednojezdniowa dwukierunkowa,Odcinek prosty,Obszar niezabudowany,20.5708333333333,52.7924444444444,Jezdnia,Opady deszczu,Noc - droga nieoświetlona,Najechanie na pieszego,1,1,0,Nieokreślone (puste pole),N,,,,,,,,,,
EWK-98699579K,2014,2014-12-26,3,POWIAT BIAŁOBRZESKI,STARA BŁOTNICA - OBSZAR WIEJSKI,Droga powiatowa,34410W,Jednojezdniowa dwukierunkowa,Odcinek prosty,Obszar niezabudowany,20.9998333333333,51.5431388888889,Jezdnia,Opady deszczu,Noc - droga nieoświetlona,Najechanie na pieszego,1,0,1,Lekko,T,,,,,,,,,,
EWK-98699579K,2014,2014-12-26,3,POWIAT BIAŁOBRZESKI,STARA BŁOTNICA - OBSZAR WIEJSKI,Droga powiatowa,34410W,Jednojezdniowa dwukierunkowa,Odcinek prosty,Obszar niezabudowany,20.9998333333333,51.5431388888889,Jezdnia,Opady deszczu,Noc - droga nieoświetlona,Najechanie na pieszego,1,0,0,Nieokreślone (puste pole),T,,,,,,,,,,
EWK-98700616C,2014,2014-12-25,1,POWIAT KOZIENICKI,GŁOWACZÓW - OBSZAR WIEJSKI,Droga powiatowa,P1716W,Jednojezdniowa dwukierunkowa,Odcinek prosty,Obszar niezabudowany,21.3888888888889,51.5586944444444,Jezdnia,Opady deszczu,Noc - droga nieoświetlona,Najechanie na pieszego,1,1,0,Nieokreślone (puste pole),T,,,,,,,,,,
EWK-98703907M,2014,2014-12-22,16,POWIAT MAKOWSKI,MŁYNARZE - OBSZAR WIEJSKI,Droga krajowa,61,Jednojezdniowa dwukierunkowa,Odcinek prosty,Obszar zabudowany,21.4055555555556,52.944,Jezdnia,Opady deszczu,Noc - droga nieoświetlona,Najechanie na pieszego,1,1,0,Nieokreślone (puste pole),N,,,,,,,,,,
EWK-98319160Y,2014,2014-07-11,23,POWIAT RADOMSKI,JEDLIŃSK - OBSZAR WIEJSKI,Droga krajowa,7,Dwie jezdnie jednokierunkowe,Odcinek prosty,Obszar niezabudowany,21.1260277777778,51.48225,Przejście dla pieszych,Opady deszczu,Noc - droga nieoświetlona,Najechanie na pieszego,1,1,0,Nieokreślone (puste pole),N,,,,,,,,,,
EWK-98443580T,2014,2014-10-01,19,POWIAT GRÓJECKI,GRÓJEC - OBSZAR WIEJSKI,Droga krajowa,7,Dwie jezdnie jednokierunkowe,Odcinek prosty,Obszar niezabudowany,20.8497777777778,51.9292222222222,Przejście dla pieszych,Opady deszczu,Noc - droga nieoświetlona,Najechanie na pieszego,1,0,1,Ciężko,N,,,,,,,,,,
EWK-98443580T,2014,2014-10-01,19,POWIAT GRÓJECKI,GRÓJEC - OBSZAR WIEJSKI,Droga krajowa,7,Dwie jezdnie jednokierunkowe,Odcinek prosty,Obszar niezabudowany,20.8497777777778,51.9292222222222,Przejście dla pieszych,Opady deszczu,Noc - droga nieoświetlona,Najechanie na pieszego,1,0,0,Nieokreślone (puste pole),N,,,,,,,,,,
EWK-98091972K,2014,2014-01-14,17,POWIAT RADOMSKI,IŁŻA - OBSZAR WIEJSKI,Droga powiatowa,P3554W,Jednojezdniowa dwukierunkowa,Odcinek prosty,Obszar zabudowany,21.1698611111111,51.15625,Jezdnia,Opady deszczu,Noc - droga oświetlona,Najechanie na pieszego,1,0,1,Ciężko,N,,,,,,,,,,
EWK-98091972K,2014,2014-01-14,17,POWIAT RADOMSKI,IŁŻA - OBSZAR WIEJSKI,Droga powiatowa,P3554W,Jednojezdniowa dwukierunkowa,Odcinek prosty,Obszar zabudowany,21.1698611111111,51.15625,Jezdnia,Opady deszczu,Noc - droga oświetlona,Najechanie na pieszego,1,0,0,Nieokreślone (puste pole),N,,,,,,,,,,
EWK-98092372P,2014,2014-01-14,17,POWIAT RADOM,RADOM - OBSZAR MIEJSKI,Droga krajowa,12,Dwie jezdnie jednokierunkowe,,Obszar zabudowany,21.147,51.3915555555556,Jezdnia,Opady deszczu,Noc - droga oświetlona,Najechanie na pieszego,1,0,1,Ciężko,N,,,,,,,,,,
EWK-98092372P,2014,2014-01-14,17,POWIAT RADOM,RADOM - OBSZAR MIEJSKI,Droga krajowa,12,Dwie jezdnie jednokierunkowe,,Obszar zabudowany,21.147,51.3915555555556,Jezdnia,Opady deszczu,Noc - droga oświetlona,Najechanie na pieszego,1,0,0,Nieokreślone (puste pole),N,,,,,,,,,,
EWK-98130521N,2014,2014-02-12,17,POWIAT WĘGROWSKI,SADOWNE - OBSZAR WIEJSKI,Droga krajowa,50,Jednojezdniowa dwukierunkowa,,Obszar zabudowany,21.8452777777778,52.6410833333333,Jezdnia,Opady deszczu,Noc - droga oświetlona,Najechanie na pieszego,1,1,0,Nieokreślone (puste pole),N,,,,,,,,,,
EWK-98171362C,2014,2014-03-24,18,POWIAT RADOM,RADOM - OBSZAR MIEJSKI,Droga krajowa,9,Jednojezdniowa dwukierunkowa,Odcinek prosty,Obszar zabudowany,21.1749166666667,51.3870277777778,Jezdnia,Opady deszczu,Noc - droga oświetlona,Najechanie na pieszego,1,0,2,Ciężko,N,,,,,,,,,,
EWK-98171362C,2014,2014-03-24,18,POWIAT RADOM,RADOM - OBSZAR MIEJSKI,Droga krajowa,9,Jednojezdniowa dwukierunkowa,Odcinek prosty,Obszar zabudowany,21.1749166666667,51.3870277777778,Jezdnia,Opady deszczu,Noc - droga oświetlona,Najechanie na pieszego,1,0,0,Nieokreślone (puste pole),N,,,,,,,,,,
EWK-98212044G,2014,2014-04-26,20,POWIAT WĘGROWSKI,ŁOCHÓW - OBSZAR WIEJSKI,Droga krajowa,50,Jednojezdniowa dwukierunkowa,Odcinek prosty,Obszar zabudowany,21.6854722222222,52.5314444444444,Jezdnia,Opady deszczu,Noc - droga oświetlona,Najechanie na pieszego,1,0,1,Lekko,N,,,,,,,,,,
EWK-98212044G,2014,2014-04-26,20,POWIAT WĘGROWSKI,ŁOCHÓW - OBSZAR WIEJSKI,Droga krajowa,50,Jednojezdniowa dwukierunkowa,Odcinek prosty,Obszar zabudowany,21.6854722222222,52.5314444444444,Jezdnia,Opady deszczu,Noc - droga oświetlona,Najechanie na pieszego,1,0,0,Nieokreślone (puste pole),N,,,,,,,,,,
EWK-98366299G,2014,2014-08-11,20,POWIAT SIEDLCE,SIEDLCE - OBSZAR MIEJSKI,Droga wojewódzka,W628,Jednojezdniowa dwukierunkowa,,Obszar zabudowany,22.2639444444444,52.1753055555556,Jezdnia,Opady deszczu,Noc - droga oświetlona,Najechanie na pieszego,1,0,1,Lekko,T,,,,,,,,,,
EWK-98366299G,2014,2014-08-11,20,POWIAT SIEDLCE,SIEDLCE - OBSZAR MIEJSKI,Droga wojewódzka,W628,Jednojezdniowa dwukierunkowa,,Obszar zabudowany,22.2639444444444,52.1753055555556,Jezdnia,Opady deszczu,Noc - droga oświetlona,Najechanie na pieszego,1,0,0,Nieokreślone (puste pole),T,,,,,,,,,,
EWK-98385463H,2014,2014-08-27,20,POWIAT RADOMSKI,ZAKRZEW - OBSZAR WIEJSKI,Droga wojewódzka,740,Jednojezdniowa dwukierunkowa,Odcinek prosty,Obszar zabudowany,20.9448055555556,51.4624444444445,Jezdnia,Opady deszczu,Noc - droga oświetlona,Najechanie na pieszego,1,1,0,Nieokreślone (puste pole),N,,,,,,,,,,
EWK-98478255J,2014,2014-10-16,18,POWIAT RADOM,RADOM - OBSZAR MIEJSKI,Droga wojewódzka,740,Jednojezdniowa dwukierunkowa,Odcinek prosty,Obszar zabudowany,21.1086944444444,51.4086388888889,Jezdnia,Opady deszczu,Noc - droga oświetlona,Najechanie na pieszego,1,0,1,Lekko,N,,,,,,,,,,
EWK-98478255J,2014,2014-10-16,18,POWIAT RADOM,RADOM - OBSZAR MIEJSKI,Droga wojewódzka,740,Jednojezdniowa dwukierunkowa,Odcinek prosty,Obszar zabudowany,21.1086944444444,51.4086388888889,Jezdnia,Opady deszczu,Noc - droga oświetlona,Najechanie na pieszego,1,0,0,Nieokreślone (puste pole),N,,,,,,,,,,
EWK-98638487W,2014,2014-11-08,19,POWIAT OSTROWSKI,MAŁKINIA GÓRNA - OBSZAR WIEJSKI,Droga wojewódzka,694,Jednojezdniowa dwukierunkowa,Odcinek prosty,Obszar zabudowany,22.0600277777778,52.6909444444444,Jezdnia,Opady deszczu,Noc - droga oświetlona,Najechanie na pieszego,1,1,0,Nieokreślone (puste pole),T,,,,,,,,,,
EWK-98647127K,2014,2014-11-17,16,POWIAT RADOMSKI,KOWALA - OBSZAR WIEJSKI,Droga powiatowa,34469W,Jednojezdniowa dwukierunkowa,Odcinek prosty,Obszar zabudowany,21.0646944444444,51.3495,Jezdnia,Opady deszczu,Noc - droga oświetlona,Najechanie na pieszego,1,0,1,Lekko,N,,,,,,,,,,
EWK-98647127K,2014,2014-11-17,16,POWIAT RADOMSKI,KOWALA - OBSZAR WIEJSKI,Droga powiatowa,34469W,Jednojezdniowa dwukierunkowa,Odcinek prosty,Obszar zabudowany,21.0646944444444,51.3495,Jezdnia,Opady deszczu,Noc - droga oświetlona,Najechanie na pieszego,1,0,0,Nieokreślone (puste pole),N,,,,,,,,,,
EWK-98693654C,2014,2014-12-22,16,POWIAT OSTROŁĘKA,OSTROŁĘKA - OBSZAR MIEJSKI,Droga powiatowa,P5104W,Jednojezdniowa dwukierunkowa,Odcinek prosty,Obszar zabudowany,21.5890555555556,53.1,Jezdnia,Opady deszczu,Noc - droga oświetlona,Najechanie na pieszego,1,0,1,Lekko,N,,,,,,,,,,
EWK-98693654C,2014,2014-12-22,16,POWIAT OSTROŁĘKA,OSTROŁĘKA - OBSZAR MIEJSKI,Droga powiatowa,P5104W,Jednojezdniowa dwukierunkowa,Odcinek prosty,Obszar zabudowany,21.5890555555556,53.1,Jezdnia,Opady deszczu,Noc - droga oświetlona,Najechanie na pieszego,1,0,0,Nieokreślone (puste pole),N,,,,,,,,,,
EWK-98696012N,2014,2014-12-20,19,POWIAT PŁOCK,PŁOCK - OBSZAR MIEJSKI,Droga powiatowa,P,Jednojezdniowa dwukierunkowa,Odcinek prosty,Obszar zabudowany,19.7758888888889,52.5295555555556,Jezdnia,Opady deszczu,Noc - droga oświetlona,Najechanie na pieszego,1,0,1,Ciężko,N,,,,,,,,,,
EWK-98696012N,2014,2014-12-20,19,POWIAT PŁOCK,PŁOCK - OBSZAR MIEJSKI,Droga powiatowa,P,Jednojezdniowa dwukierunkowa,Odcinek prosty,Obszar zabudowany,19.7758888888889,52.5295555555556,Jezdnia,Opady deszczu,Noc - droga oświetlona,Najechanie na pieszego,1,0,0,Nieokreślone (puste pole),N,,,,,,,,,,
EWK-98697073C,2014,2014-12-20,0,POWIAT RADOM,RADOM - OBSZAR MIEJSKI,Droga powiatowa,P5304W  ,Jednojezdniowa dwukierunkowa,Odcinek prosty,Obszar zabudowany,21.1646666666667,51.4044166666667,Jezdnia,Opady deszczu,Noc - droga oświetlona,Najechanie na pieszego,1,0,1,Ciężko,N,,,,,,,,,,
EWK-98697073C,2014,2014-12-20,0,POWIAT RADOM,RADOM - OBSZAR MIEJSKI,Droga powiatowa,P5304W  ,Jednojezdniowa dwukierunkowa,Odcinek prosty,Obszar zabudowany,21.1646666666667,51.4044166666667,Jezdnia,Opady deszczu,Noc - droga oświetlona,Najechanie na pieszego,1,0,0,Nieokreślone (puste pole),N,,,,,,,,,,
EWK-98698489P,2014,2014-12-23,18,POWIAT SOCHACZEWSKI,SOCHACZEW - OBSZAR MIEJSKI,Droga powiatowa,3847W,Jednojezdniowa dwukierunkowa,Odcinek prosty,Obszar zabudowany,20.2696666666667,52.2441111111111,Jezdnia,Opady deszczu,Noc - droga oświetlona,Najechanie na pieszego,1,0,1,Lekko,N,,,,,,,,,,