IDKSIP,year,date,hour,district,district_commune,road_category,road_number,type_of_road,road_geometry,area,Longitude,Latitude,char_place_of_the_event,weather_conditions,lighting,type_of_accident,num_of_accidents,num_of_fatalities,num_of_injured,type_of_injury,is_offender_intoxicated,,,,,,,,,,
EWK-98698532Q,2014,2014-12-23,15,POWIAT RADOMSKI,PIONKI - OBSZAR MIEJSKI,Droga powiatowa,P3523W,Jednojezdniowa dwukierunkowa,Odcinek prosty,Obszar zabudowany,21.4470833333333,51.4741944444444,Przejście dla pieszych,Opady deszczu,"Zmrok, świt",Najechanie na pieszego,1,0,0,Nieokreślone (puste pole),N,,,,,,,,,,
EWK-98255182P,2014,2014-05-29,9,POWIAT RADOM,RADOM - OBSZAR MIEJSKI,Droga powiatowa,P5321W,Jednojezdniowa dwukierunkowa,Odcinek prosty,Obszar zabudowany,21.1681944444444,51.3989722222222,"Chodnik, droga dla pieszych",Opady deszczu,Światło dzienne,Najechanie na pieszego,1,0,1,Lekko,N,,,,,,,,,,
EWK-98255182P,2014,2014-05-29,9,POWIAT RADOM,RADOM - OBSZAR MIEJSKI,Droga powiatowa,P5321W,Jednojezdniowa dwukierunkowa,Odcinek prosty,Obszar zabudowany,21.1681944444444,51.3989722222222,"Chodnik, droga dla pieszych",Opady deszczu,Światło dzienne,Najechanie na pieszego,1,0,0,Nieokreślone (puste pole),N,,,,,,,,,,
EWK-98162733E,2014,2014-03-15,12,POWIAT GRÓJECKI,CHYNÓW - OBSZAR WIEJSKI,Droga powiatowa,P,Jednojezdniowa dwukierunkowa,Odcinek prosty,Obszar niezabudowany,20.9977777777778,51.89525,Jezdnia,Opady deszczu,Światło dzienne,Najechanie na pieszego,1,0,1,Lekko,N,,,,,,,,,,
EWK-98162733E,2014,2014-03-15,12,POWIAT GRÓJECKI,CHYNÓW - OBSZAR WIEJSKI,Droga powiatowa,P,Jednojezdniowa dwukierunkowa,Odcinek prosty,Obszar niezabudowany,20.9977777777778,51.89525,Jezdnia,Opady deszczu,Światło dzienne,Najechanie na pieszego,1,0,0,Nieokreślone (puste pole),N,,,,,,,,,,
EWK-98175933Q,2014,2014-03-27,12,POWIAT RADOM,RADOM - OBSZAR MIEJSKI,Droga powiatowa,P5339W,Jednojezdniowa dwukierunkowa,Odcinek prosty,Obszar zabudowany,21.1715833333333,51.4075,Jezdnia,Opady deszczu,Światło dzienne,Najechanie na pieszego,1,0,1,Ciężko,N,,,,,,,,,,
EWK-98175933Q,2014,2014-03-27,12,POWIAT RADOM,RADOM - OBSZAR MIEJSKI,Droga powiatowa,P5339W,Jednojezdniowa dwukierunkowa,Odcinek prosty,Obszar zabudowany,21.1715833333333,51.4075,Jezdnia,Opady deszczu,Światło dzienne,Najechanie na pieszego,1,0,1,Lekko,N,,,,,,,,,,
EWK-98175933Q,2014,2014-03-27,12,POWIAT RADOM,RADOM - OBSZAR MIEJSKI,Droga powiatowa,P5339W,Jednojezdniowa dwukierunkowa,Odcinek prosty,Obszar zabudowany,21.1715833333333,51.4075,Jezdnia,Opady deszczu,Światło dzienne,Najechanie na pieszego,1,0,0,Nieokreślone (puste pole),N,,,,,,,,,,
EWK-98193984U,2014,2014-04-10,10,POWIAT RADOM,RADOM - OBSZAR MIEJSKI,Droga powiatowa,P5301W,Dwie jezdnie jednokierunkowe,,Obszar zabudowany,21.1644444444444,51.4285555555556,Jezdnia,Opady deszczu,Światło dzienne,Najechanie na pieszego,1,0,1,Ciężko,N,,,,,,,,,,
EWK-98193984U,2014,2014-04-10,10,POWIAT RADOM,RADOM - OBSZAR MIEJSKI,Droga powiatowa,P5301W,Dwie jezdnie jednokierunkowe,,Obszar zabudowany,21.1644444444444,51.4285555555556,Jezdnia,Opady deszczu,Światło dzienne,Najechanie na pieszego,1,0,0,Nieokreślone (puste pole),N,,,,,,,,,,
EWK-98235441K,2014,2014-05-15,7,POWIAT GRÓJECKI,GRÓJEC - OBSZAR MIEJSKI,Droga gminna,GMINNA,Jednojezdniowa dwukierunkowa,Odcinek prosty,Obszar zabudowany,20.8746666666667,51.8619722222222,Jezdnia,Opady deszczu,Światło dzienne,Najechanie na pieszego,1,0,1,Ciężko,N,,,,,,,,,,
EWK-98235441K,2014,2014-05-15,7,POWIAT GRÓJECKI,GRÓJEC - OBSZAR MIEJSKI,Droga gminna,GMINNA,Jednojezdniowa dwukierunkowa,Odcinek prosty,Obszar zabudowany,20.8746666666667,51.8619722222222,Jezdnia,Opady deszczu,Światło dzienne,Najechanie na pieszego,1,0,0,Nieokreślone (puste pole),N,,,,,,,,,,
EWK-98420890D,2014,2014-09-23,7,POWIAT SIERPECKI,SZCZUTOWO - OBSZAR WIEJSKI,Droga wojewódzka,560,Jednojezdniowa dwukierunkowa,Odcinek prosty,Obszar niezabudowany,19.6302222222222,52.912,Jezdnia,Opady deszczu,Światło dzienne,Najechanie na pieszego,1,0,1,Lekko,N,,,,,,,,,,
EWK-98420890D,2014,2014-09-23,7,POWIAT SIERPECKI,SZCZUTOWO - OBSZAR WIEJSKI,Droga wojewódzka,560,Jednojezdniowa dwukierunkowa,Odcinek prosty,Obszar niezabudowany,19.6302222222222,52.912,Jezdnia,Opady deszczu,Światło dzienne,Najechanie na pieszego,1,0,0,Nieokreślone (puste pole),N,,,,,,,,,,
EWK-98699263T,2014,2014-12-23,7,POWIAT LIPSKI,LIPSKO - OBSZAR MIEJSKI,Droga krajowa,79,Jednojezdniowa dwukierunkowa,Odcinek prosty,Obszar zabudowany,21.6456111111111,51.1552222222222,Jezdnia,Opady deszczu,Światło dzienne,Najechanie na pieszego,1,1,0,Nieokreślone (puste pole),N,,,,,,,,,,
EWK-98125342P,2014,2014-02-10,10,POWIAT RADOM,RADOM - OBSZAR MIEJSKI,Droga krajowa,9,Dwie jezdnie jednokierunkowe,,Obszar zabudowany,21.1793055555556,51.3928888888889,Przejście dla pieszych,Opady deszczu,Światło dzienne,Najechanie na pieszego,1,0,1,Lekko,N,,,,,,,,,,
EWK-98125342P,2014,2014-02-10,10,POWIAT RADOM,RADOM - OBSZAR MIEJSKI,Droga krajowa,9,Dwie jezdnie jednokierunkowe,,Obszar zabudowany,21.1793055555556,51.3928888888889,Przejście dla pieszych,Opady deszczu,Światło dzienne,Najechanie na pieszego,1,0,0,Nieokreślone (puste pole),N,,,,,,,,,,
EWK-98164882R,2014,2014-03-15,14,POWIAT PŁOCK,PŁOCK - OBSZAR MIEJSKI,Droga powiatowa,P,Jednojezdniowa dwukierunkowa,Odcinek prosty,Obszar zabudowany,19.7066666666667,52.5635555555556,Przejście dla pieszych,Opady deszczu,Światło dzienne,Najechanie na pieszego,1,0,1,Lekko,N,,,,,,,,,,
EWK-98164882R,2014,2014-03-15,14,POWIAT PŁOCK,PŁOCK - OBSZAR MIEJSKI,Droga powiatowa,P,Jednojezdniowa dwukierunkowa,Odcinek prosty,Obszar zabudowany,19.7066666666667,52.5635555555556,Przejście dla pieszych,Opady deszczu,Światło dzienne,Najechanie na pieszego,1,0,0,Nieokreślone (puste pole),N,,,,,,,,,,
EWK-98333270H,2014,2014-07-24,7,POWIAT KOZIENICKI,KOZIENICE - OBSZAR MIEJSKI,Droga krajowa,48,Jednojezdniowa dwukierunkowa,Odcinek prosty,Obszar zabudowany,21.5578888888889,51.5805277777778,Przejście dla pieszych,Opady deszczu,Światło dzienne,Najechanie na pieszego,1,0,1,Ciężko,N,,,,,,,,,,
EWK-98333270H,2014,2014-07-24,7,POWIAT KOZIENICKI,KOZIENICE - OBSZAR MIEJSKI,Droga krajowa,48,Jednojezdniowa dwukierunkowa,Odcinek prosty,Obszar zabudowany,21.5578888888889,51.5805277777778,Przejście dla pieszych,Opady deszczu,Światło dzienne,Najechanie na pieszego,1,0,0,Nieokreślone (puste pole),N,,,,,,,,,,
EWK-98405004F,2014,2014-09-11,9,POWIAT RADOM,RADOM - OBSZAR MIEJSKI,Droga krajowa,7,Dwie jezdnie jednokierunkowe,,Obszar zabudowany,21.1243611111111,51.4071666666667,Przejście dla pieszych,Opady deszczu,Światło dzienne,Najechanie na pieszego,1,0,1,Lekko,N,,,,,,,,,,
EWK-98405004F,2014,2014-09-11,9,POWIAT RADOM,RADOM - OBSZAR MIEJSKI,Droga krajowa,7,Dwie jezdnie jednokierunkowe,,Obszar zabudowany,21.1243611111111,51.4071666666667,Przejście dla pieszych,Opady deszczu,Światło dzienne,Najechanie na pieszego,1,0,0,Nieokreślone (puste pole),N,,,,,,,,,,
EWK-98642348W,2014,2014-11-07,8,POWIAT OSTROŁĘKA,OSTROŁĘKA - OBSZAR MIEJSKI,Droga krajowa,61,Dwie jezdnie jednokierunkowe,Odcinek prosty,Obszar zabudowany,21.5595555555556,53.08775,Przejście dla pieszych,Opady deszczu,Światło dzienne,Najechanie na pieszego,1,0,1,Lekko,N,,,,,,,,,,
EWK-98642348W,2014,2014-11-07,8,POWIAT OSTROŁĘKA,OSTROŁĘKA - OBSZAR MIEJSKI,Droga krajowa,61,Dwie jezdnie jednokierunkowe,Odcinek prosty,Obszar zabudowany,21.5595555555556,53.08775,Przejście dla pieszych,Opady deszczu,Światło dzienne,Najechanie na pieszego,1,0,0,Nieokreślone (puste pole),N,,,,,,,,,,
EWK-98693188F,2014,2014-12-19,14,POWIAT SIERPECKI,SIERPC - OBSZAR MIEJSKI,Nieokreślone (puste pole),,Jednojezdniowa dwukierunkowa,Odcinek prosty,Obszar zabudowany,19.6919722222222,52.87775,Przejście dla pieszych,Opady deszczu,Światło dzienne,Najechanie na pieszego,1,0,1,Lekko,N,,,,,,,,,,
EWK-98693188F,2014,2014-12-19,14,POWIAT SIERPECKI,SIERPC - OBSZAR MIEJSKI,Nieokreślone (puste pole),,Jednojezdniowa dwukierunkowa,Odcinek prosty,Obszar zabudowany,19.6919722222222,52.87775,Przejście dla pieszych,Opady deszczu,Światło dzienne,Najechanie na pieszego,1,0,0,Nieokreślone (puste pole),N,,,,,,,,,,
EWK-98446743U,2014,2014-10-01,6,POWIAT ŻYRARDOWSKI,ŻYRARDÓW - OBSZAR MIEJSKI,Droga gminna,GMINNA,Jednojezdniowa dwukierunkowa,,Obszar zabudowany,20.4298055555556,52.0626388888889,Jezdnia,Opady deszczu,Światło dzienne,Zderzenie pojazdów boczne,1,0,1,Ciężko,N,,,,,,,,,,
EWK-98446743U,2014,2014-10-01,6,POWIAT ŻYRARDOWSKI,ŻYRARDÓW - OBSZAR MIEJSKI,Droga gminna,GMINNA,Jednojezdniowa dwukierunkowa,,Obszar zabudowany,20.4298055555556,52.0626388888889,Jezdnia,Opady deszczu,Światło dzienne,Zderzenie pojazdów boczne,1,0,0,Nieokreślone (puste pole),N,,,,,,,,,,
EWK-98693794F,2014,2014-12-11,17,POWIAT RADOM,RADOM - OBSZAR MIEJSKI,Droga powiatowa,P5309W,Jednojezdniowa dwukierunkowa,Odcinek prosty,Obszar zabudowany,21.1603055555556,51.4043333333333,Przejście dla pieszych,Opady deszczu,Noc - droga oświetlona,Zderzenie pojazdów tylne,1,0,1,Ciężko,N,,,,,,,,,,
EWK-98693794F,2014,2014-12-11,17,POWIAT RADOM,RADOM - OBSZAR MIEJSKI,Droga powiatowa,P5309W,Jednojezdniowa dwukierunkowa,Odcinek prosty,Obszar zabudowany,21.1603055555556,51.4043333333333,Przejście dla pieszych,Opady deszczu,Noc - droga oświetlona,Zderzenie pojazdów tylne,1,0,0,Nieokreślone (puste pole),N,,,,,,,,,,
EWK-98096278L,2014,2014-01-19,20,POWIAT PRZASNYSKI,CZERNICE BOROWE - OBSZAR WIEJSKI,Droga wojewódzka,544,Jednojezdniowa dwukierunkowa,,Obszar niezabudowany,20.7857777777778,53.0206388888889,Jezdnia,"Opady śniegu, gradu",Noc - droga nieoświetlona,Najechanie na pieszego,1,0,1,Ciężko,N,,,,,,,,,,
EWK-98096278L,2014,2014-01-19,20,POWIAT PRZASNYSKI,CZERNICE BOROWE - OBSZAR WIEJSKI,Droga wojewódzka,544,Jednojezdniowa dwukierunkowa,,Obszar niezabudowany,20.7857777777778,53.0206388888889,Jezdnia,"Opady śniegu, gradu",Noc - droga nieoświetlona,Najechanie na pieszego,1,0,0,Nieokreślone (puste pole),N,,,,,,,,,,
EWK-98096674A,2014,2014-01-16,19,POWIAT PŁOŃSKI,RACIĄŻ - OBSZAR WIEJSKI,Droga krajowa,60,Jednojezdniowa dwukierunkowa,"Zakręt, łuk",Obszar niezabudowany,20.1009166666667,52.7739722222222,Jezdnia,"Opady śniegu, gradu",Noc - droga nieoświetlona,Najechanie na pieszego,1,1,0,Nieokreślone (puste pole),T,,,,,,,,,,
EWK-98699610F,2014,2014-12-27,17,POWIAT GOSTYNIŃSKI,SANNIKI - OBSZAR WIEJSKI,Droga powiatowa,P1454W,Jednojezdniowa dwukierunkowa,Odcinek prosty,Obszar niezabudowany,19.8759722222222,52.3390833333333,Jezdnia,"Opady śniegu, gradu",Noc - droga nieoświetlona,Najechanie na pieszego,1,1,0,Nieokreślone (puste pole),N,,,,,,,,,,
EWK-98109860E,2014,2014-01-26,19,POWIAT GRÓJECKI,GRÓJEC - OBSZAR WIEJSKI,Nieokreślone (puste pole),,Jednojezdniowa dwukierunkowa,Odcinek prosty,Obszar niezabudowany,20.9445277777778,51.9148611111111,Jezdnia,"Opady śniegu, gradu",Noc - droga oświetlona,Najechanie na pieszego,1,0,1,Ciężko,N,,,,,,,,,,
EWK-98109860E,2014,2014-01-26,19,POWIAT GRÓJECKI,GRÓJEC - OBSZAR WIEJSKI,Nieokreślone (puste pole),,Jednojezdniowa dwukierunkowa,Odcinek prosty,Obszar niezabudowany,20.9445277777778,51.9148611111111,Jezdnia,"Opady śniegu, gradu",Noc - droga oświetlona,Najechanie na pieszego,1,0,0,Nieokreślone (puste pole),N,,,,,,,,,,
EWK-98098048F,2014,2014-01-20,14,POWIAT PŁOCK,PŁOCK - OBSZAR MIEJSKI,Droga gminna,GMINNA,Jednojezdniowa dwukierunkowa,Odcinek prosty,Obszar zabudowany,19.6787222222222,52.5284722222222,Jezdnia,"Opady śniegu, gradu",Światło dzienne,Najechanie na pieszego,1,0,1,Ciężko,N,,,,,,,,,,
EWK-98098048F,2014,2014-01-20,14,POWIAT PŁOCK,PŁOCK - OBSZAR MIEJSKI,Droga gminna,GMINNA,Jednojezdniowa dwukierunkowa,Odcinek prosty,Obszar zabudowany,19.6787222222222,52.5284722222222,Jezdnia,"Opady śniegu, gradu",Światło dzienne,Najechanie na pieszego,1,0,0,Nieokreślone (puste pole),N,,,,,,,,,,
EWK-98100067R,2014,2014-01-20,8,POWIAT SOKOŁOWSKI,SOKOŁÓW PODLASKI - OBSZAR MIEJSKI,Droga krajowa,62,Jednojezdniowa dwukierunkowa,Odcinek prosty,Obszar zabudowany,22.2159444444444,52.4071666666667,Przejście dla pieszych,"Opady śniegu, gradu",Światło dzienne,Najechanie na pieszego,1,0,1,Lekko,N,,,,,,,,,,
EWK-98100067R,2014,2014-01-20,8,POWIAT SOKOŁOWSKI,SOKOŁÓW PODLASKI - OBSZAR MIEJSKI,Droga krajowa,62,Jednojezdniowa dwukierunkowa,Odcinek prosty,Obszar zabudowany,22.2159444444444,52.4071666666667,Przejście dla pieszych,"Opady śniegu, gradu",Światło dzienne,Najechanie na pieszego,1,0,0,Nieokreślone (puste pole),N,,,,,,,,,,
EWK-98091314H,2014,2014-01-13,13,POWIAT RADOM,RADOM - OBSZAR MIEJSKI,Droga powiatowa,P5329W,Jednojezdniowa dwukierunkowa,,Obszar zabudowany,21.1716944444444,51.4043611111111,Jezdnia,Oślepiające słońce,Światło dzienne,Najechanie na pieszego,1,0,1,Ciężko,N,,,,,,,,,,
EWK-98091314H,2014,2014-01-13,13,POWIAT RADOM,RADOM - OBSZAR MIEJSKI,Droga powiatowa,P5329W,Jednojezdniowa dwukierunkowa,,Obszar zabudowany,21.1716944444444,51.4043611111111,Jezdnia,Oślepiające słońce,Światło dzienne,Najechanie na pieszego,1,0,0,Nieokreślone (puste pole),N,,,,,,,,,,
EWK-98095216F,2014,2014-01-13,13,POWIAT MAKOWSKI,MAKÓW MAZOWIECKI - OBSZAR MIEJSKI,Droga krajowa,57,Jednojezdniowa dwukierunkowa,Odcinek prosty,Obszar zabudowany,21.0923055555556,52.8801944444444,Jezdnia,Oślepiające słońce,Światło dzienne,Najechanie na pieszego,1,1,0,Nieokreślone (puste pole),N,,,,,,,,,,
EWK-98262549H,2014,2014-06-05,11,POWIAT PŁOCK,PŁOCK - OBSZAR MIEJSKI,Droga gminna,GMINNA,Jednojezdniowa dwukierunkowa,,Obszar zabudowany,19.6862777777778,52.5445833333333,Jezdnia,Oślepiające słońce,Światło dzienne,Najechanie na pieszego,1,0,1,Lekko,N,,,,,,,,,,
EWK-98262549H,2014,2014-06-05,11,POWIAT PŁOCK,PŁOCK - OBSZAR MIEJSKI,Droga gminna,GMINNA,Jednojezdniowa dwukierunkowa,,Obszar zabudowany,19.6862777777778,52.5445833333333,Jezdnia,Oślepiające słońce,Światło dzienne,Najechanie na pieszego,1,0,0,Nieokreślone (puste pole),N,,,,,,,,,,
EWK-98399680J,2014,2014-09-05,9,POWIAT PŁOCK,PŁOCK - OBSZAR MIEJSKI,Inna,I2,Jednojezdniowa dwukierunkowa,Odcinek prosty,Obszar zabudowany,19.68675,52.5530833333333,"Parking, plac",Oślepiające słońce,Światło dzienne,Najechanie na pieszego,1,0,1,Ciężko,N,,,,,,,,,,
EWK-98399680J,2014,2014-09-05,9,POWIAT PŁOCK,PŁOCK - OBSZAR MIEJSKI,Inna,I2,Jednojezdniowa dwukierunkowa,Odcinek prosty,Obszar zabudowany,19.68675,52.5530833333333,"Parking, plac",Oślepiające słońce,Światło dzienne,Najechanie na pieszego,1,0,0,Nieokreślone (puste pole),N,,,,,,,,,,
EWK-98126469L,2014,2014-02-10,14,POWIAT GRÓJECKI,GRÓJEC - OBSZAR MIEJSKI,Droga powiatowa,P,Jednojezdniowa dwukierunkowa,,Obszar zabudowany,20.8703611111111,51.8644444444444,Przejście dla pieszych,Oślepiające słońce,Światło dzienne,Najechanie na pieszego,1,0,1,Ciężko,N,,,,,,,,,,
EWK-98126469L,2014,2014-02-10,14,POWIAT GRÓJECKI,GRÓJEC - OBSZAR MIEJSKI,Droga powiatowa,P,Jednojezdniowa dwukierunkowa,,Obszar zabudowany,20.8703611111111,51.8644444444444,Przejście dla pieszych,Oślepiające słońce,Światło dzienne,Najechanie na pieszego,1,0,0,Nieokreślone (puste pole),N,,,,,,,,,,
EWK-98275068J,2014,2014-06-10,16,POWIAT ŻYRARDOWSKI,MSZCZONÓW - OBSZAR MIEJSKI,Droga gminna,GMINNA,Jednojezdniowa dwukierunkowa,,Obszar zabudowany,20.5161944444444,51.9728055555556,Przejście dla pieszych,Oślepiające słońce,Światło dzienne,Najechanie na pieszego,1,0,1,Lekko,N,,,,,,,,,,
EWK-98275068J,2014,2014-06-10,16,POWIAT ŻYRARDOWSKI,MSZCZONÓW - OBSZAR MIEJSKI,Droga gminna,GMINNA,Jednojezdniowa dwukierunkowa,,Obszar zabudowany,20.5161944444444,51.9728055555556,Przejście dla pieszych,Oślepiające słońce,Światło dzienne,Najechanie na pieszego,1,0,0,Nieokreślone (puste pole),N,,,,,,,,,,
EWK-98330335P,2014,2014-07-22,17,POWIAT BIAŁOBRZESKI,BIAŁOBRZEGI - OBSZAR MIEJSKI,Droga gminna,G110150W,Jednojezdniowa dwukierunkowa,,Obszar zabudowany,20.9648055555556,51.6497222222222,Przejście dla pieszych,Oślepiające słońce,Światło dzienne,Najechanie na pieszego,1,0,1,Lekko,N,,,,,,,,,,
EWK-98330335P,2014,2014-07-22,17,POWIAT BIAŁOBRZESKI,BIAŁOBRZEGI - OBSZAR MIEJSKI,Droga gminna,G110150W,Jednojezdniowa dwukierunkowa,,Obszar zabudowany,20.9648055555556,51.6497222222222,Przejście dla pieszych,Oślepiające słońce,Światło dzienne,Najechanie na pieszego,1,0,0,Nieokreślone (puste pole),N,,,,,,,,,,
EWK-98400481K,2014,2014-09-05,18,POWIAT PŁOCK,PŁOCK - OBSZAR MIEJSKI,Droga powiatowa,P,Jednojezdniowa dwukierunkowa,,Obszar zabudowany,19.7273888888889,52.5388888888889,Przejście dla pieszych,Oślepiające słońce,Światło dzienne,Najechanie na pieszego,1,0,1,Lekko,N,,,,,,,,,,
EWK-98400481K,2014,2014-09-05,18,POWIAT PŁOCK,PŁOCK - OBSZAR MIEJSKI,Droga powiatowa,P,Jednojezdniowa dwukierunkowa,,Obszar zabudowany,19.7273888888889,52.5388888888889,Przejście dla pieszych,Oślepiające słońce,Światło dzienne,Najechanie na pieszego,1,0,0,Nieokreślone (puste pole),N,,,,,,,,,,
EWK-98465160T,2014,2014-10-16,9,POWIAT SIERPECKI,GOZDOWO - OBSZAR WIEJSKI,Droga powiatowa,P3735W,Jednojezdniowa dwukierunkowa,Odcinek prosty,Obszar zabudowany,19.6780833333333,52.7415833333333,Jezdnia,Pochmurno,Światło dzienne,Inne,1,0,1,Ciężko,N,,,,,,,,,,
EWK-98465160T,2014,2014-10-16,9,POWIAT SIERPECKI,GOZDOWO - OBSZAR WIEJSKI,Droga powiatowa,P3735W,Jednojezdniowa dwukierunkowa,Odcinek prosty,Obszar zabudowany,19.6780833333333,52.7415833333333,Jezdnia,Pochmurno,Światło dzienne,Inne,1,0,1,Lekko,N,,,,,,,,,,
EWK-98465160T,2014,2014-10-16,9,POWIAT SIERPECKI,GOZDOWO - OBSZAR WIEJSKI,Droga powiatowa,P3735W,Jednojezdniowa dwukierunkowa,Odcinek prosty,Obszar zabudowany,19.6780833333333,52.7415833333333,Jezdnia,Pochmurno,Światło dzienne,Inne,1,0,0,Nieokreślone (puste pole),N,,,,,,,,,,
EWK-98082762E,2014,2014-01-04,23,POWIAT ZWOLEŃSKI,POLICZNA - OBSZAR WIEJSKI,Droga krajowa,12,Jednojezdniowa dwukierunkowa,Odcinek prosty,Obszar niezabudowany,21.7494722222222,51.4046111111111,Jezdnia,Pochmurno,Noc - droga nieoświetlona,Najechanie na pieszego,1,0,1,Ciężko,N,,,,,,,,,,
EWK-98082762E,2014,2014-01-04,23,POWIAT ZWOLEŃSKI,POLICZNA - OBSZAR WIEJSKI,Droga krajowa,12,Jednojezdniowa dwukierunkowa,Odcinek prosty,Obszar niezabudowany,21.7494722222222,51.4046111111111,Jezdnia,Pochmurno,Noc - droga nieoświetlona,Najechanie na pieszego,1,0,0,Nieokreślone (puste pole),N,,,,,,,,,,
EWK-98112042J,2014,2014-01-21,20,POWIAT OSTROŁĘCKI,RZEKUŃ - OBSZAR WIEJSKI,Droga krajowa,61,Jednojezdniowa dwukierunkowa,Odcinek prosty,Obszar niezabudowany,21.7058611111111,53.1261666666667,Jezdnia,Pochmurno,Noc - droga nieoświetlona,Najechanie na pieszego,1,1,0,Nieokreślone (puste pole),N,,,,,,,,,,
EWK-98116798Q,2014,2014-01-31,19,POWIAT OSTROŁĘCKI,GOWOROWO - OBSZAR WIEJSKI,Droga gminna,GMINNA,Jednojezdniowa dwukierunkowa,Odcinek prosty,Obszar niezabudowany,21.5362222222222,52.8995833333333,Jezdnia,Pochmurno,Noc - droga nieoświetlona,Najechanie na pieszego,1,0,1,Ciężko,N,,,,,,,,,,
EWK-98116798Q,2014,2014-01-31,19,POWIAT OSTROŁĘCKI,GOWOROWO - OBSZAR WIEJSKI,Droga gminna,GMINNA,Jednojezdniowa dwukierunkowa,Odcinek prosty,Obszar niezabudowany,21.5362222222222,52.8995833333333,Jezdnia,Pochmurno,Noc - droga nieoświetlona,Najechanie na pieszego,1,0,0,Nieokreślone (puste pole),N,,,,,,,,,,
EWK-98120347X,2014,2014-02-05,20,POWIAT RADOMSKI,KOWALA - OBSZAR WIEJSKI,Droga wojewódzka,733,Jednojezdniowa dwukierunkowa,Odcinek prosty,Obszar niezabudowany,21.1333055555556,51.3253055555556,Jezdnia,Pochmurno,Noc - droga nieoświetlona,Najechanie na pieszego,1,0,1,Lekko,T,,,,,,,,,,
EWK-98120347X,2014,2014-02-05,20,POWIAT RADOMSKI,KOWALA - OBSZAR WIEJSKI,Droga wojewódzka,733,Jednojezdniowa dwukierunkowa,Odcinek prosty,Obszar niezabudowany,21.1333055555556,51.3253055555556,Jezdnia,Pochmurno,Noc - droga nieoświetlona,Najechanie na pieszego,1,0,0,Nieokreślone (puste pole),T,,,,,,,,,,
EWK-98130018X,2014,2014-02-10,19,POWIAT SZYDŁOWIECKI,SZYDŁOWIEC - OBSZAR WIEJSKI,Droga krajowa,7,Jednojezdniowa dwukierunkowa,Spadek,Obszar niezabudowany,20.8862777777778,51.2471666666667,Jezdnia,Pochmurno,Noc - droga nieoświetlona,Najechanie na pieszego,1,1,0,Nieokreślone (puste pole),N,,,,,,,,,,
EWK-98136825K,2014,2014-02-07,19,POWIAT MAKOWSKI,RZEWNIE - OBSZAR WIEJSKI,Droga powiatowa,02128W,Jednojezdniowa dwukierunkowa,Odcinek prosty,Obszar niezabudowany,21.3090277777778,52.8530833333333,Jezdnia,Pochmurno,Noc - droga nieoświetlona,Najechanie na pieszego,1,0,1,Ciężko,T,,,,,,,,,,
EWK-98136825K,2014,2014-02-07,19,POWIAT MAKOWSKI,RZEWNIE - OBSZAR WIEJSKI,Droga powiatowa,02128W,Jednojezdniowa dwukierunkowa,Odcinek prosty,Obszar niezabudowany,21.3090277777778,52.8530833333333,Jezdnia,Pochmurno,Noc - droga nieoświetlona,Najechanie na pieszego,1,0,0,Nieokreślone (puste pole),T,,,,,,,,,,
EWK-98173370T,2014,2014-03-26,19,POWIAT PUŁTUSKI,POKRZYWNICA - OBSZAR WIEJSKI,Droga krajowa,61,Jednojezdniowa dwukierunkowa,,Obszar niezabudowany,21.0814722222222,52.6635833333333,Jezdnia,Pochmurno,Noc - droga nieoświetlona,Najechanie na pieszego,1,1,0,Nieokreślone (puste pole),N,,,,,,,,,,
EWK-98177915F,2014,2014-03-18,19,POWIAT OSTROŁĘCKI,RZEKUŃ - OBSZAR WIEJSKI,Droga powiatowa,2551W,Jednojezdniowa dwukierunkowa,Odcinek prosty,Obszar niezabudowany,21.7580555555556,53.0993888888889,Jezdnia,Pochmurno,Noc - droga nieoświetlona,Najechanie na pieszego,1,0,1,Lekko,N,,,,,,,,,,
EWK-98177915F,2014,2014-03-18,19,POWIAT OSTROŁĘCKI,RZEKUŃ - OBSZAR WIEJSKI,Droga powiatowa,2551W,Jednojezdniowa dwukierunkowa,Odcinek prosty,Obszar niezabudowany,21.7580555555556,53.0993888888889,Jezdnia,Pochmurno,Noc - droga nieoświetlona,Najechanie na pieszego,1,0,0,Nieokreślone (puste pole),N,,,,,,,,,,
EWK-98232398H,2014,2014-05-13,0,T,POWIAT MAKOWSKI, Wzniesienie,60,Droga krajowa,Odcinek prosty,Obszar niezabudowany,21.0830277777778,52.8606666666667,Jezdnia,Pochmurno,Noc - droga nieoświetlona,Najechanie na pieszego,1,1,0,Nieokreślone (puste pole),Jednojezdniowa dwukierunkowa,,,,,,,,,,MAKÓW MAZOWIECKI - OBSZAR MIEJSKI
EWK-98336469H,2014,2014-07-26,3,POWIAT SIERPECKI,SIERPC - OBSZAR MIEJSKI,Droga wojewódzka,560,Jednojezdniowa dwukierunkowa,Odcinek prosty,Obszar niezabudowany,19.6694166666667,52.8917777777778,Jezdnia,Pochmurno,Noc - droga nieoświetlona,Najechanie na pieszego,1,0,2,Lekko,N,,,,,,,,,,
EWK-98336469H,2014,2014-07-26,3,POWIAT SIERPECKI,SIERPC - OBSZAR MIEJSKI,Droga wojewódzka,560,Jednojezdniowa dwukierunkowa,Odcinek prosty,Obszar niezabudowany,19.6694166666667,52.8917777777778,Jezdnia,Pochmurno,Noc - droga nieoświetlona,Najechanie na pieszego,1,0,0,Nieokreślone (puste pole),N,,,,,,,,,,
EWK-98380645J,2014,2014-08-24,0,POWIAT PŁOŃSKI,ZAŁUSKI - OBSZAR WIEJSKI,Droga krajowa,7,Dwie jezdnie jednokierunkowe,Odcinek prosty,Obszar niezabudowany,20.5542777777778,52.4823055555556,Jezdnia,Pochmurno,Noc - droga nieoświetlona,Najechanie na pieszego,1,1,0,Nieokreślone (puste pole),T,,,,,,,,,,