IDKSIP,year,date,hour,district,district_commune,road_category,road_number,type_of_road,road_geometry,area,Longitude,Latitude,char_place_of_the_event,weather_conditions,lighting,type_of_accident,num_of_accidents,num_of_fatalities,num_of_injured,type_of_injury,is_offender_intoxicated,,,,,,,,,,
EWK-98618406A,2014,2014-10-23,6,POWIAT OSTROWSKI,MAŁKINIA GÓRNA - OBSZAR WIEJSKI,Droga powiatowa,P,Jednojezdniowa dwukierunkowa,Odcinek prosty,Obszar zabudowany,21.9485277777778,52.6836388888889,Jezdnia,Pochmurno,"Zmrok, świt",Najechanie na pieszego,1,0,0,Nieokreślone (puste pole),N,,,,,,,,,,
EWK-98686208U,2014,2014-12-16,18,POWIAT RADOM,RADOM - OBSZAR MIEJSKI,Droga powiatowa,P5309W,Jednojezdniowa dwukierunkowa,Odcinek prosty,Obszar zabudowany,21.1595555555556,51.3994166666667,Jezdnia,Pochmurno,"Zmrok, świt",Najechanie na pieszego,1,0,1,Ciężko,T,,,,,,,,,,
EWK-98686208U,2014,2014-12-16,18,POWIAT RADOM,RADOM - OBSZAR MIEJSKI,Droga powiatowa,P5309W,Jednojezdniowa dwukierunkowa,Odcinek prosty,Obszar zabudowany,21.1595555555556,51.3994166666667,Jezdnia,Pochmurno,"Zmrok, świt",Najechanie na pieszego,1,0,0,Nieokreślone (puste pole),T,,,,,,,,,,
EWK-98081960U,2014,2014-01-03,16,POWIAT SIEDLECKI,WODYNIE - OBSZAR WIEJSKI,Droga wojewódzka,802,Jednojezdniowa dwukierunkowa,Spadek,Obszar zabudowany,21.93825,52.0095,Przejście dla pieszych,Pochmurno,"Zmrok, świt",Najechanie na pieszego,1,1,0,Nieokreślone (puste pole),N,,,,,,,,,,
EWK-98117122D,2014,2014-01-02,16,POWIAT SOKOŁOWSKI,KOSÓW LACKI - OBSZAR MIEJSKI,Droga powiatowa,34219W,Jednojezdniowa dwukierunkowa,Odcinek prosty,Obszar zabudowany,22.1452777777778,52.59325,Przejście dla pieszych,Pochmurno,"Zmrok, świt",Najechanie na pieszego,1,0,1,Lekko,N,,,,,,,,,,
EWK-98117122D,2014,2014-01-02,16,POWIAT SOKOŁOWSKI,KOSÓW LACKI - OBSZAR MIEJSKI,Droga powiatowa,34219W,Jednojezdniowa dwukierunkowa,Odcinek prosty,Obszar zabudowany,22.1452777777778,52.59325,Przejście dla pieszych,Pochmurno,"Zmrok, świt",Najechanie na pieszego,1,0,0,Nieokreślone (puste pole),N,,,,,,,,,,
EWK-98655101F,2014,2014-11-21,16,POWIAT SIERPECKI,SIERPC - OBSZAR MIEJSKI,Nieokreślone (puste pole),,Jednojezdniowa dwukierunkowa,Odcinek prosty,Obszar zabudowany,19.6748333333333,52.85575,Przejście dla pieszych,Pochmurno,"Zmrok, świt",Najechanie na pieszego,1,0,1,Lekko,N,,,,,,,,,,
EWK-98655101F,2014,2014-11-21,16,POWIAT SIERPECKI,SIERPC - OBSZAR MIEJSKI,Nieokreślone (puste pole),,Jednojezdniowa dwukierunkowa,Odcinek prosty,Obszar zabudowany,19.6748333333333,52.85575,Przejście dla pieszych,Pochmurno,"Zmrok, świt",Najechanie na pieszego,1,0,0,Nieokreślone (puste pole),N,,,,,,,,,,
EWK-98666066Y,2014,2014-11-17,16,POWIAT OSTROŁĘKA,OSTROŁĘKA - OBSZAR MIEJSKI,Droga powiatowa,P5103W,Jednojezdniowa dwukierunkowa,,Obszar zabudowany,21.5791111111111,53.1006111111111,Przejście dla pieszych,Pochmurno,"Zmrok, świt",Najechanie na pieszego,1,0,1,Lekko,N,,,,,,,,,,
EWK-98666066Y,2014,2014-11-17,16,POWIAT OSTROŁĘKA,OSTROŁĘKA - OBSZAR MIEJSKI,Droga powiatowa,P5103W,Jednojezdniowa dwukierunkowa,,Obszar zabudowany,21.5791111111111,53.1006111111111,Przejście dla pieszych,Pochmurno,"Zmrok, świt",Najechanie na pieszego,1,0,0,Nieokreślone (puste pole),N,,,,,,,,,,
EWK-98683734U,2014,2014-12-12,17,POWIAT KOZIENICKI,KOZIENICE - OBSZAR MIEJSKI,Droga gminna,GMINNA,Jednojezdniowa dwukierunkowa,Odcinek prosty,Obszar zabudowany,21.5431944444444,51.5897222222222,Przejście dla pieszych,Pochmurno,"Zmrok, świt",Najechanie na pieszego,1,0,1,Lekko,N,,,,,,,,,,
EWK-98683734U,2014,2014-12-12,17,POWIAT KOZIENICKI,KOZIENICE - OBSZAR MIEJSKI,Droga gminna,GMINNA,Jednojezdniowa dwukierunkowa,Odcinek prosty,Obszar zabudowany,21.5431944444444,51.5897222222222,Przejście dla pieszych,Pochmurno,"Zmrok, świt",Najechanie na pieszego,1,0,0,Nieokreślone (puste pole),N,,,,,,,,,,
EWK-98090171G,2014,2014-01-07,10,POWIAT PŁOŃSKI,PŁOŃSK - OBSZAR MIEJSKI,Droga powiatowa,P,Jednojezdniowa dwukierunkowa,,Obszar zabudowany,20.3606111111111,52.6222777777778,"Chodnik, droga dla pieszych",Pochmurno,Światło dzienne,Najechanie na pieszego,1,0,1,Ciężko,N,,,,,,,,,,
EWK-98090171G,2014,2014-01-07,10,POWIAT PŁOŃSKI,PŁOŃSK - OBSZAR MIEJSKI,Droga powiatowa,P,Jednojezdniowa dwukierunkowa,,Obszar zabudowany,20.3606111111111,52.6222777777778,"Chodnik, droga dla pieszych",Pochmurno,Światło dzienne,Najechanie na pieszego,1,0,0,Nieokreślone (puste pole),N,,,,,,,,,,
EWK-98197746H,2014,2014-04-14,13,POWIAT GOSTYNIŃSKI,GOSTYNIN - OBSZAR MIEJSKI,Droga powiatowa,P1462W,Jednojezdniowa dwukierunkowa,Odcinek prosty,Obszar zabudowany,19.4633055555556,52.4264722222222,"Chodnik, droga dla pieszych",Pochmurno,Światło dzienne,Najechanie na pieszego,1,0,1,Lekko,N,,,,,,,,,,
EWK-98197746H,2014,2014-04-14,13,POWIAT GOSTYNIŃSKI,GOSTYNIN - OBSZAR MIEJSKI,Droga powiatowa,P1462W,Jednojezdniowa dwukierunkowa,Odcinek prosty,Obszar zabudowany,19.4633055555556,52.4264722222222,"Chodnik, droga dla pieszych",Pochmurno,Światło dzienne,Najechanie na pieszego,1,0,0,Nieokreślone (puste pole),N,,,,,,,,,,
EWK-98423950W,2014,2014-09-26,10,POWIAT RADOM,RADOM - OBSZAR MIEJSKI,Droga powiatowa,P5348W,Jednojezdniowa dwukierunkowa,Odcinek prosty,Obszar zabudowany,21.1925833333333,51.3995277777778,"Chodnik, droga dla pieszych",Pochmurno,Światło dzienne,Najechanie na pieszego,1,0,1,Lekko,N,,,,,,,,,,
EWK-98423950W,2014,2014-09-26,10,POWIAT RADOM,RADOM - OBSZAR MIEJSKI,Droga powiatowa,P5348W,Jednojezdniowa dwukierunkowa,Odcinek prosty,Obszar zabudowany,21.1925833333333,51.3995277777778,"Chodnik, droga dla pieszych",Pochmurno,Światło dzienne,Najechanie na pieszego,1,0,0,Nieokreślone (puste pole),N,,,,,,,,,,
EWK-98663593J,2014,2014-11-28,9,POWIAT OSTROŁĘKA,OSTROŁĘKA - OBSZAR MIEJSKI,Droga gminna,G510059W,Jednojezdniowa dwukierunkowa,Odcinek prosty,Obszar zabudowany,21.5756944444444,53.0965833333333,"Chodnik, droga dla pieszych",Pochmurno,Światło dzienne,Najechanie na pieszego,1,0,1,Lekko,N,,,,,,,,,,
EWK-98663593J,2014,2014-11-28,9,POWIAT OSTROŁĘKA,OSTROŁĘKA - OBSZAR MIEJSKI,Droga gminna,G510059W,Jednojezdniowa dwukierunkowa,Odcinek prosty,Obszar zabudowany,21.5756944444444,53.0965833333333,"Chodnik, droga dla pieszych",Pochmurno,Światło dzienne,Najechanie na pieszego,1,0,0,Nieokreślone (puste pole),N,,,,,,,,,,
EWK-98084122T,2014,2014-01-08,10,POWIAT RADOM,RADOM - OBSZAR MIEJSKI,Droga powiatowa,P3539W,Jednojezdniowa dwukierunkowa,Odcinek prosty,Obszar zabudowany,21.1476944444444,51.3904166666667,Jezdnia,Pochmurno,Światło dzienne,Najechanie na pieszego,1,0,1,Lekko,N,,,,,,,,,,
EWK-98084122T,2014,2014-01-08,10,POWIAT RADOM,RADOM - OBSZAR MIEJSKI,Droga powiatowa,P3539W,Jednojezdniowa dwukierunkowa,Odcinek prosty,Obszar zabudowany,21.1476944444444,51.3904166666667,Jezdnia,Pochmurno,Światło dzienne,Najechanie na pieszego,1,0,0,Nieokreślone (puste pole),N,,,,,,,,,,
EWK-98115340J,2014,2014-01-31,14,POWIAT RADOM,RADOM - OBSZAR MIEJSKI,Droga powiatowa,P5339W,Jednojezdniowa dwukierunkowa,Odcinek prosty,Obszar zabudowany,21.1528611111111,51.40875,Jezdnia,Pochmurno,Światło dzienne,Najechanie na pieszego,1,0,1,Ciężko,N,,,,,,,,,,
EWK-98115340J,2014,2014-01-31,14,POWIAT RADOM,RADOM - OBSZAR MIEJSKI,Droga powiatowa,P5339W,Jednojezdniowa dwukierunkowa,Odcinek prosty,Obszar zabudowany,21.1528611111111,51.40875,Jezdnia,Pochmurno,Światło dzienne,Najechanie na pieszego,1,0,0,Nieokreślone (puste pole),N,,,,,,,,,,
EWK-98145887U,2014,2014-02-28,12,POWIAT OSTROŁĘKA,OSTROŁĘKA - OBSZAR MIEJSKI,Droga krajowa,61,Jednokierunkowa,,Obszar zabudowany,21.5588055555556,53.0873611111111,Jezdnia,Pochmurno,Światło dzienne,Najechanie na pieszego,1,0,2,Lekko,N,,,,,,,,,,
EWK-98145887U,2014,2014-02-28,12,POWIAT OSTROŁĘKA,OSTROŁĘKA - OBSZAR MIEJSKI,Droga krajowa,61,Jednokierunkowa,,Obszar zabudowany,21.5588055555556,53.0873611111111,Jezdnia,Pochmurno,Światło dzienne,Najechanie na pieszego,1,0,0,Nieokreślone (puste pole),N,,,,,,,,,,
EWK-98166208M,2014,2014-03-19,20,POWIAT OSTROŁĘKA,OSTROŁĘKA - OBSZAR MIEJSKI,Droga krajowa,61,Dwie jezdnie jednokierunkowe,,Obszar zabudowany,21.5830277777778,53.0907777777778,Jezdnia,Pochmurno,Światło dzienne,Najechanie na pieszego,1,0,1,Lekko,N,,,,,,,,,,
EWK-98166208M,2014,2014-03-19,20,POWIAT OSTROŁĘKA,OSTROŁĘKA - OBSZAR MIEJSKI,Droga krajowa,61,Dwie jezdnie jednokierunkowe,,Obszar zabudowany,21.5830277777778,53.0907777777778,Jezdnia,Pochmurno,Światło dzienne,Najechanie na pieszego,1,0,0,Nieokreślone (puste pole),N,,,,,,,,,,
EWK-98167097G,2014,2014-03-19,10,POWIAT GOSTYNIŃSKI,GOSTYNIN - OBSZAR MIEJSKI,Droga gminna,G140191W,Jednojezdniowa dwukierunkowa,,Obszar zabudowany,19.4621666666667,52.4300277777778,Jezdnia,Pochmurno,Światło dzienne,Najechanie na pieszego,1,0,1,Ciężko,N,,,,,,,,,,
EWK-98167097G,2014,2014-03-19,10,POWIAT GOSTYNIŃSKI,GOSTYNIN - OBSZAR MIEJSKI,Droga gminna,G140191W,Jednojezdniowa dwukierunkowa,,Obszar zabudowany,19.4621666666667,52.4300277777778,Jezdnia,Pochmurno,Światło dzienne,Najechanie na pieszego,1,0,0,Nieokreślone (puste pole),N,,,,,,,,,,
EWK-98294068Y,2014,2014-06-24,13,POWIAT LIPSKI,CHOTCZA - OBSZAR WIEJSKI,Droga gminna,GMINNA,Jednojezdniowa dwukierunkowa,Odcinek prosty,Obszar niezabudowany,21.7288055555556,51.1921111111111,Jezdnia,Pochmurno,Światło dzienne,Najechanie na pieszego,1,0,1,Lekko,N,,,,,,,,,,
EWK-98294068Y,2014,2014-06-24,13,POWIAT LIPSKI,CHOTCZA - OBSZAR WIEJSKI,Droga gminna,GMINNA,Jednojezdniowa dwukierunkowa,Odcinek prosty,Obszar niezabudowany,21.7288055555556,51.1921111111111,Jezdnia,Pochmurno,Światło dzienne,Najechanie na pieszego,1,0,0,Nieokreślone (puste pole),N,,,,,,,,,,
EWK-98295552G,2014,2014-06-30,12,POWIAT RADOMSKI,JEDLIŃSK - OBSZAR WIEJSKI,Droga krajowa,7,Dwie jezdnie jednokierunkowe,Odcinek prosty,Obszar niezabudowany,21.1419722222222,51.472,Jezdnia,Pochmurno,Światło dzienne,Najechanie na pieszego,1,1,0,Nieokreślone (puste pole),N,,,,,,,,,,
EWK-98296883J,2014,2014-06-28,17,POWIAT RADOM,RADOM - OBSZAR MIEJSKI,Droga wojewódzka,744,Jednojezdniowa dwukierunkowa,,Obszar zabudowany,21.12425,51.3699444444444,Jezdnia,Pochmurno,Światło dzienne,Najechanie na pieszego,1,0,1,Lekko,N,,,,,,,,,,
EWK-98296883J,2014,2014-06-28,17,POWIAT RADOM,RADOM - OBSZAR MIEJSKI,Droga wojewódzka,744,Jednojezdniowa dwukierunkowa,,Obszar zabudowany,21.12425,51.3699444444444,Jezdnia,Pochmurno,Światło dzienne,Najechanie na pieszego,1,0,0,Nieokreślone (puste pole),N,,,,,,,,,,
EWK-98337093A,2014,2014-07-25,12,POWIAT RADOM,RADOM - OBSZAR MIEJSKI,Droga powiatowa,P5316W,Jednojezdniowa dwukierunkowa,,Obszar zabudowany,21.1458888888889,51.4015277777778,Jezdnia,Pochmurno,Światło dzienne,Najechanie na pieszego,1,0,1,Lekko,N,,,,,,,,,,
EWK-98337093A,2014,2014-07-25,12,POWIAT RADOM,RADOM - OBSZAR MIEJSKI,Droga powiatowa,P5316W,Jednojezdniowa dwukierunkowa,,Obszar zabudowany,21.1458888888889,51.4015277777778,Jezdnia,Pochmurno,Światło dzienne,Najechanie na pieszego,1,0,0,Nieokreślone (puste pole),N,,,,,,,,,,
EWK-98337114N,2014,2014-07-25,11,POWIAT RADOM,RADOM - OBSZAR MIEJSKI,Droga powiatowa,P5302W,Jednojezdniowa dwukierunkowa,,Obszar zabudowany,21.155,51.404,Jezdnia,Pochmurno,Światło dzienne,Najechanie na pieszego,1,0,2,Lekko,N,,,,,,,,,,
EWK-98337114N,2014,2014-07-25,11,POWIAT RADOM,RADOM - OBSZAR MIEJSKI,Droga powiatowa,P5302W,Jednojezdniowa dwukierunkowa,,Obszar zabudowany,21.155,51.404,Jezdnia,Pochmurno,Światło dzienne,Najechanie na pieszego,1,0,0,Nieokreślone (puste pole),N,,,,,,,,,,
EWK-98389799J,2014,2014-08-31,17,POWIAT RADOM,RADOM - OBSZAR MIEJSKI,Droga gminna,G530067W,Jednokierunkowa,Odcinek prosty,Obszar zabudowany,21.1409722222222,51.4420833333333,Jezdnia,Pochmurno,Światło dzienne,Najechanie na pieszego,1,0,1,Lekko,N,,,,,,,,,,
EWK-98389799J,2014,2014-08-31,17,POWIAT RADOM,RADOM - OBSZAR MIEJSKI,Droga gminna,G530067W,Jednokierunkowa,Odcinek prosty,Obszar zabudowany,21.1409722222222,51.4420833333333,Jezdnia,Pochmurno,Światło dzienne,Najechanie na pieszego,1,0,0,Nieokreślone (puste pole),N,,,,,,,,,,
EWK-98507254G,2014,2014-10-17,8,POWIAT RADOM,RADOM - OBSZAR MIEJSKI,Droga powiatowa,P5321W,Dwie jezdnie jednokierunkowe,Odcinek prosty,Obszar zabudowany,21.1585555555556,51.3931111111111,Jezdnia,Pochmurno,Światło dzienne,Najechanie na pieszego,1,0,1,Lekko,N,,,,,,,,,,
EWK-98507254G,2014,2014-10-17,8,POWIAT RADOM,RADOM - OBSZAR MIEJSKI,Droga powiatowa,P5321W,Dwie jezdnie jednokierunkowe,Odcinek prosty,Obszar zabudowany,21.1585555555556,51.3931111111111,Jezdnia,Pochmurno,Światło dzienne,Najechanie na pieszego,1,0,0,Nieokreślone (puste pole),N,,,,,,,,,,
EWK-98509326C,2014,2014-10-20,8,POWIAT LIPSKI,LIPSKO - OBSZAR MIEJSKI,Droga krajowa,79,Jednojezdniowa dwukierunkowa,Odcinek prosty,Obszar zabudowany,21.6589444444444,51.1623055555556,Jezdnia,Pochmurno,Światło dzienne,Najechanie na pieszego,1,0,1,Lekko,N,,,,,,,,,,
EWK-98509326C,2014,2014-10-20,8,POWIAT LIPSKI,LIPSKO - OBSZAR MIEJSKI,Droga krajowa,79,Jednojezdniowa dwukierunkowa,Odcinek prosty,Obszar zabudowany,21.6589444444444,51.1623055555556,Jezdnia,Pochmurno,Światło dzienne,Najechanie na pieszego,1,0,0,Nieokreślone (puste pole),N,,,,,,,,,,
EWK-98647662J,2014,2014-11-17,13,POWIAT RADOMSKI,SKARYSZEW - OBSZAR WIEJSKI,Droga wojewódzka,733,Jednojezdniowa dwukierunkowa,Odcinek prosty,Obszar zabudowany,21.3583055555556,51.2949166666667,Jezdnia,Pochmurno,Światło dzienne,Najechanie na pieszego,1,0,1,Lekko,N,,,,,,,,,,
EWK-98647662J,2014,2014-11-17,13,POWIAT RADOMSKI,SKARYSZEW - OBSZAR WIEJSKI,Droga wojewódzka,733,Jednojezdniowa dwukierunkowa,Odcinek prosty,Obszar zabudowany,21.3583055555556,51.2949166666667,Jezdnia,Pochmurno,Światło dzienne,Najechanie na pieszego,1,0,0,Nieokreślone (puste pole),N,,,,,,,,,,
EWK-98669754L,2014,2014-12-03,16,POWIAT OSTROŁĘCKI,CZARNIA - OBSZAR WIEJSKI,Droga wojewódzka,614,Jednojezdniowa dwukierunkowa,,Obszar niezabudowany,21.175,53.3251944444445,Jezdnia,Pochmurno,Światło dzienne,Najechanie na pieszego,1,0,1,Lekko,N,,,,,,,,,,
EWK-98669754L,2014,2014-12-03,16,POWIAT OSTROŁĘCKI,CZARNIA - OBSZAR WIEJSKI,Droga wojewódzka,614,Jednojezdniowa dwukierunkowa,,Obszar niezabudowany,21.175,53.3251944444445,Jezdnia,Pochmurno,Światło dzienne,Najechanie na pieszego,1,0,0,Nieokreślone (puste pole),N,,,,,,,,,,
EWK-98192735P,2014,2014-04-09,10,POWIAT GOSTYNIŃSKI,GOSTYNIN - OBSZAR MIEJSKI,Inna,I2,Jednojezdniowa dwukierunkowa,Odcinek prosty,Obszar zabudowany,19.4576944444444,52.4301944444444,"Parking, plac",Pochmurno,Światło dzienne,Najechanie na pieszego,1,0,1,Lekko,N,,,,,,,,,,
EWK-98192735P,2014,2014-04-09,10,POWIAT GOSTYNIŃSKI,GOSTYNIN - OBSZAR MIEJSKI,Inna,I2,Jednojezdniowa dwukierunkowa,Odcinek prosty,Obszar zabudowany,19.4576944444444,52.4301944444444,"Parking, plac",Pochmurno,Światło dzienne,Najechanie na pieszego,1,0,0,Nieokreślone (puste pole),N,,,,,,,,,,
EWK-98317773H,2014,2014-07-11,6,POWIAT WĘGROWSKI,ŁOCHÓW - OBSZAR WIEJSKI,Droga gminna,GMINNA,Jednojezdniowa dwukierunkowa,Odcinek prosty,Obszar zabudowany,21.7715,52.5603611111111,"Parking, plac",Pochmurno,Światło dzienne,Najechanie na pieszego,1,0,1,Ciężko,N,,,,,,,,,,
EWK-98317773H,2014,2014-07-11,6,POWIAT WĘGROWSKI,ŁOCHÓW - OBSZAR WIEJSKI,Droga gminna,GMINNA,Jednojezdniowa dwukierunkowa,Odcinek prosty,Obszar zabudowany,21.7715,52.5603611111111,"Parking, plac",Pochmurno,Światło dzienne,Najechanie na pieszego,1,0,0,Nieokreślone (puste pole),N,,,,,,,,,,
EWK-98389540D,2014,2014-08-30,7,POWIAT ŻYRARDOWSKI,PUSZCZA MARIAŃSKA - OBSZAR WIEJSKI,Droga krajowa,70,Jednojezdniowa dwukierunkowa,"Zakręt, łuk",Obszar niezabudowany,20.26575,51.9480277777778,Pobocze,Pochmurno,Światło dzienne,Najechanie na pieszego,1,0,1,Ciężko,N,,,,,,,,,,
EWK-98389540D,2014,2014-08-30,7,POWIAT ŻYRARDOWSKI,PUSZCZA MARIAŃSKA - OBSZAR WIEJSKI,Droga krajowa,70,Jednojezdniowa dwukierunkowa,"Zakręt, łuk",Obszar niezabudowany,20.26575,51.9480277777778,Pobocze,Pochmurno,Światło dzienne,Najechanie na pieszego,1,0,0,Nieokreślone (puste pole),N,,,,,,,,,,
EWK-98136910M,2014,2014-02-19,13,POWIAT RADOM,RADOM - OBSZAR MIEJSKI,Droga powiatowa,P5301W,Dwie jezdnie jednokierunkowe,,Obszar zabudowany,21.1655,51.4318611111111,Przejście dla pieszych,Pochmurno,Światło dzienne,Najechanie na pieszego,1,0,1,Ciężko,N,,,,,,,,,,
EWK-98136910M,2014,2014-02-19,13,POWIAT RADOM,RADOM - OBSZAR MIEJSKI,Droga powiatowa,P5301W,Dwie jezdnie jednokierunkowe,,Obszar zabudowany,21.1655,51.4318611111111,Przejście dla pieszych,Pochmurno,Światło dzienne,Najechanie na pieszego,1,0,0,Nieokreślone (puste pole),N,,,,,,,,,,
EWK-98141654Y,2014,2014-02-24,12,POWIAT PŁOCK,PŁOCK - OBSZAR MIEJSKI,Droga krajowa,60,Jednojezdniowa dwukierunkowa,Odcinek prosty,Obszar zabudowany,19.6928888888889,52.5610833333333,Przejście dla pieszych,Pochmurno,Światło dzienne,Najechanie na pieszego,1,1,0,Nieokreślone (puste pole),N,,,,,,,,,,
EWK-98244120Y,2014,2014-05-20,17,POWIAT SIEDLCE,SIEDLCE - OBSZAR MIEJSKI,Droga wojewódzka,W628,Jednojezdniowa dwukierunkowa,"Zakręt, łuk",Obszar zabudowany,22.2748611111111,52.1585833333333,Przejście dla pieszych,Pochmurno,Światło dzienne,Najechanie na pieszego,1,0,1,Ciężko,N,,,,,,,,,,
EWK-98244120Y,2014,2014-05-20,17,POWIAT SIEDLCE,SIEDLCE - OBSZAR MIEJSKI,Droga wojewódzka,W628,Jednojezdniowa dwukierunkowa,"Zakręt, łuk",Obszar zabudowany,22.2748611111111,52.1585833333333,Przejście dla pieszych,Pochmurno,Światło dzienne,Najechanie na pieszego,1,0,0,Nieokreślone (puste pole),N,,,,,,,,,,
EWK-98276311D,2014,2014-06-13,17,POWIAT WĘGROWSKI,ŁOCHÓW - OBSZAR WIEJSKI,Droga krajowa,50,Jednojezdniowa dwukierunkowa,Odcinek prosty,Obszar zabudowany,21.6798055555556,52.5219722222222,Przejście dla pieszych,Pochmurno,Światło dzienne,Najechanie na pieszego,1,0,1,Ciężko,N,,,,,,,,,,
EWK-98276311D,2014,2014-06-13,17,POWIAT WĘGROWSKI,ŁOCHÓW - OBSZAR WIEJSKI,Droga krajowa,50,Jednojezdniowa dwukierunkowa,Odcinek prosty,Obszar zabudowany,21.6798055555556,52.5219722222222,Przejście dla pieszych,Pochmurno,Światło dzienne,Najechanie na pieszego,1,0,0,Nieokreślone (puste pole),N,,,,,,,,,,
EWK-98281625W,2014,2014-06-20,10,POWIAT OSTROŁĘKA,OSTROŁĘKA - OBSZAR MIEJSKI,Droga gminna,G510253W,Jednojezdniowa dwukierunkowa,,Obszar zabudowany,21.5757222222222,53.0944166666667,Przejście dla pieszych,Pochmurno,Światło dzienne,Najechanie na pieszego,1,0,1,Lekko,N,,,,,,,,,,
EWK-98281625W,2014,2014-06-20,10,POWIAT OSTROŁĘKA,OSTROŁĘKA - OBSZAR MIEJSKI,Droga gminna,G510253W,Jednojezdniowa dwukierunkowa,,Obszar zabudowany,21.5757222222222,53.0944166666667,Przejście dla pieszych,Pochmurno,Światło dzienne,Najechanie na pieszego,1,0,0,Nieokreślone (puste pole),N,,,,,,,,,,
EWK-98405016J,2014,2014-09-11,17,POWIAT RADOM,RADOM - OBSZAR MIEJSKI,Droga powiatowa,P3539W,Dwie jezdnie jednokierunkowe,,Obszar zabudowany,21.1590555555556,51.3831666666667,Przejście dla pieszych,Pochmurno,Światło dzienne,Najechanie na pieszego,1,0,1,Lekko,N,,,,,,,,,,
EWK-98405016J,2014,2014-09-11,17,POWIAT RADOM,RADOM - OBSZAR MIEJSKI,Droga powiatowa,P3539W,Dwie jezdnie jednokierunkowe,,Obszar zabudowany,21.1590555555556,51.3831666666667,Przejście dla pieszych,Pochmurno,Światło dzienne,Najechanie na pieszego,1,0,0,Nieokreślone (puste pole),N,,,,,,,,,,
EWK-98647680L,2014,2014-11-14,12,POWIAT RADOM,RADOM - OBSZAR MIEJSKI,Droga powiatowa,P5312W,Jednojezdniowa dwukierunkowa,Odcinek prosty,Obszar zabudowany,21.1839444444444,51.4106666666667,Przejście dla pieszych,Pochmurno,Światło dzienne,Najechanie na pieszego,1,0,1,Lekko,N,,,,,,,,,,
EWK-98647680L,2014,2014-11-14,12,POWIAT RADOM,RADOM - OBSZAR MIEJSKI,Droga powiatowa,P5312W,Jednojezdniowa dwukierunkowa,Odcinek prosty,Obszar zabudowany,21.1839444444444,51.4106666666667,Przejście dla pieszych,Pochmurno,Światło dzienne,Najechanie na pieszego,1,0,0,Nieokreślone (puste pole),N,,,,,,,,,,
EWK-98696488F,2014,2014-12-19,14,POWIAT RADOM,RADOM - OBSZAR MIEJSKI,Droga powiatowa,P5307W,Dwie jezdnie jednokierunkowe,Odcinek prosty,Obszar zabudowany,21.1436666666667,51.4106388888889,Przejście dla pieszych,Pochmurno,Światło dzienne,Najechanie na pieszego,1,0,1,Ciężko,N,,,,,,,,,,
EWK-98696488F,2014,2014-12-19,14,POWIAT RADOM,RADOM - OBSZAR MIEJSKI,Droga powiatowa,P5307W,Dwie jezdnie jednokierunkowe,Odcinek prosty,Obszar zabudowany,21.1436666666667,51.4106388888889,Przejście dla pieszych,Pochmurno,Światło dzienne,Najechanie na pieszego,1,0,0,Nieokreślone (puste pole),N,,,,,,,,,,
EWK-98686002K,2014,2014-12-16,7,POWIAT PŁOCK,PŁOCK - OBSZAR MIEJSKI,Droga powiatowa,P,Jednojezdniowa dwukierunkowa,Odcinek prosty,Obszar zabudowany,19.7172777777778,52.53775,Przystanek komunikacji publicznej,Pochmurno,Światło dzienne,Najechanie na pieszego,1,0,1,Lekko,N,,,,,,,,,,
EWK-98686002K,2014,2014-12-16,7,POWIAT PŁOCK,PŁOCK - OBSZAR MIEJSKI,Droga powiatowa,P,Jednojezdniowa dwukierunkowa,Odcinek prosty,Obszar zabudowany,19.7172777777778,52.53775,Przystanek komunikacji publicznej,Pochmurno,Światło dzienne,Najechanie na pieszego,1,0,0,Nieokreślone (puste pole),N,,,,,,,,,,
EWK-98084798P,2014,2014-01-04,0,POWIAT PŁOCK,PŁOCK - OBSZAR MIEJSKI,Droga powiatowa,P,Jednokierunkowa,,Obszar zabudowany,19.7044166666667,52.5407777777778,Jezdnia,Pochmurno,Noc - droga oświetlona,Zderzenie pojazdów boczne,1,0,1,Ciężko,N,,,,,,,,,,
EWK-98084798P,2014,2014-01-04,0,POWIAT PŁOCK,PŁOCK - OBSZAR MIEJSKI,Droga powiatowa,P,Jednokierunkowa,,Obszar zabudowany,19.7044166666667,52.5407777777778,Jezdnia,Pochmurno,Noc - droga oświetlona,Zderzenie pojazdów boczne,1,0,2,Lekko,N,,,,,,,,,,
EWK-98084798P,2014,2014-01-04,0,POWIAT PŁOCK,PŁOCK - OBSZAR MIEJSKI,Droga powiatowa,P,Jednokierunkowa,,Obszar zabudowany,19.7044166666667,52.5407777777778,Jezdnia,Pochmurno,Noc - droga oświetlona,Zderzenie pojazdów boczne,1,0,0,Nieokreślone (puste pole),N,,,,,,,,,,
EWK-98678947N,2014,2014-12-11,6,POWIAT KOZIENICKI,KOZIENICE - OBSZAR WIEJSKI,Droga gminna,GMINNA,Jednojezdniowa dwukierunkowa,Odcinek prosty,Obszar niezabudowany,21.4499444444444,51.6735555555556,Jezdnia,Pochmurno,Noc - droga nieoświetlona,Zderzenie pojazdów czołowe,1,0,1,Ciężko,N,,,,,,,,,,
EWK-98678947N,2014,2014-12-11,6,POWIAT KOZIENICKI,KOZIENICE - OBSZAR WIEJSKI,Droga gminna,GMINNA,Jednojezdniowa dwukierunkowa,Odcinek prosty,Obszar niezabudowany,21.4499444444444,51.6735555555556,Jezdnia,Pochmurno,Noc - droga nieoświetlona,Zderzenie pojazdów czołowe,1,1,0,Nieokreślone (puste pole),N,,,,,,,,,,