IDKSIP,year,date,hour,district,district_commune,road_category,road_number,type_of_road,road_geometry,area,Longitude,Latitude,char_place_of_the_event,weather_conditions,lighting,type_of_accident,num_of_accidents,num_of_fatalities,num_of_injured,type_of_injury,is_offender_intoxicated,,,,,,,,,,
EWK-98086513P,2014,2014-01-09,7,POWIAT RADOM,RADOM - OBSZAR MIEJSKI,Droga powiatowa,P5312W,Jednojezdniowa dwukierunkowa,,Obszar zabudowany,21.1589722222222,51.4058333333333,Jezdnia,Pochmurno,Światło dzienne,Zderzenie pojazdów czołowe,1,0,1,Lekko,N,,,,,,,,,,
EWK-98086513P,2014,2014-01-09,7,POWIAT RADOM,RADOM - OBSZAR MIEJSKI,Droga powiatowa,P5312W,Jednojezdniowa dwukierunkowa,,Obszar zabudowany,21.1589722222222,51.4058333333333,Jezdnia,Pochmurno,Światło dzienne,Zderzenie pojazdów czołowe,1,0,0,Nieokreślone (puste pole),N,,,,,,,,,,
EWK-98616657J,2014,2014-10-23,9,POWIAT PŁOCK,PŁOCK - OBSZAR MIEJSKI,Droga gminna,GMINNA,Jednojezdniowa dwukierunkowa,Odcinek prosty,Obszar zabudowany,19.6901111111111,52.5490555555556,Jezdnia,Pochmurno,Światło dzienne,Zderzenie pojazdów tylne,1,0,1,Lekko,N,,,,,,,,,,
EWK-98616657J,2014,2014-10-23,9,POWIAT PŁOCK,PŁOCK - OBSZAR MIEJSKI,Droga gminna,GMINNA,Jednojezdniowa dwukierunkowa,Odcinek prosty,Obszar zabudowany,19.6901111111111,52.5490555555556,Jezdnia,Pochmurno,Światło dzienne,Zderzenie pojazdów tylne,1,0,0,Nieokreślone (puste pole),N,,,,,,,,,,
EWK-98628680X,2014,2014-10-31,23,POWIAT KOZIENICKI,GNIEWOSZÓW - OBSZAR WIEJSKI,Droga wojewódzka,738,Jednojezdniowa dwukierunkowa,Odcinek prosty,Obszar niezabudowany,21.8049166666667,51.4789444444445,Jezdnia,"Pochmurno; Mgła, dym",Noc - droga nieoświetlona,Najechanie na pieszego,1,1,0,Nieokreślone (puste pole),T,,,,,,,,,,
EWK-98100893G,2014,2014-01-20,7,POWIAT PŁOCK,PŁOCK - OBSZAR MIEJSKI,Droga gminna,GMINNA,Jednojezdniowa dwukierunkowa,Odcinek prosty,Obszar zabudowany,19.6811111111111,52.5564166666667,"Chodnik, droga dla pieszych","Pochmurno; Opady śniegu, gradu",Światło dzienne,Najechanie na pieszego,1,0,1,Lekko,N,,,,,,,,,,
EWK-98100893G,2014,2014-01-20,7,POWIAT PŁOCK,PŁOCK - OBSZAR MIEJSKI,Droga gminna,GMINNA,Jednojezdniowa dwukierunkowa,Odcinek prosty,Obszar zabudowany,19.6811111111111,52.5564166666667,"Chodnik, droga dla pieszych","Pochmurno; Opady śniegu, gradu",Światło dzienne,Najechanie na pieszego,1,0,0,Nieokreślone (puste pole),N,,,,,,,,,,
EWK-98117378W,2014,2014-01-31,18,POWIAT OSTROWSKI,OSTRÓW MAZOWIECKA - OBSZAR MIEJSKI,Droga powiatowa,P,Jednojezdniowa dwukierunkowa,,Obszar zabudowany,21.9113888888889,52.7999722222222,Jezdnia,Silny wiatr,Noc - droga nieoświetlona,Najechanie na pieszego,1,0,1,Ciężko,N,,,,,,,,,,
EWK-98117378W,2014,2014-01-31,18,POWIAT OSTROWSKI,OSTRÓW MAZOWIECKA - OBSZAR MIEJSKI,Droga powiatowa,P,Jednojezdniowa dwukierunkowa,,Obszar zabudowany,21.9113888888889,52.7999722222222,Jezdnia,Silny wiatr,Noc - droga nieoświetlona,Najechanie na pieszego,1,0,0,Nieokreślone (puste pole),N,,,,,,,,,,
EWK-98693589J,2014,2014-12-21,17,POWIAT GRÓJECKI,WARKA - OBSZAR MIEJSKI,Droga gminna,GMINNA,Jednojezdniowa dwukierunkowa,Odcinek prosty,Obszar zabudowany,21.1886666666667,51.7906944444444,Jezdnia,Silny wiatr,Noc - droga oświetlona,Najechanie na pieszego,1,0,1,Lekko,N,,,,,,,,,,
EWK-98693589J,2014,2014-12-21,17,POWIAT GRÓJECKI,WARKA - OBSZAR MIEJSKI,Droga gminna,GMINNA,Jednojezdniowa dwukierunkowa,Odcinek prosty,Obszar zabudowany,21.1886666666667,51.7906944444444,Jezdnia,Silny wiatr,Noc - droga oświetlona,Najechanie na pieszego,1,0,0,Nieokreślone (puste pole),N,,,,,,,,,,
EWK-98693769N,2014,2014-12-22,17,POWIAT RADOM,RADOM - OBSZAR MIEJSKI,Droga gminna,G530266W,Jednojezdniowa dwukierunkowa,"Zakręt, łuk",Obszar zabudowany,21.0935555555556,51.3551388888889,Jezdnia,Silny wiatr,Noc - droga oświetlona,Najechanie na pieszego,1,0,1,Lekko,N,,,,,,,,,,
EWK-98693769N,2014,2014-12-22,17,POWIAT RADOM,RADOM - OBSZAR MIEJSKI,Droga gminna,G530266W,Jednojezdniowa dwukierunkowa,"Zakręt, łuk",Obszar zabudowany,21.0935555555556,51.3551388888889,Jezdnia,Silny wiatr,Noc - droga oświetlona,Najechanie na pieszego,1,0,0,Nieokreślone (puste pole),N,,,,,,,,,,
EWK-98693753U,2014,2014-12-22,16,POWIAT RADOMSKI,PRZYTYK - OBSZAR WIEJSKI,Droga powiatowa,34365W,Jednojezdniowa dwukierunkowa,Odcinek prosty,Obszar niezabudowany,20.9149166666667,51.4691111111111,Jezdnia,Silny wiatr,"Zmrok, świt",Najechanie na pieszego,1,0,1,Lekko,N,,,,,,,,,,
EWK-98693753U,2014,2014-12-22,16,POWIAT RADOMSKI,PRZYTYK - OBSZAR WIEJSKI,Droga powiatowa,34365W,Jednojezdniowa dwukierunkowa,Odcinek prosty,Obszar niezabudowany,20.9149166666667,51.4691111111111,Jezdnia,Silny wiatr,"Zmrok, świt",Najechanie na pieszego,1,0,0,Nieokreślone (puste pole),N,,,,,,,,,,
EWK-98092145N,2014,2014-01-12,22,POWIAT KOZIENICKI,GARBATKA-LETNISKO - OBSZAR WIEJSKI,Droga krajowa,79,Jednojezdniowa dwukierunkowa,Odcinek prosty,Obszar zabudowany,21.6112222222222,51.48225,Jezdnia,"Silny wiatr; Opady śniegu, gradu",Noc - droga nieoświetlona,Najechanie na pieszego,1,0,1,Ciężko,N,,,,,,,,,,
EWK-98092145N,2014,2014-01-12,22,POWIAT KOZIENICKI,GARBATKA-LETNISKO - OBSZAR WIEJSKI,Droga krajowa,79,Jednojezdniowa dwukierunkowa,Odcinek prosty,Obszar zabudowany,21.6112222222222,51.48225,Jezdnia,"Silny wiatr; Opady śniegu, gradu",Noc - droga nieoświetlona,Najechanie na pieszego,1,0,0,Nieokreślone (puste pole),N,,,,,,,,,,
EWK-98743619M,2015,2015-01-27,19,POWIAT SIEDLCE,SIEDLCE - OBSZAR MIEJSKI,Droga wojewódzka,W628,Jednokierunkowa,Odcinek prosty,Obszar zabudowany,22.3099166666667,52.1624444444444,"Chodnik, droga dla pieszych",Dobre warunki atmosferyczne,Noc - droga oświetlona,Inne,1,0,1,Lekko,N,,,,,,,,,,
EWK-98743619M,2015,2015-01-27,19,POWIAT SIEDLCE,SIEDLCE - OBSZAR MIEJSKI,Droga wojewódzka,W628,Jednokierunkowa,Odcinek prosty,Obszar zabudowany,22.3099166666667,52.1624444444444,"Chodnik, droga dla pieszych",Dobre warunki atmosferyczne,Noc - droga oświetlona,Inne,1,0,0,Nieokreślone (puste pole),N,,,,,,,,,,
EWK-98779531X,2015,2015-02-28,19,POWIAT WYSZKOWSKI,ZABRODZIE - OBSZAR WIEJSKI,Droga powiatowa,P1811W,Jednojezdniowa dwukierunkowa,Odcinek prosty,Obszar zabudowany,21.5130555555556,52.4937222222222,Jezdnia,Dobre warunki atmosferyczne,Noc - droga oświetlona,Inne,1,0,1,Ciężko,N,,,,,,,,,,
EWK-98779531X,2015,2015-02-28,19,POWIAT WYSZKOWSKI,ZABRODZIE - OBSZAR WIEJSKI,Droga powiatowa,P1811W,Jednojezdniowa dwukierunkowa,Odcinek prosty,Obszar zabudowany,21.5130555555556,52.4937222222222,Jezdnia,Dobre warunki atmosferyczne,Noc - droga oświetlona,Inne,1,0,0,Nieokreślone (puste pole),N,,,,,,,,,,
EWK-99349753Q,2015,2015-11-24,13,POWIAT RADOMSKI,SKARYSZEW - OBSZAR WIEJSKI,Droga powiatowa,P3544W,Jednojezdniowa dwukierunkowa,Odcinek prosty,Obszar zabudowany,21.3223888888889,51.2446388888889,Jezdnia,Dobre warunki atmosferyczne,Noc - droga oświetlona,Inne,1,0,1,Lekko,N,,,,,,,,,,
EWK-99349753Q,2015,2015-11-24,13,POWIAT RADOMSKI,SKARYSZEW - OBSZAR WIEJSKI,Droga powiatowa,P3544W,Jednojezdniowa dwukierunkowa,Odcinek prosty,Obszar zabudowany,21.3223888888889,51.2446388888889,Jezdnia,Dobre warunki atmosferyczne,Noc - droga oświetlona,Inne,1,0,0,Nieokreślone (puste pole),N,,,,,,,,,,
EWK-98881987N,2015,2015-05-07,17,POWIAT OSTROŁĘKA,OSTROŁĘKA - OBSZAR MIEJSKI,Droga krajowa,61,Jednojezdniowa dwukierunkowa,Odcinek prosty,Obszar zabudowany,21.5386388888889,53.0728611111111,Jezdnia,Dobre warunki atmosferyczne,Światło dzienne,Inne,1,0,1,Lekko,N,,,,,,,,,,
EWK-98881987N,2015,2015-05-07,17,POWIAT OSTROŁĘKA,OSTROŁĘKA - OBSZAR MIEJSKI,Droga krajowa,61,Jednojezdniowa dwukierunkowa,Odcinek prosty,Obszar zabudowany,21.5386388888889,53.0728611111111,Jezdnia,Dobre warunki atmosferyczne,Światło dzienne,Inne,1,0,0,Nieokreślone (puste pole),N,,,,,,,,,,
EWK-98850789H,2015,2015-04-23,11,POWIAT ZWOLEŃSKI,TCZÓW - OBSZAR WIEJSKI,Droga powiatowa,P4516W,Jednojezdniowa dwukierunkowa,"Zakręt, łuk",Obszar zabudowany,21.4826944444444,51.3158055555556,Pobocze,Dobre warunki atmosferyczne,Światło dzienne,Inne,1,0,1,Lekko,N,,,,,,,,,,
EWK-98850789H,2015,2015-04-23,11,POWIAT ZWOLEŃSKI,TCZÓW - OBSZAR WIEJSKI,Droga powiatowa,P4516W,Jednojezdniowa dwukierunkowa,"Zakręt, łuk",Obszar zabudowany,21.4826944444444,51.3158055555556,Pobocze,Dobre warunki atmosferyczne,Światło dzienne,Inne,1,0,0,Nieokreślone (puste pole),N,,,,,,,,,,
EWK-103506940G,2015,2015-12-10,17,POWIAT RADOM,RADOM - OBSZAR MIEJSKI,Droga krajowa,7,Jednojezdniowa dwukierunkowa,Odcinek prosty,Obszar niezabudowany,21.0618055555556,51.3638888888889,Jezdnia,Dobre warunki atmosferyczne,Noc - droga nieoświetlona,Najechanie na pieszego,1,0,1,Lekko,N,,,,,,,,,,
EWK-103506940G,2015,2015-12-10,17,POWIAT RADOM,RADOM - OBSZAR MIEJSKI,Droga krajowa,7,Jednojezdniowa dwukierunkowa,Odcinek prosty,Obszar niezabudowany,21.0618055555556,51.3638888888889,Jezdnia,Dobre warunki atmosferyczne,Noc - droga nieoświetlona,Najechanie na pieszego,1,0,0,Nieokreślone (puste pole),N,,,,,,,,,,
EWK-103563074C,2015,2015-12-14,16,POWIAT LIPSKI,LIPSKO - OBSZAR WIEJSKI,Droga wojewódzka,754,Jednojezdniowa dwukierunkowa,Odcinek prosty,Obszar zabudowany,21.7209722222222,51.1923888888889,Jezdnia,Dobre warunki atmosferyczne,Noc - droga nieoświetlona,Najechanie na pieszego,1,1,0,Nieokreślone (puste pole),N,,,,,,,,,,
EWK-103621144C,2015,2015-12-23,16,POWIAT PRZYSUSKI,BORKOWICE - OBSZAR WIEJSKI,Droga wojewódzka,727,Jednojezdniowa dwukierunkowa,Odcinek prosty,Obszar niezabudowany,20.7320277777778,51.2972777777778,Jezdnia,Dobre warunki atmosferyczne,Noc - droga nieoświetlona,Najechanie na pieszego,1,0,1,Lekko,N,,,,,,,,,,
EWK-103621144C,2015,2015-12-23,16,POWIAT PRZYSUSKI,BORKOWICE - OBSZAR WIEJSKI,Droga wojewódzka,727,Jednojezdniowa dwukierunkowa,Odcinek prosty,Obszar niezabudowany,20.7320277777778,51.2972777777778,Jezdnia,Dobre warunki atmosferyczne,Noc - droga nieoświetlona,Najechanie na pieszego,1,0,0,Nieokreślone (puste pole),N,,,,,,,,,,
EWK-103668666J,2015,2015-12-26,18,POWIAT LIPSKI,SOLEC NAD WISŁĄ - OBSZAR WIEJSKI,Nieokreślone (puste pole),,Jednojezdniowa dwukierunkowa,"Zakręt, łuk",Obszar zabudowany,21.7583055555556,51.1032777777778,Jezdnia,Dobre warunki atmosferyczne,Noc - droga nieoświetlona,Najechanie na pieszego,1,1,0,Nieokreślone (puste pole),N,,,,,,,,,,
EWK-103670176P,2015,2015-12-25,21,POWIAT MAKOWSKI,KRASNOSIELC - OBSZAR WIEJSKI,Droga powiatowa,3227W,Jednojezdniowa dwukierunkowa,Odcinek prosty,Obszar niezabudowany,21.1760277777778,53.1112777777778,Jezdnia,Dobre warunki atmosferyczne,Noc - droga nieoświetlona,Najechanie na pieszego,1,2,0,Nieokreślone (puste pole),N,,,,,,,,,,
EWK-103672532Y,2015,2015-12-29,17,POWIAT PŁOCKI,MAŁA WIEŚ - OBSZAR WIEJSKI,Droga powiatowa,P2963W,Jednojezdniowa dwukierunkowa,Odcinek prosty,Obszar niezabudowany,20.0429722222222,52.4043055555556,Jezdnia,Dobre warunki atmosferyczne,Noc - droga nieoświetlona,Najechanie na pieszego,1,1,0,Nieokreślone (puste pole),N,,,,,,,,,,
EWK-98716245U,2015,2015-01-07,5,POWIAT ŻYRARDOWSKI,RADZIEJOWICE - OBSZAR WIEJSKI,Droga powiatowa,P4713W,Jednojezdniowa dwukierunkowa,Odcinek prosty,Obszar niezabudowany,20.5096944444444,52.0137222222222,Jezdnia,Dobre warunki atmosferyczne,Noc - droga nieoświetlona,Najechanie na pieszego,1,1,0,Nieokreślone (puste pole),N,,,,,,,,,,
EWK-98744648A,2015,2015-01-30,18,POWIAT SOCHACZEWSKI,SOCHACZEW - OBSZAR MIEJSKI,Droga gminna,GMINNA,Jednojezdniowa dwukierunkowa,Odcinek prosty,Obszar zabudowany,20.2618055555556,52.2271944444444,Jezdnia,Dobre warunki atmosferyczne,Noc - droga nieoświetlona,Najechanie na pieszego,1,0,1,Lekko,N,,,,,,,,,,
EWK-98744648A,2015,2015-01-30,18,POWIAT SOCHACZEWSKI,SOCHACZEW - OBSZAR MIEJSKI,Droga gminna,GMINNA,Jednojezdniowa dwukierunkowa,Odcinek prosty,Obszar zabudowany,20.2618055555556,52.2271944444444,Jezdnia,Dobre warunki atmosferyczne,Noc - droga nieoświetlona,Najechanie na pieszego,1,0,0,Nieokreślone (puste pole),N,,,,,,,,,,
EWK-98746654P,2015,2015-02-01,17,POWIAT OSTROWSKI,OSTRÓW MAZOWIECKA - OBSZAR MIEJSKI,Droga krajowa,60,Jednojezdniowa dwukierunkowa,Odcinek prosty,Obszar zabudowany,21.8541111111111,52.8040833333333,Jezdnia,Dobre warunki atmosferyczne,Noc - droga nieoświetlona,Najechanie na pieszego,1,1,0,Nieokreślone (puste pole),N,,,,,,,,,,
EWK-98747553M,2015,2015-01-30,5,POWIAT WYSZKOWSKI,ZABRODZIE - OBSZAR WIEJSKI,Droga gminna,G440604W,Jednojezdniowa dwukierunkowa,Odcinek prosty,Obszar niezabudowany,21.4361388888889,52.5288888888889,Jezdnia,Dobre warunki atmosferyczne,Noc - droga nieoświetlona,Najechanie na pieszego,1,0,1,Lekko,T,,,,,,,,,,
EWK-98747553M,2015,2015-01-30,5,POWIAT WYSZKOWSKI,ZABRODZIE - OBSZAR WIEJSKI,Droga gminna,G440604W,Jednojezdniowa dwukierunkowa,Odcinek prosty,Obszar niezabudowany,21.4361388888889,52.5288888888889,Jezdnia,Dobre warunki atmosferyczne,Noc - droga nieoświetlona,Najechanie na pieszego,1,0,0,Nieokreślone (puste pole),T,,,,,,,,,,
EWK-98749537R,2015,2015-02-03,18,POWIAT SOKOŁOWSKI,BIELANY - OBSZAR WIEJSKI,Droga powiatowa,36342W,Jednojezdniowa dwukierunkowa,Odcinek prosty,Obszar niezabudowany,22.2071666666667,52.3064444444444,Jezdnia,Dobre warunki atmosferyczne,Noc - droga nieoświetlona,Najechanie na pieszego,1,0,1,Lekko,N,,,,,,,,,,
EWK-98749537R,2015,2015-02-03,18,POWIAT SOKOŁOWSKI,BIELANY - OBSZAR WIEJSKI,Droga powiatowa,36342W,Jednojezdniowa dwukierunkowa,Odcinek prosty,Obszar niezabudowany,22.2071666666667,52.3064444444444,Jezdnia,Dobre warunki atmosferyczne,Noc - droga nieoświetlona,Najechanie na pieszego,1,0,0,Nieokreślone (puste pole),N,,,,,,,,,,
EWK-98766772U,2015,2015-02-18,19,POWIAT CIECHANOWSKI,OPINOGÓRA GÓRNA - OBSZAR WIEJSKI,Droga wojewódzka,617,Jednojezdniowa dwukierunkowa,Odcinek prosty,Obszar niezabudowany,20.7944166666667,52.9885555555556,Jezdnia,Dobre warunki atmosferyczne,Noc - droga nieoświetlona,Najechanie na pieszego,1,1,0,Nieokreślone (puste pole),N,,,,,,,,,,
EWK-98768292U,2015,2015-02-17,18,POWIAT PRZYSUSKI,POTWORÓW - OBSZAR WIEJSKI,Droga gminna,G330516W,Jednojezdniowa dwukierunkowa,Odcinek prosty,Obszar zabudowany,20.7496666666667,51.487,Jezdnia,Dobre warunki atmosferyczne,Noc - droga nieoświetlona,Najechanie na pieszego,1,0,1,Lekko,T,,,,,,,,,,
EWK-98768292U,2015,2015-02-17,18,POWIAT PRZYSUSKI,POTWORÓW - OBSZAR WIEJSKI,Droga gminna,G330516W,Jednojezdniowa dwukierunkowa,Odcinek prosty,Obszar zabudowany,20.7496666666667,51.487,Jezdnia,Dobre warunki atmosferyczne,Noc - droga nieoświetlona,Najechanie na pieszego,1,0,0,Nieokreślone (puste pole),T,,,,,,,,,,
EWK-98770566D,2015,2015-02-22,18,POWIAT SOCHACZEWSKI,SOCHACZEW - OBSZAR WIEJSKI,Droga krajowa,92,Jednojezdniowa dwukierunkowa,Odcinek prosty,Obszar niezabudowany,20.2933333333333,52.2243333333333,Jezdnia,Dobre warunki atmosferyczne,Noc - droga nieoświetlona,Najechanie na pieszego,1,0,1,Ciężko,N,,,,,,,,,,
EWK-98770566D,2015,2015-02-22,18,POWIAT SOCHACZEWSKI,SOCHACZEW - OBSZAR WIEJSKI,Droga krajowa,92,Jednojezdniowa dwukierunkowa,Odcinek prosty,Obszar niezabudowany,20.2933333333333,52.2243333333333,Jezdnia,Dobre warunki atmosferyczne,Noc - droga nieoświetlona,Najechanie na pieszego,1,0,0,Nieokreślone (puste pole),N,,,,,,,,,,
EWK-98789335F,2015,2015-03-07,18,POWIAT SIERPECKI,ZAWIDZ - OBSZAR WIEJSKI,Droga wojewódzka,561,Jednojezdniowa dwukierunkowa,"Zakręt, łuk",Obszar niezabudowany,19.8776388888889,52.8246388888889,Jezdnia,Dobre warunki atmosferyczne,Noc - droga nieoświetlona,Najechanie na pieszego,1,0,1,Lekko,N,,,,,,,,,,
EWK-98789335F,2015,2015-03-07,18,POWIAT SIERPECKI,ZAWIDZ - OBSZAR WIEJSKI,Droga wojewódzka,561,Jednojezdniowa dwukierunkowa,"Zakręt, łuk",Obszar niezabudowany,19.8776388888889,52.8246388888889,Jezdnia,Dobre warunki atmosferyczne,Noc - droga nieoświetlona,Najechanie na pieszego,1,0,0,Nieokreślone (puste pole),N,,,,,,,,,,
EWK-98804274A,2015,2015-03-20,18,POWIAT GRÓJECKI,PNIEWY - OBSZAR WIEJSKI,Droga powiatowa,P,Jednojezdniowa dwukierunkowa,Odcinek prosty,Obszar niezabudowany,20.7431111111111,51.9121666666667,Jezdnia,Dobre warunki atmosferyczne,Noc - droga nieoświetlona,Najechanie na pieszego,1,1,0,Nieokreślone (puste pole),N,,,,,,,,,,
EWK-98807074K,2015,2015-03-23,18,POWIAT RADOMSKI,PRZYTYK - OBSZAR WIEJSKI,Droga gminna,GMINNA,Jednojezdniowa dwukierunkowa,Odcinek prosty,Obszar niezabudowany,20.8200833333333,51.4527777777778,Jezdnia,Dobre warunki atmosferyczne,Noc - droga nieoświetlona,Najechanie na pieszego,1,0,1,Ciężko,N,,,,,,,,,,
EWK-98807074K,2015,2015-03-23,18,POWIAT RADOMSKI,PRZYTYK - OBSZAR WIEJSKI,Droga gminna,GMINNA,Jednojezdniowa dwukierunkowa,Odcinek prosty,Obszar niezabudowany,20.8200833333333,51.4527777777778,Jezdnia,Dobre warunki atmosferyczne,Noc - droga nieoświetlona,Najechanie na pieszego,1,0,0,Nieokreślone (puste pole),N,,,,,,,,,,
EWK-98808036D,2015,2015-03-24,21,POWIAT PŁOŃSKI,CZERWIŃSK NAD WISŁĄ - OBSZAR WIEJSKI,Droga powiatowa,P3053W,Jednojezdniowa dwukierunkowa,Odcinek prosty,Obszar niezabudowany,20.4622777777778,52.5435833333333,Jezdnia,Dobre warunki atmosferyczne,Noc - droga nieoświetlona,Najechanie na pieszego,1,1,0,Nieokreślone (puste pole),N,,,,,,,,,,
EWK-98830640T,2015,2015-04-12,21,POWIAT SIEDLECKI,SIEDLCE - OBSZAR WIEJSKI,Droga krajowa,2,Jednojezdniowa dwukierunkowa,Odcinek prosty,Obszar niezabudowany,22.3360833333333,52.1303055555556,Jezdnia,Dobre warunki atmosferyczne,Noc - droga nieoświetlona,Najechanie na pieszego,1,1,0,Nieokreślone (puste pole),N,,,,,,,,,,
EWK-98847722Y,2015,2015-04-22,23,POWIAT BIAŁOBRZESKI,STARA BŁOTNICA - OBSZAR WIEJSKI,Droga krajowa,S7,Ekspresowa,"Zakręt, łuk",Obszar niezabudowany,21.0268611111111,51.5608333333333,Jezdnia,Dobre warunki atmosferyczne,Noc - droga nieoświetlona,Najechanie na pieszego,1,0,1,Lekko,T,,,,,,,,,,
EWK-98847722Y,2015,2015-04-22,23,POWIAT BIAŁOBRZESKI,STARA BŁOTNICA - OBSZAR WIEJSKI,Droga krajowa,S7,Ekspresowa,"Zakręt, łuk",Obszar niezabudowany,21.0268611111111,51.5608333333333,Jezdnia,Dobre warunki atmosferyczne,Noc - droga nieoświetlona,Najechanie na pieszego,1,0,0,Nieokreślone (puste pole),T,,,,,,,,,,
EWK-98871033A,2015,2015-04-30,21,POWIAT PŁOŃSKI,BABOSZEWO - OBSZAR WIEJSKI,Droga krajowa,7,Jednojezdniowa dwukierunkowa,Odcinek prosty,Obszar niezabudowany,20.3451388888889,52.6966388888889,Jezdnia,Dobre warunki atmosferyczne,Noc - droga nieoświetlona,Najechanie na pieszego,1,0,1,Ciężko,N,,,,,,,,,,
EWK-98871033A,2015,2015-04-30,21,POWIAT PŁOŃSKI,BABOSZEWO - OBSZAR WIEJSKI,Droga krajowa,7,Jednojezdniowa dwukierunkowa,Odcinek prosty,Obszar niezabudowany,20.3451388888889,52.6966388888889,Jezdnia,Dobre warunki atmosferyczne,Noc - droga nieoświetlona,Najechanie na pieszego,1,0,0,Nieokreślone (puste pole),N,,,,,,,,,,
EWK-98874939D,2015,2015-05-04,21,POWIAT GRÓJECKI,MOGIELNICA - OBSZAR MIEJSKI,Droga wojewódzka,728,Jednojezdniowa dwukierunkowa,Odcinek prosty,Obszar niezabudowany,20.705,51.7104722222222,Jezdnia,Dobre warunki atmosferyczne,Noc - droga nieoświetlona,Najechanie na pieszego,1,0,2,Ciężko,T,,,,,,,,,,
EWK-98874939D,2015,2015-05-04,21,POWIAT GRÓJECKI,MOGIELNICA - OBSZAR MIEJSKI,Droga wojewódzka,728,Jednojezdniowa dwukierunkowa,Odcinek prosty,Obszar niezabudowany,20.705,51.7104722222222,Jezdnia,Dobre warunki atmosferyczne,Noc - droga nieoświetlona,Najechanie na pieszego,1,0,0,Nieokreślone (puste pole),T,,,,,,,,,,
EWK-98882504H,2015,2015-05-10,2,POWIAT RADOMSKI,KOWALA - OBSZAR WIEJSKI,Droga wojewódzka,733,Jednojezdniowa dwukierunkowa,Odcinek prosty,Obszar niezabudowany,21.0813611111111,51.3233888888889,Jezdnia,Dobre warunki atmosferyczne,Noc - droga nieoświetlona,Najechanie na pieszego,1,0,1,Lekko,N,,,,,,,,,,
EWK-98882504H,2015,2015-05-10,2,POWIAT RADOMSKI,KOWALA - OBSZAR WIEJSKI,Droga wojewódzka,733,Jednojezdniowa dwukierunkowa,Odcinek prosty,Obszar niezabudowany,21.0813611111111,51.3233888888889,Jezdnia,Dobre warunki atmosferyczne,Noc - droga nieoświetlona,Najechanie na pieszego,1,0,0,Nieokreślone (puste pole),N,,,,,,,,,,
EWK-98904458U,2015,2015-05-14,23,POWIAT PŁOŃSKI,SOCHOCIN - OBSZAR WIEJSKI,Droga powiatowa,P3042W,Jednojezdniowa dwukierunkowa,Odcinek prosty,Obszar niezabudowany,20.5151388888889,52.6973055555556,Jezdnia,Dobre warunki atmosferyczne,Noc - droga nieoświetlona,Najechanie na pieszego,1,0,1,Lekko,T,,,,,,,,,,
EWK-98904458U,2015,2015-05-14,23,POWIAT PŁOŃSKI,SOCHOCIN - OBSZAR WIEJSKI,Droga powiatowa,P3042W,Jednojezdniowa dwukierunkowa,Odcinek prosty,Obszar niezabudowany,20.5151388888889,52.6973055555556,Jezdnia,Dobre warunki atmosferyczne,Noc - droga nieoświetlona,Najechanie na pieszego,1,0,0,Nieokreślone (puste pole),T,,,,,,,,,,
EWK-98931348G,2015,2015-05-29,22,POWIAT PRZASNYSKI,KRZYNOWŁOGA MAŁA - OBSZAR WIEJSKI,Droga krajowa,57,Jednojezdniowa dwukierunkowa,Odcinek prosty,Obszar niezabudowany,20.8545,53.0948888888889,Jezdnia,Dobre warunki atmosferyczne,Noc - droga nieoświetlona,Najechanie na pieszego,1,0,1,Ciężko,N,,,,,,,,,,
EWK-98931348G,2015,2015-05-29,22,POWIAT PRZASNYSKI,KRZYNOWŁOGA MAŁA - OBSZAR WIEJSKI,Droga krajowa,57,Jednojezdniowa dwukierunkowa,Odcinek prosty,Obszar niezabudowany,20.8545,53.0948888888889,Jezdnia,Dobre warunki atmosferyczne,Noc - droga nieoświetlona,Najechanie na pieszego,1,0,0,Nieokreślone (puste pole),N,,,,,,,,,,
EWK-98950440K,2015,2015-06-10,23,POWIAT RADOM,RADOM - OBSZAR MIEJSKI,Droga gminna,GMINNA,Jednojezdniowa dwukierunkowa,Odcinek prosty,Obszar zabudowany,21.0963333333333,51.3968611111111,Jezdnia,Dobre warunki atmosferyczne,Noc - droga nieoświetlona,Najechanie na pieszego,1,0,1,Lekko,T,,,,,,,,,,
EWK-98950440K,2015,2015-06-10,23,POWIAT RADOM,RADOM - OBSZAR MIEJSKI,Droga gminna,GMINNA,Jednojezdniowa dwukierunkowa,Odcinek prosty,Obszar zabudowany,21.0963333333333,51.3968611111111,Jezdnia,Dobre warunki atmosferyczne,Noc - droga nieoświetlona,Najechanie na pieszego,1,0,0,Nieokreślone (puste pole),T,,,,,,,,,,
EWK-99007067H,2015,2015-07-02,23,POWIAT GRÓJECKI,PNIEWY - OBSZAR WIEJSKI,Droga krajowa,50,Jednojezdniowa dwukierunkowa,Odcinek prosty,Obszar niezabudowany,20.6945833333333,51.9136111111111,Jezdnia,Dobre warunki atmosferyczne,Noc - droga nieoświetlona,Najechanie na pieszego,1,0,1,Ciężko,N,,,,,,,,,,
EWK-99007067H,2015,2015-07-02,23,POWIAT GRÓJECKI,PNIEWY - OBSZAR WIEJSKI,Droga krajowa,50,Jednojezdniowa dwukierunkowa,Odcinek prosty,Obszar niezabudowany,20.6945833333333,51.9136111111111,Jezdnia,Dobre warunki atmosferyczne,Noc - droga nieoświetlona,Najechanie na pieszego,1,0,0,Nieokreślone (puste pole),N,,,,,,,,,,
EWK-99017960G,2015,2015-07-08,22,POWIAT SOCHACZEWSKI,IŁÓW - OBSZAR WIEJSKI,Droga powiatowa,3806W,Jednojezdniowa dwukierunkowa,Odcinek prosty,Obszar niezabudowany,20.0566388888889,52.3425833333333,Jezdnia,Dobre warunki atmosferyczne,Noc - droga nieoświetlona,Najechanie na pieszego,1,1,0,Nieokreślone (puste pole),N,,,,,,,,,,