IDKSIP,year,date,hour,district,district_commune,road_category,road_number,type_of_road,road_geometry,area,Longitude,Latitude,char_place_of_the_event,weather_conditions,lighting,type_of_accident,num_of_accidents,num_of_fatalities,num_of_injured,type_of_injury,is_offender_intoxicated,,,,,,,,,,
EWK-98754036G,2015,2015-02-05,17,POWIAT RADOMSKI,IŁŻA - OBSZAR WIEJSKI,Droga powiatowa,P3553W,Jednojezdniowa dwukierunkowa,,Obszar zabudowany,21.192,51.1069166666667,Jezdnia,Dobre warunki atmosferyczne,Noc - droga oświetlona,Najechanie na pieszego,1,0,1,Lekko,N,,,,,,,,,,
EWK-98754036G,2015,2015-02-05,17,POWIAT RADOMSKI,IŁŻA - OBSZAR WIEJSKI,Droga powiatowa,P3553W,Jednojezdniowa dwukierunkowa,,Obszar zabudowany,21.192,51.1069166666667,Jezdnia,Dobre warunki atmosferyczne,Noc - droga oświetlona,Najechanie na pieszego,1,0,0,Nieokreślone (puste pole),N,,,,,,,,,,
EWK-98771493U,2015,2015-02-22,21,POWIAT RADOMSKI,ZAKRZEW - OBSZAR WIEJSKI,Droga wojewódzka,740,Jednojezdniowa dwukierunkowa,Odcinek prosty,Obszar zabudowany,21.0891666666667,51.4146944444444,Jezdnia,Dobre warunki atmosferyczne,Noc - droga oświetlona,Najechanie na pieszego,1,0,1,Lekko,N,,,,,,,,,,
EWK-98771493U,2015,2015-02-22,21,POWIAT RADOMSKI,ZAKRZEW - OBSZAR WIEJSKI,Droga wojewódzka,740,Jednojezdniowa dwukierunkowa,Odcinek prosty,Obszar zabudowany,21.0891666666667,51.4146944444444,Jezdnia,Dobre warunki atmosferyczne,Noc - droga oświetlona,Najechanie na pieszego,1,0,0,Nieokreślone (puste pole),N,,,,,,,,,,
EWK-98773068K,2015,2015-02-20,19,POWIAT GRÓJECKI,WARKA - OBSZAR MIEJSKI,Droga gminna,GMINNA,Jednojezdniowa dwukierunkowa,,Obszar zabudowany,21.1969166666667,51.7865277777778,Jezdnia,Dobre warunki atmosferyczne,Noc - droga oświetlona,Najechanie na pieszego,1,0,1,Lekko,N,,,,,,,,,,
EWK-98773068K,2015,2015-02-20,19,POWIAT GRÓJECKI,WARKA - OBSZAR MIEJSKI,Droga gminna,GMINNA,Jednojezdniowa dwukierunkowa,,Obszar zabudowany,21.1969166666667,51.7865277777778,Jezdnia,Dobre warunki atmosferyczne,Noc - droga oświetlona,Najechanie na pieszego,1,0,0,Nieokreślone (puste pole),N,,,,,,,,,,
EWK-98788741R,2015,2015-03-09,18,POWIAT ZWOLEŃSKI,ZWOLEŃ - OBSZAR MIEJSKI,Droga krajowa,12,Jednojezdniowa dwukierunkowa,,Obszar zabudowany,21.5796111111111,51.3575555555556,Jezdnia,Dobre warunki atmosferyczne,Noc - droga oświetlona,Najechanie na pieszego,1,0,1,Ciężko,N,,,,,,,,,,
EWK-98788741R,2015,2015-03-09,18,POWIAT ZWOLEŃSKI,ZWOLEŃ - OBSZAR MIEJSKI,Droga krajowa,12,Jednojezdniowa dwukierunkowa,,Obszar zabudowany,21.5796111111111,51.3575555555556,Jezdnia,Dobre warunki atmosferyczne,Noc - droga oświetlona,Najechanie na pieszego,1,1,0,Nieokreślone (puste pole),N,,,,,,,,,,
EWK-98800750N,2015,2015-03-17,22,POWIAT ŻYRARDOWSKI,ŻYRARDÓW - OBSZAR MIEJSKI,Droga wojewódzka,719,Jednojezdniowa dwukierunkowa,Odcinek prosty,Obszar zabudowany,20.4563888888889,52.0694444444444,Jezdnia,Dobre warunki atmosferyczne,Noc - droga oświetlona,Najechanie na pieszego,1,0,1,Ciężko,N,,,,,,,,,,
EWK-98800750N,2015,2015-03-17,22,POWIAT ŻYRARDOWSKI,ŻYRARDÓW - OBSZAR MIEJSKI,Droga wojewódzka,719,Jednojezdniowa dwukierunkowa,Odcinek prosty,Obszar zabudowany,20.4563888888889,52.0694444444444,Jezdnia,Dobre warunki atmosferyczne,Noc - droga oświetlona,Najechanie na pieszego,1,0,0,Nieokreślone (puste pole),N,,,,,,,,,,
EWK-98807328G,2015,2015-03-21,18,POWIAT PŁOŃSKI,BABOSZEWO - OBSZAR WIEJSKI,Droga gminna,G300133W,Jednojezdniowa dwukierunkowa,Odcinek prosty,Obszar zabudowany,20.2120555555556,52.7268055555556,Jezdnia,Dobre warunki atmosferyczne,Noc - droga oświetlona,Najechanie na pieszego,1,0,2,Lekko,N,,,,,,,,,,
EWK-98807328G,2015,2015-03-21,18,POWIAT PŁOŃSKI,BABOSZEWO - OBSZAR WIEJSKI,Droga gminna,G300133W,Jednojezdniowa dwukierunkowa,Odcinek prosty,Obszar zabudowany,20.2120555555556,52.7268055555556,Jezdnia,Dobre warunki atmosferyczne,Noc - droga oświetlona,Najechanie na pieszego,1,0,0,Nieokreślone (puste pole),N,,,,,,,,,,
EWK-98989230P,2015,2015-06-23,21,POWIAT RADOM,RADOM - OBSZAR MIEJSKI,Droga gminna,GMINNA,Jednojezdniowa dwukierunkowa,Odcinek prosty,Obszar zabudowany,21.1291111111111,51.3877777777778,Jezdnia,Dobre warunki atmosferyczne,Noc - droga oświetlona,Najechanie na pieszego,1,0,1,Lekko,N,,,,,,,,,,
EWK-98989230P,2015,2015-06-23,21,POWIAT RADOM,RADOM - OBSZAR MIEJSKI,Droga gminna,GMINNA,Jednojezdniowa dwukierunkowa,Odcinek prosty,Obszar zabudowany,21.1291111111111,51.3877777777778,Jezdnia,Dobre warunki atmosferyczne,Noc - droga oświetlona,Najechanie na pieszego,1,0,0,Nieokreślone (puste pole),N,,,,,,,,,,
EWK-99000596W,2015,2015-06-26,22,POWIAT RADOM,RADOM - OBSZAR MIEJSKI,Droga powiatowa,P5304W  ,Jednojezdniowa dwukierunkowa,Odcinek prosty,Obszar zabudowany,21.1631111111111,51.4110833333333,Jezdnia,Dobre warunki atmosferyczne,Noc - droga oświetlona,Najechanie na pieszego,1,0,1,Lekko,N,,,,,,,,,,
EWK-99000596W,2015,2015-06-26,22,POWIAT RADOM,RADOM - OBSZAR MIEJSKI,Droga powiatowa,P5304W  ,Jednojezdniowa dwukierunkowa,Odcinek prosty,Obszar zabudowany,21.1631111111111,51.4110833333333,Jezdnia,Dobre warunki atmosferyczne,Noc - droga oświetlona,Najechanie na pieszego,1,0,0,Nieokreślone (puste pole),N,,,,,,,,,,
EWK-99080942G,2015,2015-08-07,21,POWIAT GRÓJECKI,WARKA - OBSZAR MIEJSKI,Droga wojewódzka,731,Jednojezdniowa dwukierunkowa,Odcinek prosty,Obszar zabudowany,21.2027777777778,51.7993611111111,Jezdnia,Dobre warunki atmosferyczne,Noc - droga oświetlona,Najechanie na pieszego,1,0,1,Lekko,T,,,,,,,,,,
EWK-99080942G,2015,2015-08-07,21,POWIAT GRÓJECKI,WARKA - OBSZAR MIEJSKI,Droga wojewódzka,731,Jednojezdniowa dwukierunkowa,Odcinek prosty,Obszar zabudowany,21.2027777777778,51.7993611111111,Jezdnia,Dobre warunki atmosferyczne,Noc - droga oświetlona,Najechanie na pieszego,1,1,0,Nieokreślone (puste pole),T,,,,,,,,,,
EWK-99098108G,2015,2015-08-16,23,POWIAT RADOMSKI,JEDLIŃSK - OBSZAR WIEJSKI,Droga krajowa,7,Dwie jezdnie jednokierunkowe,Odcinek prosty,Obszar niezabudowany,21.1380833333333,51.46625,Jezdnia,Dobre warunki atmosferyczne,Noc - droga oświetlona,Najechanie na pieszego,1,1,0,Nieokreślone (puste pole),N,,,,,,,,,,
EWK-99098932H,2015,2015-08-15,6,POWIAT KOZIENICKI,GRABÓW NAD PILICĄ - OBSZAR WIEJSKI,Droga powiatowa,P1710W,Jednojezdniowa dwukierunkowa,"Zakręt, łuk",Obszar zabudowany,21.2521388888889,51.7235833333333,Jezdnia,Dobre warunki atmosferyczne,Noc - droga oświetlona,Najechanie na pieszego,1,0,1,Ciężko,T,,,,,,,,,,
EWK-99098932H,2015,2015-08-15,6,POWIAT KOZIENICKI,GRABÓW NAD PILICĄ - OBSZAR WIEJSKI,Droga powiatowa,P1710W,Jednojezdniowa dwukierunkowa,"Zakręt, łuk",Obszar zabudowany,21.2521388888889,51.7235833333333,Jezdnia,Dobre warunki atmosferyczne,Noc - droga oświetlona,Najechanie na pieszego,1,0,0,Nieokreślone (puste pole),T,,,,,,,,,,
EWK-99125132T,2015,2015-08-28,20,POWIAT PŁOCKI,NOWY DUNINÓW - OBSZAR WIEJSKI,Droga krajowa,62,Jednojezdniowa dwukierunkowa,Odcinek prosty,Obszar zabudowany,19.4787222222222,52.5826666666667,Jezdnia,Dobre warunki atmosferyczne,Noc - droga oświetlona,Najechanie na pieszego,1,1,0,Nieokreślone (puste pole),T,,,,,,,,,,
EWK-99125516M,2015,2015-08-29,20,POWIAT RADOMSKI,PIONKI - OBSZAR WIEJSKI,Droga wojewódzka,691,Jednojezdniowa dwukierunkowa,Odcinek prosty,Obszar zabudowany,21.5118055555556,51.4733333333333,Jezdnia,Dobre warunki atmosferyczne,Noc - droga oświetlona,Najechanie na pieszego,1,1,0,Nieokreślone (puste pole),N,,,,,,,,,,
EWK-99164530E,2015,2015-09-14,20,POWIAT OSTROWSKI,OSTRÓW MAZOWIECKA - OBSZAR MIEJSKI,Droga gminna,GMINNA,Jednojezdniowa dwukierunkowa,Odcinek prosty,Obszar zabudowany,21.8870277777778,52.8073888888889,Jezdnia,Dobre warunki atmosferyczne,Noc - droga oświetlona,Najechanie na pieszego,1,1,0,Nieokreślone (puste pole),N,,,,,,,,,,
EWK-99212443X,2015,2015-09-24,20,POWIAT GARWOLIŃSKI,BOROWIE - OBSZAR WIEJSKI,Droga gminna,GMINNA,Jednojezdniowa dwukierunkowa,Odcinek prosty,Obszar zabudowany,21.7086944444444,51.9444444444444,Jezdnia,Dobre warunki atmosferyczne,Noc - droga oświetlona,Najechanie na pieszego,1,0,1,Ciężko,N,,,,,,,,,,
EWK-99212443X,2015,2015-09-24,20,POWIAT GARWOLIŃSKI,BOROWIE - OBSZAR WIEJSKI,Droga gminna,GMINNA,Jednojezdniowa dwukierunkowa,Odcinek prosty,Obszar zabudowany,21.7086944444444,51.9444444444444,Jezdnia,Dobre warunki atmosferyczne,Noc - droga oświetlona,Najechanie na pieszego,1,0,0,Nieokreślone (puste pole),N,,,,,,,,,,
EWK-99218406D,2015,2015-10-02,19,POWIAT KOZIENICKI,GARBATKA-LETNISKO - OBSZAR WIEJSKI,Droga krajowa,79,Jednojezdniowa dwukierunkowa,,Obszar zabudowany,21.6096111111111,51.5,Jezdnia,Dobre warunki atmosferyczne,Noc - droga oświetlona,Najechanie na pieszego,1,1,0,Nieokreślone (puste pole),T,,,,,,,,,,
EWK-99243975F,2015,2015-10-14,21,POWIAT SOCHACZEWSKI,SOCHACZEW - OBSZAR MIEJSKI,Droga wojewódzka,705,Jednojezdniowa dwukierunkowa,Odcinek prosty,Obszar zabudowany,20.2056111111111,52.1926666666667,Jezdnia,Dobre warunki atmosferyczne,Noc - droga oświetlona,Najechanie na pieszego,1,0,1,Lekko,N,,,,,,,,,,
EWK-99243975F,2015,2015-10-14,21,POWIAT SOCHACZEWSKI,SOCHACZEW - OBSZAR MIEJSKI,Droga wojewódzka,705,Jednojezdniowa dwukierunkowa,Odcinek prosty,Obszar zabudowany,20.2056111111111,52.1926666666667,Jezdnia,Dobre warunki atmosferyczne,Noc - droga oświetlona,Najechanie na pieszego,1,0,0,Nieokreślone (puste pole),N,,,,,,,,,,
EWK-99254051T,2015,2015-10-16,17,POWIAT RADOM,RADOM - OBSZAR MIEJSKI,Droga krajowa,7,Jednojezdniowa dwukierunkowa,Odcinek prosty,Obszar zabudowany,21.1199166666667,51.4051944444444,Jezdnia,Dobre warunki atmosferyczne,Noc - droga oświetlona,Najechanie na pieszego,1,0,1,Lekko,N,,,,,,,,,,
EWK-99254051T,2015,2015-10-16,17,POWIAT RADOM,RADOM - OBSZAR MIEJSKI,Droga krajowa,7,Jednojezdniowa dwukierunkowa,Odcinek prosty,Obszar zabudowany,21.1199166666667,51.4051944444444,Jezdnia,Dobre warunki atmosferyczne,Noc - droga oświetlona,Najechanie na pieszego,1,0,0,Nieokreślone (puste pole),N,,,,,,,,,,
EWK-99254640D,2015,2015-10-17,2,POWIAT WYSZKOWSKI,WYSZKÓW - OBSZAR MIEJSKI,Droga powiatowa,P4408W,Jednojezdniowa dwukierunkowa,Odcinek prosty,Obszar zabudowany,21.4566388888889,52.5968055555556,Jezdnia,Dobre warunki atmosferyczne,Noc - droga oświetlona,Najechanie na pieszego,1,0,1,Lekko,T,,,,,,,,,,
EWK-99254640D,2015,2015-10-17,2,POWIAT WYSZKOWSKI,WYSZKÓW - OBSZAR MIEJSKI,Droga powiatowa,P4408W,Jednojezdniowa dwukierunkowa,Odcinek prosty,Obszar zabudowany,21.4566388888889,52.5968055555556,Jezdnia,Dobre warunki atmosferyczne,Noc - droga oświetlona,Najechanie na pieszego,1,0,0,Nieokreślone (puste pole),T,,,,,,,,,,
EWK-99270777Y,2015,2015-10-23,18,POWIAT ŻYRARDOWSKI,PUSZCZA MARIAŃSKA - OBSZAR WIEJSKI,Droga wojewódzka,719,Jednojezdniowa dwukierunkowa,Odcinek prosty,Obszar zabudowany,20.3141944444444,51.9631666666667,Jezdnia,Dobre warunki atmosferyczne,Noc - droga oświetlona,Najechanie na pieszego,1,1,0,Nieokreślone (puste pole),N,,,,,,,,,,
EWK-99283133X,2015,2015-10-29,17,POWIAT RADOMSKI,JEDLIŃSK - OBSZAR WIEJSKI,Droga gminna,GMINNA,Jednojezdniowa dwukierunkowa,Odcinek prosty,Obszar zabudowany,21.1861666666667,51.5775,Jezdnia,Dobre warunki atmosferyczne,Noc - droga oświetlona,Najechanie na pieszego,1,0,1,Ciężko,N,,,,,,,,,,
EWK-99283133X,2015,2015-10-29,17,POWIAT RADOMSKI,JEDLIŃSK - OBSZAR WIEJSKI,Droga gminna,GMINNA,Jednojezdniowa dwukierunkowa,Odcinek prosty,Obszar zabudowany,21.1861666666667,51.5775,Jezdnia,Dobre warunki atmosferyczne,Noc - droga oświetlona,Najechanie na pieszego,1,0,0,Nieokreślone (puste pole),N,,,,,,,,,,
EWK-99313949U,2015,2015-11-09,16,POWIAT SIERPECKI,SIERPC - OBSZAR MIEJSKI,Droga wojewódzka,560,Jednojezdniowa dwukierunkowa,Odcinek prosty,Obszar zabudowany,19.6700555555556,52.84975,Jezdnia,Dobre warunki atmosferyczne,Noc - droga oświetlona,Najechanie na pieszego,1,0,1,Lekko,N,,,,,,,,,,
EWK-99313949U,2015,2015-11-09,16,POWIAT SIERPECKI,SIERPC - OBSZAR MIEJSKI,Droga wojewódzka,560,Jednojezdniowa dwukierunkowa,Odcinek prosty,Obszar zabudowany,19.6700555555556,52.84975,Jezdnia,Dobre warunki atmosferyczne,Noc - droga oświetlona,Najechanie na pieszego,1,0,0,Nieokreślone (puste pole),N,,,,,,,,,,
EWK-99328427H,2015,2015-11-14,19,POWIAT ZWOLEŃSKI,KAZANÓW - OBSZAR WIEJSKI,Droga powiatowa,P4517W,Jednojezdniowa dwukierunkowa,Odcinek prosty,Obszar zabudowany,21.3635277777778,51.25,Jezdnia,Dobre warunki atmosferyczne,Noc - droga oświetlona,Najechanie na pieszego,1,0,1,Ciężko,N,,,,,,,,,,
EWK-99328427H,2015,2015-11-14,19,POWIAT ZWOLEŃSKI,KAZANÓW - OBSZAR WIEJSKI,Droga powiatowa,P4517W,Jednojezdniowa dwukierunkowa,Odcinek prosty,Obszar zabudowany,21.3635277777778,51.25,Jezdnia,Dobre warunki atmosferyczne,Noc - droga oświetlona,Najechanie na pieszego,1,0,0,Nieokreślone (puste pole),N,,,,,,,,,,
EWK-99331074R,2015,2015-11-13,20,POWIAT RADOMSKI,ZAKRZEW - OBSZAR WIEJSKI,Droga wojewódzka,740,Jednojezdniowa dwukierunkowa,Odcinek prosty,Obszar zabudowany,21.1021388888889,51.4163055555556,Jezdnia,Dobre warunki atmosferyczne,Noc - droga oświetlona,Najechanie na pieszego,1,0,1,Ciężko,N,,,,,,,,,,
EWK-99331074R,2015,2015-11-13,20,POWIAT RADOMSKI,ZAKRZEW - OBSZAR WIEJSKI,Droga wojewódzka,740,Jednojezdniowa dwukierunkowa,Odcinek prosty,Obszar zabudowany,21.1021388888889,51.4163055555556,Jezdnia,Dobre warunki atmosferyczne,Noc - droga oświetlona,Najechanie na pieszego,1,0,0,Nieokreślone (puste pole),N,,,,,,,,,,
EWK-99333112Q,2015,2015-11-17,18,POWIAT PŁOCKI,RADZANOWO - OBSZAR WIEJSKI,Droga gminna,GMINNA,Jednojezdniowa dwukierunkowa,Odcinek prosty,Obszar zabudowany,19.8151944444444,52.566,Jezdnia,Dobre warunki atmosferyczne,Noc - droga oświetlona,Najechanie na pieszego,1,0,1,Lekko,N,,,,,,,,,,
EWK-99333112Q,2015,2015-11-17,18,POWIAT PŁOCKI,RADZANOWO - OBSZAR WIEJSKI,Droga gminna,GMINNA,Jednojezdniowa dwukierunkowa,Odcinek prosty,Obszar zabudowany,19.8151944444444,52.566,Jezdnia,Dobre warunki atmosferyczne,Noc - droga oświetlona,Najechanie na pieszego,1,0,0,Nieokreślone (puste pole),N,,,,,,,,,,
EWK-99336174G,2015,2015-11-13,18,POWIAT BIAŁOBRZESKI,BIAŁOBRZEGI - OBSZAR MIEJSKI,Droga wojewódzka,731,Jednojezdniowa dwukierunkowa,Odcinek prosty,Obszar zabudowany,20.9765277777778,51.6660277777778,Jezdnia,Dobre warunki atmosferyczne,Noc - droga oświetlona,Najechanie na pieszego,1,0,1,Lekko,N,,,,,,,,,,
EWK-99336174G,2015,2015-11-13,18,POWIAT BIAŁOBRZESKI,BIAŁOBRZEGI - OBSZAR MIEJSKI,Droga wojewódzka,731,Jednojezdniowa dwukierunkowa,Odcinek prosty,Obszar zabudowany,20.9765277777778,51.6660277777778,Jezdnia,Dobre warunki atmosferyczne,Noc - droga oświetlona,Najechanie na pieszego,1,0,0,Nieokreślone (puste pole),N,,,,,,,,,,
EWK-99336400X,2015,2015-11-12,18,POWIAT PŁOCKI,GĄBIN - OBSZAR MIEJSKI,Droga wojewódzka,577,Jednojezdniowa dwukierunkowa,Odcinek prosty,Obszar zabudowany,19.73225,52.39925,Jezdnia,Dobre warunki atmosferyczne,Noc - droga oświetlona,Najechanie na pieszego,1,0,1,Ciężko,N,,,,,,,,,,
EWK-99336400X,2015,2015-11-12,18,POWIAT PŁOCKI,GĄBIN - OBSZAR MIEJSKI,Droga wojewódzka,577,Jednojezdniowa dwukierunkowa,Odcinek prosty,Obszar zabudowany,19.73225,52.39925,Jezdnia,Dobre warunki atmosferyczne,Noc - droga oświetlona,Najechanie na pieszego,1,0,0,Nieokreślone (puste pole),N,,,,,,,,,,
EWK-99364266L,2015,2015-11-08,21,POWIAT WYSZKOWSKI,BRAŃSZCZYK - OBSZAR WIEJSKI,Droga gminna,G440119W,Jednojezdniowa dwukierunkowa,Odcinek prosty,Obszar zabudowany,21.5911944444444,52.6487777777778,Jezdnia,Dobre warunki atmosferyczne,Noc - droga oświetlona,Najechanie na pieszego,1,0,1,Lekko,N,,,,,,,,,,
EWK-99364266L,2015,2015-11-08,21,POWIAT WYSZKOWSKI,BRAŃSZCZYK - OBSZAR WIEJSKI,Droga gminna,G440119W,Jednojezdniowa dwukierunkowa,Odcinek prosty,Obszar zabudowany,21.5911944444444,52.6487777777778,Jezdnia,Dobre warunki atmosferyczne,Noc - droga oświetlona,Najechanie na pieszego,1,0,0,Nieokreślone (puste pole),N,,,,,,,,,,
EWK-99378185Y,2015,2015-12-03,16,POWIAT PRZASNYSKI,PRZASNYSZ - OBSZAR MIEJSKI,Droga gminna,G320773W,Jednojezdniowa dwukierunkowa,Odcinek prosty,Obszar zabudowany,20.8921111111111,53.0206388888889,Jezdnia,Dobre warunki atmosferyczne,Noc - droga oświetlona,Najechanie na pieszego,1,0,1,Ciężko,N,,,,,,,,,,
EWK-99378185Y,2015,2015-12-03,16,POWIAT PRZASNYSKI,PRZASNYSZ - OBSZAR MIEJSKI,Droga gminna,G320773W,Jednojezdniowa dwukierunkowa,Odcinek prosty,Obszar zabudowany,20.8921111111111,53.0206388888889,Jezdnia,Dobre warunki atmosferyczne,Noc - droga oświetlona,Najechanie na pieszego,1,0,0,Nieokreślone (puste pole),N,,,,,,,,,,
EWK-99185047T,2015,2015-09-20,1,POWIAT GRÓJECKI,GRÓJEC - OBSZAR WIEJSKI,Droga gminna,GMINNA,Jednojezdniowa dwukierunkowa,Odcinek prosty,Obszar zabudowany,20.9582222222222,51.8723611111111,Pobocze,Dobre warunki atmosferyczne,Noc - droga oświetlona,Najechanie na pieszego,1,0,1,Lekko,N,,,,,,,,,,
EWK-99185047T,2015,2015-09-20,1,POWIAT GRÓJECKI,GRÓJEC - OBSZAR WIEJSKI,Droga gminna,GMINNA,Jednojezdniowa dwukierunkowa,Odcinek prosty,Obszar zabudowany,20.9582222222222,51.8723611111111,Pobocze,Dobre warunki atmosferyczne,Noc - droga oświetlona,Najechanie na pieszego,1,0,0,Nieokreślone (puste pole),N,,,,,,,,,,
EWK-103600093Y,2015,2015-12-19,18,POWIAT KOZIENICKI,KOZIENICE - OBSZAR MIEJSKI,Droga krajowa,79,Jednojezdniowa dwukierunkowa,,Obszar zabudowany,21.5372777777778,51.5933055555556,Przejście dla pieszych,Dobre warunki atmosferyczne,Noc - droga oświetlona,Najechanie na pieszego,1,0,1,Lekko,N,,,,,,,,,,
EWK-103600093Y,2015,2015-12-19,18,POWIAT KOZIENICKI,KOZIENICE - OBSZAR MIEJSKI,Droga krajowa,79,Jednojezdniowa dwukierunkowa,,Obszar zabudowany,21.5372777777778,51.5933055555556,Przejście dla pieszych,Dobre warunki atmosferyczne,Noc - droga oświetlona,Najechanie na pieszego,1,0,0,Nieokreślone (puste pole),N,,,,,,,,,,
EWK-103626922P,2015,2015-12-23,19,POWIAT KOZIENICKI,GARBATKA-LETNISKO - OBSZAR WIEJSKI,Droga krajowa,79,Jednojezdniowa dwukierunkowa,Odcinek prosty,Obszar zabudowany,21.6096111111111,51.5,Przejście dla pieszych,Dobre warunki atmosferyczne,Noc - droga oświetlona,Najechanie na pieszego,1,0,1,Ciężko,N,,,,,,,,,,
EWK-103626922P,2015,2015-12-23,19,POWIAT KOZIENICKI,GARBATKA-LETNISKO - OBSZAR WIEJSKI,Droga krajowa,79,Jednojezdniowa dwukierunkowa,Odcinek prosty,Obszar zabudowany,21.6096111111111,51.5,Przejście dla pieszych,Dobre warunki atmosferyczne,Noc - droga oświetlona,Najechanie na pieszego,1,0,0,Nieokreślone (puste pole),N,,,,,,,,,,
EWK-103672420Y,2015,2015-12-29,4,POWIAT PŁOCKI,GĄBIN - OBSZAR MIEJSKI,Droga wojewódzka,574,Jednojezdniowa dwukierunkowa,,Obszar zabudowany,19.7326388888889,52.3989722222222,Przejście dla pieszych,Dobre warunki atmosferyczne,Noc - droga oświetlona,Najechanie na pieszego,1,0,1,Ciężko,N,,,,,,,,,,
EWK-103672420Y,2015,2015-12-29,4,POWIAT PŁOCKI,GĄBIN - OBSZAR MIEJSKI,Droga wojewódzka,574,Jednojezdniowa dwukierunkowa,,Obszar zabudowany,19.7326388888889,52.3989722222222,Przejście dla pieszych,Dobre warunki atmosferyczne,Noc - droga oświetlona,Najechanie na pieszego,1,0,0,Nieokreślone (puste pole),N,,,,,,,,,,
EWK-103699906J,2015,2015-12-03,16,POWIAT GARWOLIŃSKI,GARWOLIN - OBSZAR MIEJSKI,Droga gminna,GMINNA,Jednojezdniowa dwukierunkowa,Wzniesienie,Obszar zabudowany,21.6333055555556,51.877,Przejście dla pieszych,Dobre warunki atmosferyczne,Noc - droga oświetlona,Najechanie na pieszego,1,0,1,Lekko,N,,,,,,,,,,
EWK-103699906J,2015,2015-12-03,16,POWIAT GARWOLIŃSKI,GARWOLIN - OBSZAR MIEJSKI,Droga gminna,GMINNA,Jednojezdniowa dwukierunkowa,Wzniesienie,Obszar zabudowany,21.6333055555556,51.877,Przejście dla pieszych,Dobre warunki atmosferyczne,Noc - droga oświetlona,Najechanie na pieszego,1,0,0,Nieokreślone (puste pole),N,,,,,,,,,,
EWK-103718126N,2015,2015-12-30,17,POWIAT RADOM,RADOM - OBSZAR MIEJSKI,Droga gminna,G530023W,Jednojezdniowa dwukierunkowa,Odcinek prosty,Obszar zabudowany,21.1284444444444,51.3728333333333,Przejście dla pieszych,Dobre warunki atmosferyczne,Noc - droga oświetlona,Najechanie na pieszego,1,0,1,Lekko,N,,,,,,,,,,
EWK-103718126N,2015,2015-12-30,17,POWIAT RADOM,RADOM - OBSZAR MIEJSKI,Droga gminna,G530023W,Jednojezdniowa dwukierunkowa,Odcinek prosty,Obszar zabudowany,21.1284444444444,51.3728333333333,Przejście dla pieszych,Dobre warunki atmosferyczne,Noc - droga oświetlona,Najechanie na pieszego,1,0,0,Nieokreślone (puste pole),N,,,,,,,,,,
EWK-98715399D,2015,2015-01-07,16,POWIAT RADOM,RADOM - OBSZAR MIEJSKI,Droga powiatowa,P5309W,Jednojezdniowa dwukierunkowa,,Obszar zabudowany,21.1615,51.3977777777778,Przejście dla pieszych,Dobre warunki atmosferyczne,Noc - droga oświetlona,Najechanie na pieszego,1,0,1,Lekko,T,,,,,,,,,,
EWK-98715399D,2015,2015-01-07,16,POWIAT RADOM,RADOM - OBSZAR MIEJSKI,Droga powiatowa,P5309W,Jednojezdniowa dwukierunkowa,,Obszar zabudowany,21.1615,51.3977777777778,Przejście dla pieszych,Dobre warunki atmosferyczne,Noc - droga oświetlona,Najechanie na pieszego,1,0,0,Nieokreślone (puste pole),T,,,,,,,,,,
EWK-98725192D,2015,2015-01-15,18,POWIAT PRZASNYSKI,PRZASNYSZ - OBSZAR MIEJSKI,Droga gminna,GMINNA,Jednojezdniowa dwukierunkowa,,Obszar zabudowany,20.8871666666667,53.0220277777778,Przejście dla pieszych,Dobre warunki atmosferyczne,Noc - droga oświetlona,Najechanie na pieszego,1,0,1,Ciężko,N,,,,,,,,,,
EWK-98725192D,2015,2015-01-15,18,POWIAT PRZASNYSKI,PRZASNYSZ - OBSZAR MIEJSKI,Droga gminna,GMINNA,Jednojezdniowa dwukierunkowa,,Obszar zabudowany,20.8871666666667,53.0220277777778,Przejście dla pieszych,Dobre warunki atmosferyczne,Noc - droga oświetlona,Najechanie na pieszego,1,0,0,Nieokreślone (puste pole),N,,,,,,,,,,
EWK-98753097P,2015,2015-02-04,20,POWIAT WĘGROWSKI,WĘGRÓW - OBSZAR MIEJSKI,Nieokreślone (puste pole),,Jednojezdniowa dwukierunkowa,,Obszar zabudowany,22.0163055555556,52.3986388888889,Przejście dla pieszych,Dobre warunki atmosferyczne,Noc - droga oświetlona,Najechanie na pieszego,1,0,2,Lekko,N,,,,,,,,,,
EWK-98753097P,2015,2015-02-04,20,POWIAT WĘGROWSKI,WĘGRÓW - OBSZAR MIEJSKI,Nieokreślone (puste pole),,Jednojezdniowa dwukierunkowa,,Obszar zabudowany,22.0163055555556,52.3986388888889,Przejście dla pieszych,Dobre warunki atmosferyczne,Noc - droga oświetlona,Najechanie na pieszego,1,0,0,Nieokreślone (puste pole),N,,,,,,,,,,
EWK-98770635D,2015,2015-02-19,17,POWIAT WYSZKOWSKI,WYSZKÓW - OBSZAR MIEJSKI,Droga wojewódzka,618,Jednojezdniowa dwukierunkowa,Odcinek prosty,Obszar zabudowany,21.4740555555556,52.5938888888889,Przejście dla pieszych,Dobre warunki atmosferyczne,Noc - droga oświetlona,Najechanie na pieszego,1,1,0,Nieokreślone (puste pole),N,,,,,,,,,,
EWK-98780649Y,2015,2015-03-02,17,POWIAT RADOM,RADOM - OBSZAR MIEJSKI,Droga krajowa,7,Dwie jezdnie jednokierunkowe,,Obszar zabudowany,21.1300833333333,51.4126666666667,Przejście dla pieszych,Dobre warunki atmosferyczne,Noc - droga oświetlona,Najechanie na pieszego,1,0,1,Lekko,N,,,,,,,,,,