IDKSIP,year,date,hour,district,district_commune,road_category,road_number,type_of_road,road_geometry,area,Longitude,Latitude,char_place_of_the_event,weather_conditions,lighting,type_of_accident,num_of_accidents,num_of_fatalities,num_of_injured,type_of_injury,is_offender_intoxicated,,,,,,,,,,
EWK-98767329T,2015,2015-02-17,17,POWIAT PŁOCK,PŁOCK - OBSZAR MIEJSKI,Droga powiatowa,P,Jednojezdniowa dwukierunkowa,,Obszar zabudowany,19.6902777777778,52.56,Przejście dla pieszych,Dobre warunki atmosferyczne,"Zmrok, świt",Najechanie na pieszego,1,0,1,Ciężko,T,,,,,,,,,,
EWK-98767329T,2015,2015-02-17,17,POWIAT PŁOCK,PŁOCK - OBSZAR MIEJSKI,Droga powiatowa,P,Jednojezdniowa dwukierunkowa,,Obszar zabudowany,19.6902777777778,52.56,Przejście dla pieszych,Dobre warunki atmosferyczne,"Zmrok, świt",Najechanie na pieszego,1,0,0,Nieokreślone (puste pole),T,,,,,,,,,,
EWK-98851053C,2015,2015-04-23,20,POWIAT PRZYSUSKI,POTWORÓW - OBSZAR WIEJSKI,Droga wojewódzka,740,Jednojezdniowa dwukierunkowa,Odcinek prosty,Obszar zabudowany,20.7771944444444,51.5028611111111,Przejście dla pieszych,Dobre warunki atmosferyczne,"Zmrok, świt",Najechanie na pieszego,1,1,0,Nieokreślone (puste pole),N,,,,,,,,,,
EWK-99185876K,2015,2015-09-19,5,POWIAT RADOM,RADOM - OBSZAR MIEJSKI,Droga powiatowa,P5305W,Jednojezdniowa dwukierunkowa,Odcinek prosty,Obszar zabudowany,21.1577777777778,51.41425,Przejście dla pieszych,Dobre warunki atmosferyczne,"Zmrok, świt",Najechanie na pieszego,1,0,1,Ciężko,N,,,,,,,,,,
EWK-99185876K,2015,2015-09-19,5,POWIAT RADOM,RADOM - OBSZAR MIEJSKI,Droga powiatowa,P5305W,Jednojezdniowa dwukierunkowa,Odcinek prosty,Obszar zabudowany,21.1577777777778,51.41425,Przejście dla pieszych,Dobre warunki atmosferyczne,"Zmrok, świt",Najechanie na pieszego,1,0,0,Nieokreślone (puste pole),N,,,,,,,,,,
EWK-99271544C,2015,2015-10-23,18,POWIAT GOSTYNIŃSKI,SANNIKI - OBSZAR WIEJSKI,Droga wojewódzka,577,Jednojezdniowa dwukierunkowa,Odcinek prosty,Obszar zabudowany,19.8616111111111,52.3319722222222,Przejście dla pieszych,Dobre warunki atmosferyczne,"Zmrok, świt",Najechanie na pieszego,1,0,1,Ciężko,N,,,,,,,,,,
EWK-99271544C,2015,2015-10-23,18,POWIAT GOSTYNIŃSKI,SANNIKI - OBSZAR WIEJSKI,Droga wojewódzka,577,Jednojezdniowa dwukierunkowa,Odcinek prosty,Obszar zabudowany,19.8616111111111,52.3319722222222,Przejście dla pieszych,Dobre warunki atmosferyczne,"Zmrok, świt",Najechanie na pieszego,1,0,0,Nieokreślone (puste pole),N,,,,,,,,,,
EWK-99289188N,2015,2015-10-31,17,POWIAT WĘGROWSKI,WĘGRÓW - OBSZAR MIEJSKI,Droga powiatowa,P4257W,Jednojezdniowa dwukierunkowa,,Obszar zabudowany,22.0151944444444,52.404,Przejście dla pieszych,Dobre warunki atmosferyczne,"Zmrok, świt",Najechanie na pieszego,1,0,1,Lekko,N,,,,,,,,,,
EWK-99289188N,2015,2015-10-31,17,POWIAT WĘGROWSKI,WĘGRÓW - OBSZAR MIEJSKI,Droga powiatowa,P4257W,Jednojezdniowa dwukierunkowa,,Obszar zabudowany,22.0151944444444,52.404,Przejście dla pieszych,Dobre warunki atmosferyczne,"Zmrok, świt",Najechanie na pieszego,1,0,0,Nieokreślone (puste pole),N,,,,,,,,,,
EWK-103430835R,2015,2015-12-04,12,POWIAT SIEDLCE,SIEDLCE - OBSZAR MIEJSKI,Droga wojewódzka,W628,Jednojezdniowa dwukierunkowa,Odcinek prosty,Obszar zabudowany,22.2665277777778,52.1870277777778,"Chodnik, droga dla pieszych",Dobre warunki atmosferyczne,Światło dzienne,Najechanie na pieszego,1,0,1,Ciężko,N,,,,,,,,,,
EWK-103430835R,2015,2015-12-04,12,POWIAT SIEDLCE,SIEDLCE - OBSZAR MIEJSKI,Droga wojewódzka,W628,Jednojezdniowa dwukierunkowa,Odcinek prosty,Obszar zabudowany,22.2665277777778,52.1870277777778,"Chodnik, droga dla pieszych",Dobre warunki atmosferyczne,Światło dzienne,Najechanie na pieszego,1,0,1,Lekko,N,,,,,,,,,,
EWK-103430835R,2015,2015-12-04,12,POWIAT SIEDLCE,SIEDLCE - OBSZAR MIEJSKI,Droga wojewódzka,W628,Jednojezdniowa dwukierunkowa,Odcinek prosty,Obszar zabudowany,22.2665277777778,52.1870277777778,"Chodnik, droga dla pieszych",Dobre warunki atmosferyczne,Światło dzienne,Najechanie na pieszego,1,0,0,Nieokreślone (puste pole),N,,,,,,,,,,
EWK-98804759J,2015,2015-03-20,13,POWIAT RADOM,RADOM - OBSZAR MIEJSKI,Droga powiatowa,P3564W,Jednojezdniowa dwukierunkowa,Odcinek prosty,Obszar zabudowany,21.12475,51.3862222222222,"Chodnik, droga dla pieszych",Dobre warunki atmosferyczne,Światło dzienne,Najechanie na pieszego,1,0,1,Lekko,N,,,,,,,,,,
EWK-98804759J,2015,2015-03-20,13,POWIAT RADOM,RADOM - OBSZAR MIEJSKI,Droga powiatowa,P3564W,Jednojezdniowa dwukierunkowa,Odcinek prosty,Obszar zabudowany,21.12475,51.3862222222222,"Chodnik, droga dla pieszych",Dobre warunki atmosferyczne,Światło dzienne,Najechanie na pieszego,1,0,0,Nieokreślone (puste pole),N,,,,,,,,,,
EWK-98886120J,2015,2015-05-11,12,POWIAT RADOM,RADOM - OBSZAR MIEJSKI,Droga powiatowa,P5333W,Jednojezdniowa dwukierunkowa,Odcinek prosty,Obszar zabudowany,21.1545833333333,51.3781388888889,"Chodnik, droga dla pieszych",Dobre warunki atmosferyczne,Światło dzienne,Najechanie na pieszego,1,0,1,Lekko,N,,,,,,,,,,
EWK-98886120J,2015,2015-05-11,12,POWIAT RADOM,RADOM - OBSZAR MIEJSKI,Droga powiatowa,P5333W,Jednojezdniowa dwukierunkowa,Odcinek prosty,Obszar zabudowany,21.1545833333333,51.3781388888889,"Chodnik, droga dla pieszych",Dobre warunki atmosferyczne,Światło dzienne,Najechanie na pieszego,1,0,0,Nieokreślone (puste pole),N,,,,,,,,,,
EWK-98946650T,2015,2015-06-06,20,POWIAT RADOM,RADOM - OBSZAR MIEJSKI,Droga powiatowa,P5305W,Jednojezdniowa dwukierunkowa,Odcinek prosty,Obszar zabudowany,21.1557777777778,51.4143611111111,"Chodnik, droga dla pieszych",Dobre warunki atmosferyczne,Światło dzienne,Najechanie na pieszego,1,0,1,Lekko,N,,,,,,,,,,
EWK-98946650T,2015,2015-06-06,20,POWIAT RADOM,RADOM - OBSZAR MIEJSKI,Droga powiatowa,P5305W,Jednojezdniowa dwukierunkowa,Odcinek prosty,Obszar zabudowany,21.1557777777778,51.4143611111111,"Chodnik, droga dla pieszych",Dobre warunki atmosferyczne,Światło dzienne,Najechanie na pieszego,1,0,0,Nieokreślone (puste pole),N,,,,,,,,,,
EWK-99029048P,2015,2015-07-07,18,POWIAT PUŁTUSKI,PUŁTUSK - OBSZAR MIEJSKI,Droga gminna,G340871W,Jednojezdniowa dwukierunkowa,Odcinek prosty,Obszar zabudowany,21.09125,52.7061388888889,"Chodnik, droga dla pieszych",Dobre warunki atmosferyczne,Światło dzienne,Najechanie na pieszego,1,0,1,Lekko,N,,,,,,,,,,
EWK-99029048P,2015,2015-07-07,18,POWIAT PUŁTUSKI,PUŁTUSK - OBSZAR MIEJSKI,Droga gminna,G340871W,Jednojezdniowa dwukierunkowa,Odcinek prosty,Obszar zabudowany,21.09125,52.7061388888889,"Chodnik, droga dla pieszych",Dobre warunki atmosferyczne,Światło dzienne,Najechanie na pieszego,1,0,0,Nieokreślone (puste pole),N,,,,,,,,,,
EWK-99038712E,2015,2015-07-17,15,POWIAT OSTROWSKI,MAŁKINIA GÓRNA - OBSZAR WIEJSKI,Droga wojewódzka,694,Jednojezdniowa dwukierunkowa,Odcinek prosty,Obszar zabudowany,22.0332222222222,52.693,"Chodnik, droga dla pieszych",Dobre warunki atmosferyczne,Światło dzienne,Najechanie na pieszego,1,0,1,Lekko,N,,,,,,,,,,
EWK-99038712E,2015,2015-07-17,15,POWIAT OSTROWSKI,MAŁKINIA GÓRNA - OBSZAR WIEJSKI,Droga wojewódzka,694,Jednojezdniowa dwukierunkowa,Odcinek prosty,Obszar zabudowany,22.0332222222222,52.693,"Chodnik, droga dla pieszych",Dobre warunki atmosferyczne,Światło dzienne,Najechanie na pieszego,1,0,0,Nieokreślone (puste pole),N,,,,,,,,,,
EWK-99071146U,2015,2015-08-04,9,POWIAT RADOM,RADOM - OBSZAR MIEJSKI,Nieokreślone (puste pole),,Jednojezdniowa dwukierunkowa,Odcinek prosty,Obszar zabudowany,21.1854722222222,51.3995277777778,"Chodnik, droga dla pieszych",Dobre warunki atmosferyczne,Światło dzienne,Najechanie na pieszego,1,0,1,Lekko,N,,,,,,,,,,
EWK-99071146U,2015,2015-08-04,9,POWIAT RADOM,RADOM - OBSZAR MIEJSKI,Nieokreślone (puste pole),,Jednojezdniowa dwukierunkowa,Odcinek prosty,Obszar zabudowany,21.1854722222222,51.3995277777778,"Chodnik, droga dla pieszych",Dobre warunki atmosferyczne,Światło dzienne,Najechanie na pieszego,1,0,0,Nieokreślone (puste pole),N,,,,,,,,,,
EWK-99103515W,2015,2015-08-12,20,POWIAT WYSZKOWSKI,WYSZKÓW - OBSZAR MIEJSKI,Droga gminna,GMINNA,Jednojezdniowa dwukierunkowa,Odcinek prosty,Obszar zabudowany,21.4743611111111,52.6028888888889,"Chodnik, droga dla pieszych",Dobre warunki atmosferyczne,Światło dzienne,Najechanie na pieszego,1,0,1,Lekko,N,,,,,,,,,,
EWK-99103515W,2015,2015-08-12,20,POWIAT WYSZKOWSKI,WYSZKÓW - OBSZAR MIEJSKI,Droga gminna,GMINNA,Jednojezdniowa dwukierunkowa,Odcinek prosty,Obszar zabudowany,21.4743611111111,52.6028888888889,"Chodnik, droga dla pieszych",Dobre warunki atmosferyczne,Światło dzienne,Najechanie na pieszego,1,0,0,Nieokreślone (puste pole),N,,,,,,,,,,
EWK-99139168C,2015,2015-09-03,9,POWIAT KOZIENICKI,KOZIENICE - OBSZAR MIEJSKI,Droga krajowa,79,Jednojezdniowa dwukierunkowa,Odcinek prosty,Obszar zabudowany,21.5449166666667,51.5893611111111,"Chodnik, droga dla pieszych",Dobre warunki atmosferyczne,Światło dzienne,Najechanie na pieszego,1,0,1,Ciężko,N,,,,,,,,,,
EWK-99139168C,2015,2015-09-03,9,POWIAT KOZIENICKI,KOZIENICE - OBSZAR MIEJSKI,Droga krajowa,79,Jednojezdniowa dwukierunkowa,Odcinek prosty,Obszar zabudowany,21.5449166666667,51.5893611111111,"Chodnik, droga dla pieszych",Dobre warunki atmosferyczne,Światło dzienne,Najechanie na pieszego,1,0,0,Nieokreślone (puste pole),N,,,,,,,,,,
EWK-99187827N,2015,2015-09-22,8,POWIAT RADOM,RADOM - OBSZAR MIEJSKI,Droga powiatowa,P5309W,Jednojezdniowa dwukierunkowa,Odcinek prosty,Obszar zabudowany,21.15925,51.4212777777778,"Chodnik, droga dla pieszych",Dobre warunki atmosferyczne,Światło dzienne,Najechanie na pieszego,1,0,1,Ciężko,N,,,,,,,,,,
EWK-99187827N,2015,2015-09-22,8,POWIAT RADOM,RADOM - OBSZAR MIEJSKI,Droga powiatowa,P5309W,Jednojezdniowa dwukierunkowa,Odcinek prosty,Obszar zabudowany,21.15925,51.4212777777778,"Chodnik, droga dla pieszych",Dobre warunki atmosferyczne,Światło dzienne,Najechanie na pieszego,1,0,0,Nieokreślone (puste pole),N,,,,,,,,,,
EWK-99233559E,2015,2015-10-08,17,POWIAT MŁAWSKI,MŁAWA - OBSZAR MIEJSKI,Droga powiatowa,P2377W,Jednojezdniowa dwukierunkowa,Odcinek prosty,Obszar zabudowany,20.3881944444444,53.1211388888889,"Chodnik, droga dla pieszych",Dobre warunki atmosferyczne,Światło dzienne,Najechanie na pieszego,1,0,1,Lekko,N,,,,,,,,,,
EWK-99233559E,2015,2015-10-08,17,POWIAT MŁAWSKI,MŁAWA - OBSZAR MIEJSKI,Droga powiatowa,P2377W,Jednojezdniowa dwukierunkowa,Odcinek prosty,Obszar zabudowany,20.3881944444444,53.1211388888889,"Chodnik, droga dla pieszych",Dobre warunki atmosferyczne,Światło dzienne,Najechanie na pieszego,1,0,0,Nieokreślone (puste pole),N,,,,,,,,,,
EWK-99360367G,2015,2015-11-24,9,POWIAT SIEDLCE,SIEDLCE - OBSZAR MIEJSKI,Droga wojewódzka,W628,Jednojezdniowa dwukierunkowa,Odcinek prosty,Obszar zabudowany,22.2530833333333,52.1619722222222,"Chodnik, droga dla pieszych",Dobre warunki atmosferyczne,Światło dzienne,Najechanie na pieszego,1,0,1,Lekko,N,,,,,,,,,,
EWK-99360367G,2015,2015-11-24,9,POWIAT SIEDLCE,SIEDLCE - OBSZAR MIEJSKI,Droga wojewódzka,W628,Jednojezdniowa dwukierunkowa,Odcinek prosty,Obszar zabudowany,22.2530833333333,52.1619722222222,"Chodnik, droga dla pieszych",Dobre warunki atmosferyczne,Światło dzienne,Najechanie na pieszego,1,0,0,Nieokreślone (puste pole),N,,,,,,,,,,
EWK-103465809M,2015,2015-12-07,14,POWIAT PUŁTUSKI,ZATORY - OBSZAR WIEJSKI,Droga powiatowa,3433W,Jednojezdniowa dwukierunkowa,Odcinek prosty,Obszar zabudowany,21.1876388888889,52.6068888888889,Jezdnia,Dobre warunki atmosferyczne,Światło dzienne,Najechanie na pieszego,1,0,1,Lekko,N,,,,,,,,,,
EWK-103465809M,2015,2015-12-07,14,POWIAT PUŁTUSKI,ZATORY - OBSZAR WIEJSKI,Droga powiatowa,3433W,Jednojezdniowa dwukierunkowa,Odcinek prosty,Obszar zabudowany,21.1876388888889,52.6068888888889,Jezdnia,Dobre warunki atmosferyczne,Światło dzienne,Najechanie na pieszego,1,0,0,Nieokreślone (puste pole),N,,,,,,,,,,
EWK-103600237U,2015,2015-12-21,10,POWIAT GRÓJECKI,GRÓJEC - OBSZAR MIEJSKI,Droga gminna,GMINNA,Jednojezdniowa dwukierunkowa,Odcinek prosty,Obszar niezabudowany,20.8655833333333,51.8660277777778,Jezdnia,Dobre warunki atmosferyczne,Światło dzienne,Najechanie na pieszego,1,1,0,Nieokreślone (puste pole),N,,,,,,,,,,
EWK-103600335M,2015,2015-12-20,7,POWIAT GRÓJECKI,WARKA - OBSZAR WIEJSKI,Droga wojewódzka,731,Jednojezdniowa dwukierunkowa,Odcinek prosty,Obszar niezabudowany,21.1916944444444,51.8156111111111,Jezdnia,Dobre warunki atmosferyczne,Światło dzienne,Najechanie na pieszego,1,0,1,Lekko,T,,,,,,,,,,
EWK-103600335M,2015,2015-12-20,7,POWIAT GRÓJECKI,WARKA - OBSZAR WIEJSKI,Droga wojewódzka,731,Jednojezdniowa dwukierunkowa,Odcinek prosty,Obszar niezabudowany,21.1916944444444,51.8156111111111,Jezdnia,Dobre warunki atmosferyczne,Światło dzienne,Najechanie na pieszego,1,0,0,Nieokreślone (puste pole),T,,,,,,,,,,
EWK-103628900T,2015,2015-12-23,11,POWIAT WĘGROWSKI,ŁOCHÓW - OBSZAR MIEJSKI,Nieokreślone (puste pole),,Jednojezdniowa dwukierunkowa,,Obszar zabudowany,21.7033888888889,52.5283333333333,Jezdnia,Dobre warunki atmosferyczne,Światło dzienne,Najechanie na pieszego,1,0,1,Lekko,N,,,,,,,,,,
EWK-103628900T,2015,2015-12-23,11,POWIAT WĘGROWSKI,ŁOCHÓW - OBSZAR MIEJSKI,Nieokreślone (puste pole),,Jednojezdniowa dwukierunkowa,,Obszar zabudowany,21.7033888888889,52.5283333333333,Jezdnia,Dobre warunki atmosferyczne,Światło dzienne,Najechanie na pieszego,1,0,0,Nieokreślone (puste pole),N,,,,,,,,,,
EWK-103628967C,2015,2015-12-23,9,POWIAT GRÓJECKI,GRÓJEC - OBSZAR MIEJSKI,Droga powiatowa,P,Jednojezdniowa dwukierunkowa,Odcinek prosty,Obszar zabudowany,20.8661111111111,51.8685,Jezdnia,Dobre warunki atmosferyczne,Światło dzienne,Najechanie na pieszego,1,0,2,Ciężko,N,,,,,,,,,,
EWK-103628967C,2015,2015-12-23,9,POWIAT GRÓJECKI,GRÓJEC - OBSZAR MIEJSKI,Droga powiatowa,P,Jednojezdniowa dwukierunkowa,Odcinek prosty,Obszar zabudowany,20.8661111111111,51.8685,Jezdnia,Dobre warunki atmosferyczne,Światło dzienne,Najechanie na pieszego,1,0,0,Nieokreślone (puste pole),N,,,,,,,,,,
EWK-98747941G,2015,2015-01-11,7,POWIAT GARWOLIŃSKI,ŻELECHÓW - OBSZAR WIEJSKI,Droga powiatowa,P1338W,Jednojezdniowa dwukierunkowa,Odcinek prosty,Obszar zabudowany,21.8533888888889,51.8306111111111,Jezdnia,Dobre warunki atmosferyczne,Światło dzienne,Najechanie na pieszego,1,1,0,Nieokreślone (puste pole),N,,,,,,,,,,
EWK-98757195D,2015,2015-02-09,10,POWIAT PRZASNYSKI,PRZASNYSZ - OBSZAR MIEJSKI,Droga gminna,GMINNA,Jednojezdniowa dwukierunkowa,Odcinek prosty,Obszar zabudowany,20.8763611111111,53.0165833333333,Jezdnia,Dobre warunki atmosferyczne,Światło dzienne,Najechanie na pieszego,1,0,1,Ciężko,N,,,,,,,,,,
EWK-98757195D,2015,2015-02-09,10,POWIAT PRZASNYSKI,PRZASNYSZ - OBSZAR MIEJSKI,Droga gminna,GMINNA,Jednojezdniowa dwukierunkowa,Odcinek prosty,Obszar zabudowany,20.8763611111111,53.0165833333333,Jezdnia,Dobre warunki atmosferyczne,Światło dzienne,Najechanie na pieszego,1,0,0,Nieokreślone (puste pole),N,,,,,,,,,,
EWK-98764165M,2015,2015-02-13,15,POWIAT RADOM,RADOM - OBSZAR MIEJSKI,Droga powiatowa,P5302W,Jednojezdniowa dwukierunkowa,,Obszar zabudowany,21.1595555555556,51.4104166666667,Jezdnia,Dobre warunki atmosferyczne,Światło dzienne,Najechanie na pieszego,1,0,1,Ciężko,N,,,,,,,,,,
EWK-98764165M,2015,2015-02-13,15,POWIAT RADOM,RADOM - OBSZAR MIEJSKI,Droga powiatowa,P5302W,Jednojezdniowa dwukierunkowa,,Obszar zabudowany,21.1595555555556,51.4104166666667,Jezdnia,Dobre warunki atmosferyczne,Światło dzienne,Najechanie na pieszego,1,0,0,Nieokreślone (puste pole),N,,,,,,,,,,
EWK-98764790Q,2015,2015-02-16,15,POWIAT ŻUROMIŃSKI,ŻUROMIN - OBSZAR MIEJSKI,Droga gminna,GMINNA,Jednojezdniowa dwukierunkowa,Odcinek prosty,Obszar zabudowany,19.9028611111111,53.0608333333333,Jezdnia,Dobre warunki atmosferyczne,Światło dzienne,Najechanie na pieszego,1,0,3,Lekko,N,,,,,,,,,,
EWK-98766330F,2015,2015-02-17,10,POWIAT RADOM,RADOM - OBSZAR MIEJSKI,Droga powiatowa,P5320W,Jednojezdniowa dwukierunkowa,Odcinek prosty,Obszar zabudowany,21.1623333333333,51.39775,Jezdnia,Dobre warunki atmosferyczne,Światło dzienne,Najechanie na pieszego,1,0,1,Ciężko,N,,,,,,,,,,
EWK-98766330F,2015,2015-02-17,10,POWIAT RADOM,RADOM - OBSZAR MIEJSKI,Droga powiatowa,P5320W,Jednojezdniowa dwukierunkowa,Odcinek prosty,Obszar zabudowany,21.1623333333333,51.39775,Jezdnia,Dobre warunki atmosferyczne,Światło dzienne,Najechanie na pieszego,1,0,0,Nieokreślone (puste pole),N,,,,,,,,,,
EWK-98772953A,2015,2015-02-22,15,POWIAT PRZYSUSKI,GIELNIÓW - OBSZAR WIEJSKI,Droga gminna,G330209W,Jednojezdniowa dwukierunkowa,"Zakręt, łuk",Obszar zabudowany,20.4716111111111,51.3975,Jezdnia,Dobre warunki atmosferyczne,Światło dzienne,Najechanie na pieszego,1,0,1,Lekko,N,,,,,,,,,,
EWK-98772953A,2015,2015-02-22,15,POWIAT PRZYSUSKI,GIELNIÓW - OBSZAR WIEJSKI,Droga gminna,G330209W,Jednojezdniowa dwukierunkowa,"Zakręt, łuk",Obszar zabudowany,20.4716111111111,51.3975,Jezdnia,Dobre warunki atmosferyczne,Światło dzienne,Najechanie na pieszego,1,0,0,Nieokreślone (puste pole),N,,,,,,,,,,
EWK-98778967H,2015,2015-02-26,13,POWIAT GRÓJECKI,WARKA - OBSZAR MIEJSKI,Inna,I2,Jednokierunkowa,Odcinek prosty,Obszar zabudowany,21.1905833333333,51.8064722222222,Jezdnia,Dobre warunki atmosferyczne,Światło dzienne,Najechanie na pieszego,1,0,1,Ciężko,N,,,,,,,,,,
EWK-98778967H,2015,2015-02-26,13,POWIAT GRÓJECKI,WARKA - OBSZAR MIEJSKI,Inna,I2,Jednokierunkowa,Odcinek prosty,Obszar zabudowany,21.1905833333333,51.8064722222222,Jezdnia,Dobre warunki atmosferyczne,Światło dzienne,Najechanie na pieszego,1,0,0,Nieokreślone (puste pole),N,,,,,,,,,,
EWK-98786157A,2015,2015-03-05,8,POWIAT ŻYRARDOWSKI,ŻYRARDÓW - OBSZAR MIEJSKI,Droga powiatowa,P4730W,Jednojezdniowa dwukierunkowa,Odcinek prosty,Obszar zabudowany,20.4411111111111,52.0554166666667,Jezdnia,Dobre warunki atmosferyczne,Światło dzienne,Najechanie na pieszego,1,0,1,Lekko,N,,,,,,,,,,
EWK-98786157A,2015,2015-03-05,8,POWIAT ŻYRARDOWSKI,ŻYRARDÓW - OBSZAR MIEJSKI,Droga powiatowa,P4730W,Jednojezdniowa dwukierunkowa,Odcinek prosty,Obszar zabudowany,20.4411111111111,52.0554166666667,Jezdnia,Dobre warunki atmosferyczne,Światło dzienne,Najechanie na pieszego,1,0,0,Nieokreślone (puste pole),N,,,,,,,,,,
EWK-98797408Y,2015,2015-03-14,11,POWIAT SOKOŁOWSKI,SOKOŁÓW PODLASKI - OBSZAR MIEJSKI,Droga powiatowa,P3952W,Jednojezdniowa dwukierunkowa,,Obszar zabudowany,22.4056388888889,52.4056388888889,Jezdnia,Dobre warunki atmosferyczne,Światło dzienne,Najechanie na pieszego,1,0,1,Lekko,N,,,,,,,,,,
EWK-98797408Y,2015,2015-03-14,11,POWIAT SOKOŁOWSKI,SOKOŁÓW PODLASKI - OBSZAR MIEJSKI,Droga powiatowa,P3952W,Jednojezdniowa dwukierunkowa,,Obszar zabudowany,22.4056388888889,52.4056388888889,Jezdnia,Dobre warunki atmosferyczne,Światło dzienne,Najechanie na pieszego,1,0,0,Nieokreślone (puste pole),N,,,,,,,,,,
EWK-98803326C,2015,2015-03-22,16,POWIAT GRÓJECKI,MOGIELNICA - OBSZAR WIEJSKI,Droga gminna,GMINNA,Jednojezdniowa dwukierunkowa,"Zakręt, łuk",Obszar zabudowany,20.7825,51.6566388888889,Jezdnia,Dobre warunki atmosferyczne,Światło dzienne,Najechanie na pieszego,1,0,1,Ciężko,N,,,,,,,,,,
EWK-98803326C,2015,2015-03-22,16,POWIAT GRÓJECKI,MOGIELNICA - OBSZAR WIEJSKI,Droga gminna,GMINNA,Jednojezdniowa dwukierunkowa,"Zakręt, łuk",Obszar zabudowany,20.7825,51.6566388888889,Jezdnia,Dobre warunki atmosferyczne,Światło dzienne,Najechanie na pieszego,1,0,0,Nieokreślone (puste pole),N,,,,,,,,,,
EWK-98805771L,2015,2015-03-23,13,POWIAT PŁOŃSKI,RACIĄŻ - OBSZAR WIEJSKI,Droga powiatowa,P3021W,Jednojezdniowa dwukierunkowa,Odcinek prosty,Obszar niezabudowany,20.1541666666667,52.7368333333333,Jezdnia,Dobre warunki atmosferyczne,Światło dzienne,Najechanie na pieszego,1,0,1,Lekko,N,,,,,,,,,,
EWK-98805771L,2015,2015-03-23,13,POWIAT PŁOŃSKI,RACIĄŻ - OBSZAR WIEJSKI,Droga powiatowa,P3021W,Jednojezdniowa dwukierunkowa,Odcinek prosty,Obszar niezabudowany,20.1541666666667,52.7368333333333,Jezdnia,Dobre warunki atmosferyczne,Światło dzienne,Najechanie na pieszego,1,0,0,Nieokreślone (puste pole),N,,,,,,,,,,
EWK-98819727L,2015,2015-04-02,18,POWIAT PŁOCK,PŁOCK - OBSZAR MIEJSKI,Droga krajowa,62,Dwie jezdnie jednokierunkowe,,Obszar zabudowany,19.7605833333333,52.5493611111111,Jezdnia,Dobre warunki atmosferyczne,Światło dzienne,Najechanie na pieszego,1,0,1,Ciężko,T,,,,,,,,,,
EWK-98819727L,2015,2015-04-02,18,POWIAT PŁOCK,PŁOCK - OBSZAR MIEJSKI,Droga krajowa,62,Dwie jezdnie jednokierunkowe,,Obszar zabudowany,19.7605833333333,52.5493611111111,Jezdnia,Dobre warunki atmosferyczne,Światło dzienne,Najechanie na pieszego,1,0,0,Nieokreślone (puste pole),T,,,,,,,,,,
EWK-98827588R,2015,2015-04-09,13,POWIAT PŁOŃSKI,NARUSZEWO - OBSZAR WIEJSKI,Droga powiatowa,P3066W,Jednojezdniowa dwukierunkowa,Odcinek prosty,Obszar zabudowany,20.3586944444444,52.5247222222222,Jezdnia,Dobre warunki atmosferyczne,Światło dzienne,Najechanie na pieszego,1,0,1,Lekko,N,,,,,,,,,,
EWK-98827588R,2015,2015-04-09,13,POWIAT PŁOŃSKI,NARUSZEWO - OBSZAR WIEJSKI,Droga powiatowa,P3066W,Jednojezdniowa dwukierunkowa,Odcinek prosty,Obszar zabudowany,20.3586944444444,52.5247222222222,Jezdnia,Dobre warunki atmosferyczne,Światło dzienne,Najechanie na pieszego,1,0,0,Nieokreślone (puste pole),N,,,,,,,,,,
EWK-98827753F,2015,2015-04-09,17,POWIAT RADOM,RADOM - OBSZAR MIEJSKI,Droga gminna,G530123W,Jednokierunkowa,Odcinek prosty,Obszar zabudowany,21.1478611111111,51.3939166666667,Jezdnia,Dobre warunki atmosferyczne,Światło dzienne,Najechanie na pieszego,1,0,1,Lekko,N,,,,,,,,,,
EWK-98827753F,2015,2015-04-09,17,POWIAT RADOM,RADOM - OBSZAR MIEJSKI,Droga gminna,G530123W,Jednokierunkowa,Odcinek prosty,Obszar zabudowany,21.1478611111111,51.3939166666667,Jezdnia,Dobre warunki atmosferyczne,Światło dzienne,Najechanie na pieszego,1,0,0,Nieokreślone (puste pole),N,,,,,,,,,,
EWK-98831131X,2015,2015-04-13,10,POWIAT RADOMSKI,JEDLNIA-LETNISKO - OBSZAR WIEJSKI,Droga wojewódzka,737,Jednojezdniowa dwukierunkowa,Odcinek prosty,Obszar zabudowany,21.3119166666667,51.4407777777778,Jezdnia,Dobre warunki atmosferyczne,Światło dzienne,Najechanie na pieszego,1,1,0,Nieokreślone (puste pole),N,,,,,,,,,,
EWK-98833742A,2015,2015-04-14,9,POWIAT RADOMSKI,JEDLNIA-LETNISKO - OBSZAR WIEJSKI,Droga gminna,GMINNA,Jednojezdniowa dwukierunkowa,Spadek,Obszar zabudowany,21.2558888888889,51.4148333333333,Jezdnia,Dobre warunki atmosferyczne,Światło dzienne,Najechanie na pieszego,1,0,1,Lekko,N,,,,,,,,,,
EWK-98833742A,2015,2015-04-14,9,POWIAT RADOMSKI,JEDLNIA-LETNISKO - OBSZAR WIEJSKI,Droga gminna,GMINNA,Jednojezdniowa dwukierunkowa,Spadek,Obszar zabudowany,21.2558888888889,51.4148333333333,Jezdnia,Dobre warunki atmosferyczne,Światło dzienne,Najechanie na pieszego,1,0,0,Nieokreślone (puste pole),N,,,,,,,,,,