IDKSIP,year,date,hour,district,district_commune,road_category,road_number,type_of_road,road_geometry,area,Longitude,Latitude,char_place_of_the_event,weather_conditions,lighting,type_of_accident,num_of_accidents,num_of_fatalities,num_of_injured,type_of_injury,is_offender_intoxicated,,,,,,,,,,
EWK-98840911U,2015,2015-04-18,5,POWIAT SOCHACZEWSKI,SOCHACZEW - OBSZAR MIEJSKI,Droga wojewódzka,705,Jednojezdniowa dwukierunkowa,Odcinek prosty,Obszar zabudowany,20.2718611111111,52.2538611111111,Jezdnia,Dobre warunki atmosferyczne,Światło dzienne,Najechanie na pieszego,1,0,1,Ciężko,N,,,,,,,,,,
EWK-98840911U,2015,2015-04-18,5,POWIAT SOCHACZEWSKI,SOCHACZEW - OBSZAR MIEJSKI,Droga wojewódzka,705,Jednojezdniowa dwukierunkowa,Odcinek prosty,Obszar zabudowany,20.2718611111111,52.2538611111111,Jezdnia,Dobre warunki atmosferyczne,Światło dzienne,Najechanie na pieszego,1,0,0,Nieokreślone (puste pole),N,,,,,,,,,,
EWK-98856941R,2015,2015-04-21,3,POWIAT RADOMSKI,JEDLNIA-LETNISKO - OBSZAR WIEJSKI,Droga powiatowa,P3517W,Jednojezdniowa dwukierunkowa,,Obszar zabudowany,21.2386944444444,51.42375,Jezdnia,Dobre warunki atmosferyczne,Światło dzienne,Najechanie na pieszego,1,0,1,Lekko,N,,,,,,,,,,
EWK-98856941R,2015,2015-04-21,3,POWIAT RADOMSKI,JEDLNIA-LETNISKO - OBSZAR WIEJSKI,Droga powiatowa,P3517W,Jednojezdniowa dwukierunkowa,,Obszar zabudowany,21.2386944444444,51.42375,Jezdnia,Dobre warunki atmosferyczne,Światło dzienne,Najechanie na pieszego,1,0,0,Nieokreślone (puste pole),N,,,,,,,,,,
EWK-98857466U,2015,2015-04-23,19,POWIAT RADOMSKI,KOWALA - OBSZAR WIEJSKI,Droga powiatowa,P3535W,Jednojezdniowa dwukierunkowa,Odcinek prosty,Obszar zabudowany,21.1038888888889,51.3483333333333,Jezdnia,Dobre warunki atmosferyczne,Światło dzienne,Najechanie na pieszego,1,0,1,Ciężko,N,,,,,,,,,,
EWK-98857466U,2015,2015-04-23,19,POWIAT RADOMSKI,KOWALA - OBSZAR WIEJSKI,Droga powiatowa,P3535W,Jednojezdniowa dwukierunkowa,Odcinek prosty,Obszar zabudowany,21.1038888888889,51.3483333333333,Jezdnia,Dobre warunki atmosferyczne,Światło dzienne,Najechanie na pieszego,1,0,0,Nieokreślone (puste pole),N,,,,,,,,,,
EWK-98860079U,2015,2015-04-27,15,POWIAT OSTROWSKI,OSTRÓW MAZOWIECKA - OBSZAR MIEJSKI,Droga gminna,GMINNA,Jednojezdniowa dwukierunkowa,Odcinek prosty,Obszar zabudowany,21.8999166666667,52.8072222222222,Jezdnia,Dobre warunki atmosferyczne,Światło dzienne,Najechanie na pieszego,1,0,1,Lekko,N,,,,,,,,,,
EWK-98860079U,2015,2015-04-27,15,POWIAT OSTROWSKI,OSTRÓW MAZOWIECKA - OBSZAR MIEJSKI,Droga gminna,GMINNA,Jednojezdniowa dwukierunkowa,Odcinek prosty,Obszar zabudowany,21.8999166666667,52.8072222222222,Jezdnia,Dobre warunki atmosferyczne,Światło dzienne,Najechanie na pieszego,1,0,0,Nieokreślone (puste pole),N,,,,,,,,,,
EWK-98860400A,2015,2015-04-24,10,POWIAT WĘGROWSKI,ŁOCHÓW - OBSZAR MIEJSKI,Droga krajowa,62,Jednojezdniowa dwukierunkowa,,Obszar zabudowany,21.6811666666667,52.5309166666667,Jezdnia,Dobre warunki atmosferyczne,Światło dzienne,Najechanie na pieszego,1,1,0,Nieokreślone (puste pole),N,,,,,,,,,,
EWK-98863145Q,2015,2015-04-29,15,POWIAT MŁAWSKI,MŁAWA - OBSZAR MIEJSKI,Droga powiatowa,P2378W,Jednojezdniowa dwukierunkowa,Odcinek prosty,Obszar zabudowany,20.3776944444444,53.1131111111111,Jezdnia,Dobre warunki atmosferyczne,Światło dzienne,Najechanie na pieszego,1,0,1,Lekko,N,,,,,,,,,,
EWK-98863145Q,2015,2015-04-29,15,POWIAT MŁAWSKI,MŁAWA - OBSZAR MIEJSKI,Droga powiatowa,P2378W,Jednojezdniowa dwukierunkowa,Odcinek prosty,Obszar zabudowany,20.3776944444444,53.1131111111111,Jezdnia,Dobre warunki atmosferyczne,Światło dzienne,Najechanie na pieszego,1,0,0,Nieokreślone (puste pole),N,,,,,,,,,,
EWK-98865844M,2015,2015-04-22,8,POWIAT GARWOLIŃSKI,GARWOLIN - OBSZAR MIEJSKI,Droga gminna,GMINNA,Jednojezdniowa dwukierunkowa,,Obszar zabudowany,21.6114166666667,51.8955555555556,Jezdnia,Dobre warunki atmosferyczne,Światło dzienne,Najechanie na pieszego,1,0,1,Lekko,N,,,,,,,,,,
EWK-98865844M,2015,2015-04-22,8,POWIAT GARWOLIŃSKI,GARWOLIN - OBSZAR MIEJSKI,Droga gminna,GMINNA,Jednojezdniowa dwukierunkowa,,Obszar zabudowany,21.6114166666667,51.8955555555556,Jezdnia,Dobre warunki atmosferyczne,Światło dzienne,Najechanie na pieszego,1,0,0,Nieokreślone (puste pole),N,,,,,,,,,,
EWK-98871170F,2015,2015-05-01,15,POWIAT RADOMSKI,JASTRZĘBIA - OBSZAR WIEJSKI,Droga powiatowa,P3515W,Jednojezdniowa dwukierunkowa,Odcinek prosty,Obszar zabudowany,21.2324166666667,51.5426944444444,Jezdnia,Dobre warunki atmosferyczne,Światło dzienne,Najechanie na pieszego,1,0,1,Lekko,N,,,,,,,,,,
EWK-98871170F,2015,2015-05-01,15,POWIAT RADOMSKI,JASTRZĘBIA - OBSZAR WIEJSKI,Droga powiatowa,P3515W,Jednojezdniowa dwukierunkowa,Odcinek prosty,Obszar zabudowany,21.2324166666667,51.5426944444444,Jezdnia,Dobre warunki atmosferyczne,Światło dzienne,Najechanie na pieszego,1,0,0,Nieokreślone (puste pole),N,,,,,,,,,,
EWK-98878460A,2015,2015-05-07,14,POWIAT PRZYSUSKI,PRZYSUCHA - OBSZAR WIEJSKI,Droga wojewódzka,727,Jednojezdniowa dwukierunkowa,Odcinek prosty,Obszar zabudowany,20.67175,51.4163333333333,Jezdnia,Dobre warunki atmosferyczne,Światło dzienne,Najechanie na pieszego,1,0,1,Ciężko,N,,,,,,,,,,
EWK-98878460A,2015,2015-05-07,14,POWIAT PRZYSUSKI,PRZYSUCHA - OBSZAR WIEJSKI,Droga wojewódzka,727,Jednojezdniowa dwukierunkowa,Odcinek prosty,Obszar zabudowany,20.67175,51.4163333333333,Jezdnia,Dobre warunki atmosferyczne,Światło dzienne,Najechanie na pieszego,1,0,0,Nieokreślone (puste pole),N,,,,,,,,,,
EWK-98878832C,2015,2015-05-07,16,POWIAT RADOMSKI,PIONKI - OBSZAR MIEJSKI,Droga gminna,GMINNA,Jednojezdniowa dwukierunkowa,,Obszar zabudowany,21.4436944444444,51.4704444444445,Jezdnia,Dobre warunki atmosferyczne,Światło dzienne,Najechanie na pieszego,1,0,1,Lekko,N,,,,,,,,,,
EWK-98878832C,2015,2015-05-07,16,POWIAT RADOMSKI,PIONKI - OBSZAR MIEJSKI,Droga gminna,GMINNA,Jednojezdniowa dwukierunkowa,,Obszar zabudowany,21.4436944444444,51.4704444444445,Jezdnia,Dobre warunki atmosferyczne,Światło dzienne,Najechanie na pieszego,1,0,0,Nieokreślone (puste pole),N,,,,,,,,,,
EWK-98885743U,2015,2015-05-12,16,POWIAT RADOM,RADOM - OBSZAR MIEJSKI,Droga powiatowa,P5309W,Jednojezdniowa dwukierunkowa,Odcinek prosty,Obszar zabudowany,21.1744444444444,51.3875,Jezdnia,Dobre warunki atmosferyczne,Światło dzienne,Najechanie na pieszego,1,0,1,Lekko,N,,,,,,,,,,
EWK-98885743U,2015,2015-05-12,16,POWIAT RADOM,RADOM - OBSZAR MIEJSKI,Droga powiatowa,P5309W,Jednojezdniowa dwukierunkowa,Odcinek prosty,Obszar zabudowany,21.1744444444444,51.3875,Jezdnia,Dobre warunki atmosferyczne,Światło dzienne,Najechanie na pieszego,1,0,0,Nieokreślone (puste pole),N,,,,,,,,,,
EWK-98890978R,2015,2015-05-13,18,POWIAT SOCHACZEWSKI,SOCHACZEW - OBSZAR MIEJSKI,Droga gminna,GMINNA,Jednojezdniowa dwukierunkowa,,Obszar zabudowany,20.2460833333333,52.2323333333333,Jezdnia,Dobre warunki atmosferyczne,Światło dzienne,Najechanie na pieszego,1,0,1,Ciężko,N,,,,,,,,,,
EWK-98890978R,2015,2015-05-13,18,POWIAT SOCHACZEWSKI,SOCHACZEW - OBSZAR MIEJSKI,Droga gminna,GMINNA,Jednojezdniowa dwukierunkowa,,Obszar zabudowany,20.2460833333333,52.2323333333333,Jezdnia,Dobre warunki atmosferyczne,Światło dzienne,Najechanie na pieszego,1,0,0,Nieokreślone (puste pole),N,,,,,,,,,,
EWK-98899631G,2015,2015-05-17,0,POWIAT SZYDŁOWIECKI,OROŃSKO - OBSZAR WIEJSKI,Droga krajowa,7,Jednojezdniowa dwukierunkowa,,Obszar zabudowany,20.9912222222222,51.3139166666667,Jezdnia,Dobre warunki atmosferyczne,Światło dzienne,Najechanie na pieszego,1,0,1,Lekko,N,,,,,,,,,,
EWK-98899631G,2015,2015-05-17,0,POWIAT SZYDŁOWIECKI,OROŃSKO - OBSZAR WIEJSKI,Droga krajowa,7,Jednojezdniowa dwukierunkowa,,Obszar zabudowany,20.9912222222222,51.3139166666667,Jezdnia,Dobre warunki atmosferyczne,Światło dzienne,Najechanie na pieszego,1,0,0,Nieokreślone (puste pole),N,,,,,,,,,,
EWK-98901338H,2015,2015-05-15,15,POWIAT RADOM,RADOM - OBSZAR MIEJSKI,Droga krajowa,7,Dwie jezdnie jednokierunkowe,Odcinek prosty,Obszar zabudowany,21.1412777777778,51.4559722222222,Jezdnia,Dobre warunki atmosferyczne,Światło dzienne,Najechanie na pieszego,1,0,1,Lekko,N,,,,,,,,,,
EWK-98901338H,2015,2015-05-15,15,POWIAT RADOM,RADOM - OBSZAR MIEJSKI,Droga krajowa,7,Dwie jezdnie jednokierunkowe,Odcinek prosty,Obszar zabudowany,21.1412777777778,51.4559722222222,Jezdnia,Dobre warunki atmosferyczne,Światło dzienne,Najechanie na pieszego,1,0,0,Nieokreślone (puste pole),N,,,,,,,,,,
EWK-98917698X,2015,2015-05-24,16,POWIAT GARWOLIŃSKI,GARWOLIN - OBSZAR WIEJSKI,Droga krajowa,S17G,Ekspresowa,Odcinek prosty,Obszar zabudowany,21.5916944444444,51.9277777777778,Jezdnia,Dobre warunki atmosferyczne,Światło dzienne,Najechanie na pieszego,1,1,0,Nieokreślone (puste pole),N,,,,,,,,,,
EWK-98937285Y,2015,2015-06-02,14,POWIAT RADOM,RADOM - OBSZAR MIEJSKI,Droga gminna,G530115W,Jednojezdniowa dwukierunkowa,Odcinek prosty,Obszar zabudowany,21.1709444444444,51.4246666666667,Jezdnia,Dobre warunki atmosferyczne,Światło dzienne,Najechanie na pieszego,1,0,1,Lekko,N,,,,,,,,,,
EWK-98937285Y,2015,2015-06-02,14,POWIAT RADOM,RADOM - OBSZAR MIEJSKI,Droga gminna,G530115W,Jednojezdniowa dwukierunkowa,Odcinek prosty,Obszar zabudowany,21.1709444444444,51.4246666666667,Jezdnia,Dobre warunki atmosferyczne,Światło dzienne,Najechanie na pieszego,1,0,0,Nieokreślone (puste pole),N,,,,,,,,,,
EWK-98947394J,2015,2015-06-05,11,POWIAT RADOMSKI,ZAKRZEW - OBSZAR WIEJSKI,Droga powiatowa,34405W,Jednojezdniowa dwukierunkowa,Odcinek prosty,Obszar zabudowany,21.0694444444444,51.4746666666667,Jezdnia,Dobre warunki atmosferyczne,Światło dzienne,Najechanie na pieszego,1,0,1,Lekko,N,,,,,,,,,,
EWK-98947394J,2015,2015-06-05,11,POWIAT RADOMSKI,ZAKRZEW - OBSZAR WIEJSKI,Droga powiatowa,34405W,Jednojezdniowa dwukierunkowa,Odcinek prosty,Obszar zabudowany,21.0694444444444,51.4746666666667,Jezdnia,Dobre warunki atmosferyczne,Światło dzienne,Najechanie na pieszego,1,0,0,Nieokreślone (puste pole),N,,,,,,,,,,
EWK-98955550C,2015,2015-06-09,9,POWIAT WĘGROWSKI,KORYTNICA - OBSZAR WIEJSKI,Droga powiatowa,P4226W,Jednojezdniowa dwukierunkowa,"Zakręt, łuk",Obszar zabudowany,21.9024444444444,52.4033055555556,Jezdnia,Dobre warunki atmosferyczne,Światło dzienne,Najechanie na pieszego,1,0,1,Lekko,N,,,,,,,,,,
EWK-98955550C,2015,2015-06-09,9,POWIAT WĘGROWSKI,KORYTNICA - OBSZAR WIEJSKI,Droga powiatowa,P4226W,Jednojezdniowa dwukierunkowa,"Zakręt, łuk",Obszar zabudowany,21.9024444444444,52.4033055555556,Jezdnia,Dobre warunki atmosferyczne,Światło dzienne,Najechanie na pieszego,1,0,0,Nieokreślone (puste pole),N,,,,,,,,,,
EWK-98956195G,2015,2015-06-11,16,POWIAT SIERPECKI,MOCHOWO - OBSZAR WIEJSKI,Droga powiatowa,P3727W,Jednojezdniowa dwukierunkowa,Odcinek prosty,Obszar zabudowany,19.47375,52.8268333333333,Jezdnia,Dobre warunki atmosferyczne,Światło dzienne,Najechanie na pieszego,1,0,1,Ciężko,N,,,,,,,,,,
EWK-98956195G,2015,2015-06-11,16,POWIAT SIERPECKI,MOCHOWO - OBSZAR WIEJSKI,Droga powiatowa,P3727W,Jednojezdniowa dwukierunkowa,Odcinek prosty,Obszar zabudowany,19.47375,52.8268333333333,Jezdnia,Dobre warunki atmosferyczne,Światło dzienne,Najechanie na pieszego,1,0,0,Nieokreślone (puste pole),N,,,,,,,,,,
EWK-98969444L,2015,2015-06-15,15,POWIAT SOKOŁOWSKI,STERDYŃ - OBSZAR WIEJSKI,Droga powiatowa,P3912W,Jednojezdniowa dwukierunkowa,Odcinek prosty,Obszar zabudowany,22.2318611111111,52.5436666666667,Jezdnia,Dobre warunki atmosferyczne,Światło dzienne,Najechanie na pieszego,1,0,1,Ciężko,N,,,,,,,,,,
EWK-98969444L,2015,2015-06-15,15,POWIAT SOKOŁOWSKI,STERDYŃ - OBSZAR WIEJSKI,Droga powiatowa,P3912W,Jednojezdniowa dwukierunkowa,Odcinek prosty,Obszar zabudowany,22.2318611111111,52.5436666666667,Jezdnia,Dobre warunki atmosferyczne,Światło dzienne,Najechanie na pieszego,1,0,0,Nieokreślone (puste pole),N,,,,,,,,,,
EWK-98972163Q,2015,2015-06-16,12,POWIAT RADOM,RADOM - OBSZAR MIEJSKI,Droga gminna,G530110W,Jednojezdniowa dwukierunkowa,Odcinek prosty,Obszar zabudowany,21.204,51.4088333333333,Jezdnia,Dobre warunki atmosferyczne,Światło dzienne,Najechanie na pieszego,1,0,1,Ciężko,N,,,,,,,,,,
EWK-98972163Q,2015,2015-06-16,12,POWIAT RADOM,RADOM - OBSZAR MIEJSKI,Droga gminna,G530110W,Jednojezdniowa dwukierunkowa,Odcinek prosty,Obszar zabudowany,21.204,51.4088333333333,Jezdnia,Dobre warunki atmosferyczne,Światło dzienne,Najechanie na pieszego,1,0,0,Nieokreślone (puste pole),N,,,,,,,,,,
EWK-98975263R,2015,2015-06-12,18,POWIAT WĘGROWSKI,ŁOCHÓW - OBSZAR MIEJSKI,Inna,I2,Jednojezdniowa dwukierunkowa,Odcinek prosty,Obszar zabudowany,21.6967777777778,52.5289444444444,Jezdnia,Dobre warunki atmosferyczne,Światło dzienne,Najechanie na pieszego,1,0,1,Ciężko,N,,,,,,,,,,
EWK-98975263R,2015,2015-06-12,18,POWIAT WĘGROWSKI,ŁOCHÓW - OBSZAR MIEJSKI,Inna,I2,Jednojezdniowa dwukierunkowa,Odcinek prosty,Obszar zabudowany,21.6967777777778,52.5289444444444,Jezdnia,Dobre warunki atmosferyczne,Światło dzienne,Najechanie na pieszego,1,0,0,Nieokreślone (puste pole),N,,,,,,,,,,
EWK-98977580P,2015,2015-06-18,15,POWIAT LIPSKI,SIENNO - OBSZAR WIEJSKI,Droga powiatowa,P3536W,Jednojezdniowa dwukierunkowa,Odcinek prosty,Obszar zabudowany,21.4711388888889,51.0816388888889,Jezdnia,Dobre warunki atmosferyczne,Światło dzienne,Najechanie na pieszego,1,0,1,Ciężko,N,,,,,,,,,,
EWK-98977580P,2015,2015-06-18,15,POWIAT LIPSKI,SIENNO - OBSZAR WIEJSKI,Droga powiatowa,P3536W,Jednojezdniowa dwukierunkowa,Odcinek prosty,Obszar zabudowany,21.4711388888889,51.0816388888889,Jezdnia,Dobre warunki atmosferyczne,Światło dzienne,Najechanie na pieszego,1,0,0,Nieokreślone (puste pole),N,,,,,,,,,,
EWK-98992082U,2015,2015-06-24,16,POWIAT RADOM,RADOM - OBSZAR MIEJSKI,Droga powiatowa,P3528W,Jednojezdniowa dwukierunkowa,Odcinek prosty,Obszar zabudowany,21.1996666666667,51.3965833333333,Jezdnia,Dobre warunki atmosferyczne,Światło dzienne,Najechanie na pieszego,1,0,1,Lekko,N,,,,,,,,,,
EWK-98992082U,2015,2015-06-24,16,POWIAT RADOM,RADOM - OBSZAR MIEJSKI,Droga powiatowa,P3528W,Jednojezdniowa dwukierunkowa,Odcinek prosty,Obszar zabudowany,21.1996666666667,51.3965833333333,Jezdnia,Dobre warunki atmosferyczne,Światło dzienne,Najechanie na pieszego,1,0,0,Nieokreślone (puste pole),N,,,,,,,,,,
EWK-98995441J,2015,2015-06-22,6,POWIAT LIPSKI,LIPSKO - OBSZAR WIEJSKI,Droga krajowa,79,Jednojezdniowa dwukierunkowa,Odcinek prosty,Obszar zabudowany,21.6404444444444,51.1313055555556,Jezdnia,Dobre warunki atmosferyczne,Światło dzienne,Najechanie na pieszego,1,0,1,Lekko,N,,,,,,,,,,
EWK-98995441J,2015,2015-06-22,6,POWIAT LIPSKI,LIPSKO - OBSZAR WIEJSKI,Droga krajowa,79,Jednojezdniowa dwukierunkowa,Odcinek prosty,Obszar zabudowany,21.6404444444444,51.1313055555556,Jezdnia,Dobre warunki atmosferyczne,Światło dzienne,Najechanie na pieszego,1,0,0,Nieokreślone (puste pole),N,,,,,,,,,,
EWK-99016870T,2015,2015-07-06,14,POWIAT RADOM,RADOM - OBSZAR MIEJSKI,Droga krajowa,12,Dwie jezdnie jednokierunkowe,,Obszar zabudowany,21.147,51.3915555555556,Jezdnia,Dobre warunki atmosferyczne,Światło dzienne,Najechanie na pieszego,1,0,1,Ciężko,N,,,,,,,,,,
EWK-99016870T,2015,2015-07-06,14,POWIAT RADOM,RADOM - OBSZAR MIEJSKI,Droga krajowa,12,Dwie jezdnie jednokierunkowe,,Obszar zabudowany,21.147,51.3915555555556,Jezdnia,Dobre warunki atmosferyczne,Światło dzienne,Najechanie na pieszego,1,0,0,Nieokreślone (puste pole),N,,,,,,,,,,
EWK-99034104P,2015,2015-07-15,13,POWIAT GRÓJECKI,WARKA - OBSZAR WIEJSKI,Droga wojewódzka,731,Jednojezdniowa dwukierunkowa,Odcinek prosty,Obszar zabudowany,21.10675,51.7498055555556,Jezdnia,Dobre warunki atmosferyczne,Światło dzienne,Najechanie na pieszego,1,0,1,Lekko,N,,,,,,,,,,
EWK-99034104P,2015,2015-07-15,13,POWIAT GRÓJECKI,WARKA - OBSZAR WIEJSKI,Droga wojewódzka,731,Jednojezdniowa dwukierunkowa,Odcinek prosty,Obszar zabudowany,21.10675,51.7498055555556,Jezdnia,Dobre warunki atmosferyczne,Światło dzienne,Najechanie na pieszego,1,0,0,Nieokreślone (puste pole),N,,,,,,,,,,
EWK-99040629Q,2015,2015-07-18,10,POWIAT RADOM,RADOM - OBSZAR MIEJSKI,Droga powiatowa,P5321W,Jednojezdniowa dwukierunkowa,Odcinek prosty,Obszar zabudowany,21.1663333333333,51.3980277777778,Jezdnia,Dobre warunki atmosferyczne,Światło dzienne,Najechanie na pieszego,1,0,1,Lekko,N,,,,,,,,,,
EWK-99040629Q,2015,2015-07-18,10,POWIAT RADOM,RADOM - OBSZAR MIEJSKI,Droga powiatowa,P5321W,Jednojezdniowa dwukierunkowa,Odcinek prosty,Obszar zabudowany,21.1663333333333,51.3980277777778,Jezdnia,Dobre warunki atmosferyczne,Światło dzienne,Najechanie na pieszego,1,0,0,Nieokreślone (puste pole),N,,,,,,,,,,
EWK-99052029G,2015,2015-07-25,11,POWIAT RADOM,RADOM - OBSZAR MIEJSKI,Droga gminna,G530222W,Jednojezdniowa dwukierunkowa,Odcinek prosty,Obszar zabudowany,21.1149722222222,51.3763333333333,Jezdnia,Dobre warunki atmosferyczne,Światło dzienne,Najechanie na pieszego,1,0,1,Lekko,N,,,,,,,,,,
EWK-99052029G,2015,2015-07-25,11,POWIAT RADOM,RADOM - OBSZAR MIEJSKI,Droga gminna,G530222W,Jednojezdniowa dwukierunkowa,Odcinek prosty,Obszar zabudowany,21.1149722222222,51.3763333333333,Jezdnia,Dobre warunki atmosferyczne,Światło dzienne,Najechanie na pieszego,1,0,0,Nieokreślone (puste pole),N,,,,,,,,,,
EWK-99073368M,2015,2015-08-05,10,POWIAT OSTROŁĘKA,OSTROŁĘKA - OBSZAR MIEJSKI,Droga gminna,G510231W,Jednojezdniowa dwukierunkowa,Odcinek prosty,Obszar zabudowany,21.5892222222222,53.0743888888889,Jezdnia,Dobre warunki atmosferyczne,Światło dzienne,Najechanie na pieszego,1,0,1,Lekko,N,,,,,,,,,,
EWK-99073368M,2015,2015-08-05,10,POWIAT OSTROŁĘKA,OSTROŁĘKA - OBSZAR MIEJSKI,Droga gminna,G510231W,Jednojezdniowa dwukierunkowa,Odcinek prosty,Obszar zabudowany,21.5892222222222,53.0743888888889,Jezdnia,Dobre warunki atmosferyczne,Światło dzienne,Najechanie na pieszego,1,0,0,Nieokreślone (puste pole),N,,,,,,,,,,
EWK-99074354F,2015,2015-08-06,14,POWIAT SOCHACZEWSKI,SOCHACZEW - OBSZAR MIEJSKI,Droga gminna,GMINNA,Jednojezdniowa dwukierunkowa,Odcinek prosty,Obszar zabudowany,20.24375,52.2261666666667,Jezdnia,Dobre warunki atmosferyczne,Światło dzienne,Najechanie na pieszego,1,0,1,Lekko,N,,,,,,,,,,
EWK-99074354F,2015,2015-08-06,14,POWIAT SOCHACZEWSKI,SOCHACZEW - OBSZAR MIEJSKI,Droga gminna,GMINNA,Jednojezdniowa dwukierunkowa,Odcinek prosty,Obszar zabudowany,20.24375,52.2261666666667,Jezdnia,Dobre warunki atmosferyczne,Światło dzienne,Najechanie na pieszego,1,0,0,Nieokreślone (puste pole),N,,,,,,,,,,
EWK-99082442T,2015,2015-08-10,12,POWIAT PŁOCK,PŁOCK - OBSZAR MIEJSKI,Droga powiatowa,P,Jednojezdniowa dwukierunkowa,Odcinek prosty,Obszar zabudowany,19.6896388888889,52.5530555555556,Jezdnia,Dobre warunki atmosferyczne,Światło dzienne,Najechanie na pieszego,1,0,1,Lekko,N,,,,,,,,,,
EWK-99082442T,2015,2015-08-10,12,POWIAT PŁOCK,PŁOCK - OBSZAR MIEJSKI,Droga powiatowa,P,Jednojezdniowa dwukierunkowa,Odcinek prosty,Obszar zabudowany,19.6896388888889,52.5530555555556,Jezdnia,Dobre warunki atmosferyczne,Światło dzienne,Najechanie na pieszego,1,0,0,Nieokreślone (puste pole),N,,,,,,,,,,
EWK-99087998E,2015,2015-08-12,8,POWIAT GRÓJECKI,WARKA - OBSZAR MIEJSKI,Droga gminna,GMINNA,Jednojezdniowa dwukierunkowa,Odcinek prosty,Obszar zabudowany,21.1713055555556,51.7935,Jezdnia,Dobre warunki atmosferyczne,Światło dzienne,Najechanie na pieszego,1,1,0,Nieokreślone (puste pole),N,,,,,,,,,,
EWK-99089136N,2015,2015-08-12,10,POWIAT RADOM,RADOM - OBSZAR MIEJSKI,Droga gminna,GMINNA,Dwie jezdnie jednokierunkowe,Odcinek prosty,Obszar zabudowany,21.1871111111111,51.4166388888889,Jezdnia,Dobre warunki atmosferyczne,Światło dzienne,Najechanie na pieszego,1,0,1,Lekko,N,,,,,,,,,,
EWK-99089136N,2015,2015-08-12,10,POWIAT RADOM,RADOM - OBSZAR MIEJSKI,Droga gminna,GMINNA,Dwie jezdnie jednokierunkowe,Odcinek prosty,Obszar zabudowany,21.1871111111111,51.4166388888889,Jezdnia,Dobre warunki atmosferyczne,Światło dzienne,Najechanie na pieszego,1,0,0,Nieokreślone (puste pole),N,,,,,,,,,,
EWK-99092222C,2015,2015-08-14,12,POWIAT SOCHACZEWSKI,SOCHACZEW - OBSZAR MIEJSKI,Droga gminna,GMINNA,Jednojezdniowa dwukierunkowa,Odcinek prosty,Obszar zabudowany,20.2484166666667,52.23125,Jezdnia,Dobre warunki atmosferyczne,Światło dzienne,Najechanie na pieszego,1,0,1,Ciężko,N,,,,,,,,,,
EWK-99092222C,2015,2015-08-14,12,POWIAT SOCHACZEWSKI,SOCHACZEW - OBSZAR MIEJSKI,Droga gminna,GMINNA,Jednojezdniowa dwukierunkowa,Odcinek prosty,Obszar zabudowany,20.2484166666667,52.23125,Jezdnia,Dobre warunki atmosferyczne,Światło dzienne,Najechanie na pieszego,1,0,0,Nieokreślone (puste pole),N,,,,,,,,,,
EWK-99092632D,2015,2015-08-15,13,POWIAT RADOMSKI,WOLANÓW - OBSZAR WIEJSKI,Droga gminna,GMINNA,Jednojezdniowa dwukierunkowa,Odcinek prosty,Obszar zabudowany,21.0196111111111,51.3549444444445,Jezdnia,Dobre warunki atmosferyczne,Światło dzienne,Najechanie na pieszego,1,0,1,Lekko,N,,,,,,,,,,
EWK-99092632D,2015,2015-08-15,13,POWIAT RADOMSKI,WOLANÓW - OBSZAR WIEJSKI,Droga gminna,GMINNA,Jednojezdniowa dwukierunkowa,Odcinek prosty,Obszar zabudowany,21.0196111111111,51.3549444444445,Jezdnia,Dobre warunki atmosferyczne,Światło dzienne,Najechanie na pieszego,1,0,0,Nieokreślone (puste pole),N,,,,,,,,,,
EWK-99104856P,2015,2015-08-14,16,POWIAT RADOMSKI,GÓZD - OBSZAR WIEJSKI,Droga gminna,GMINNA,Jednojezdniowa dwukierunkowa,Odcinek prosty,Obszar zabudowany,21.2424444444444,51.3791388888889,Jezdnia,Dobre warunki atmosferyczne,Światło dzienne,Najechanie na pieszego,1,0,1,Lekko,N,,,,,,,,,,
EWK-99104856P,2015,2015-08-14,16,POWIAT RADOMSKI,GÓZD - OBSZAR WIEJSKI,Droga gminna,GMINNA,Jednojezdniowa dwukierunkowa,Odcinek prosty,Obszar zabudowany,21.2424444444444,51.3791388888889,Jezdnia,Dobre warunki atmosferyczne,Światło dzienne,Najechanie na pieszego,1,0,0,Nieokreślone (puste pole),N,,,,,,,,,,
EWK-99104867T,2015,2015-08-11,11,POWIAT RADOM,RADOM - OBSZAR MIEJSKI,Droga powiatowa,P5347W,Jednojezdniowa dwukierunkowa,Odcinek prosty,Obszar zabudowany,21.16975,51.3994166666667,Jezdnia,Dobre warunki atmosferyczne,Światło dzienne,Najechanie na pieszego,1,0,1,Lekko,N,,,,,,,,,,
EWK-99104867T,2015,2015-08-11,11,POWIAT RADOM,RADOM - OBSZAR MIEJSKI,Droga powiatowa,P5347W,Jednojezdniowa dwukierunkowa,Odcinek prosty,Obszar zabudowany,21.16975,51.3994166666667,Jezdnia,Dobre warunki atmosferyczne,Światło dzienne,Najechanie na pieszego,1,0,0,Nieokreślone (puste pole),N,,,,,,,,,,
EWK-99113067Q,2015,2015-08-22,14,POWIAT PŁOŃSKI,PŁOŃSK - OBSZAR MIEJSKI,Droga powiatowa,P3075W,Jednojezdniowa dwukierunkowa,Odcinek prosty,Obszar zabudowany,20.3771388888889,52.6281111111111,Jezdnia,Dobre warunki atmosferyczne,Światło dzienne,Najechanie na pieszego,1,0,1,Lekko,N,,,,,,,,,,