IDKSIP,year,date,hour,district,district_commune,road_category,road_number,type_of_road,road_geometry,area,Longitude,Latitude,char_place_of_the_event,weather_conditions,lighting,type_of_accident,num_of_accidents,num_of_fatalities,num_of_injured,type_of_injury,is_offender_intoxicated,,,,,,,,,,
EWK-99113067Q,2015,2015-08-22,14,POWIAT PŁOŃSKI,PŁOŃSK - OBSZAR MIEJSKI,Droga powiatowa,P3075W,Jednojezdniowa dwukierunkowa,Odcinek prosty,Obszar zabudowany,20.3771388888889,52.6281111111111,Jezdnia,Dobre warunki atmosferyczne,Światło dzienne,Najechanie na pieszego,1,0,0,Nieokreślone (puste pole),N,,,,,,,,,,
EWK-99113369D,2015,2015-08-22,12,POWIAT RADOM,RADOM - OBSZAR MIEJSKI,Droga gminna,G530279W,Jednojezdniowa dwukierunkowa,,Obszar zabudowany,21.1081388888889,51.40875,Jezdnia,Dobre warunki atmosferyczne,Światło dzienne,Najechanie na pieszego,1,0,1,Lekko,N,,,,,,,,,,
EWK-99113369D,2015,2015-08-22,12,POWIAT RADOM,RADOM - OBSZAR MIEJSKI,Droga gminna,G530279W,Jednojezdniowa dwukierunkowa,,Obszar zabudowany,21.1081388888889,51.40875,Jezdnia,Dobre warunki atmosferyczne,Światło dzienne,Najechanie na pieszego,1,0,0,Nieokreślone (puste pole),N,,,,,,,,,,
EWK-99113658P,2015,2015-08-24,18,POWIAT RADOM,RADOM - OBSZAR MIEJSKI,Droga gminna,GMINNA,Jednojezdniowa dwukierunkowa,Odcinek prosty,Obszar zabudowany,21.1316666666667,51.3650833333333,Jezdnia,Dobre warunki atmosferyczne,Światło dzienne,Najechanie na pieszego,1,0,1,Lekko,N,,,,,,,,,,
EWK-99113658P,2015,2015-08-24,18,POWIAT RADOM,RADOM - OBSZAR MIEJSKI,Droga gminna,GMINNA,Jednojezdniowa dwukierunkowa,Odcinek prosty,Obszar zabudowany,21.1316666666667,51.3650833333333,Jezdnia,Dobre warunki atmosferyczne,Światło dzienne,Najechanie na pieszego,1,0,0,Nieokreślone (puste pole),N,,,,,,,,,,
EWK-99114215G,2015,2015-08-23,17,POWIAT LIPSKI,LIPSKO - OBSZAR WIEJSKI,Nieokreślone (puste pole),,Jednojezdniowa dwukierunkowa,Odcinek prosty,Obszar zabudowany,21.6283888888889,51.1892222222222,Jezdnia,Dobre warunki atmosferyczne,Światło dzienne,Najechanie na pieszego,1,0,1,Lekko,N,,,,,,,,,,
EWK-99114215G,2015,2015-08-23,17,POWIAT LIPSKI,LIPSKO - OBSZAR WIEJSKI,Nieokreślone (puste pole),,Jednojezdniowa dwukierunkowa,Odcinek prosty,Obszar zabudowany,21.6283888888889,51.1892222222222,Jezdnia,Dobre warunki atmosferyczne,Światło dzienne,Najechanie na pieszego,1,0,0,Nieokreślone (puste pole),N,,,,,,,,,,
EWK-99114333R,2015,2015-08-24,18,POWIAT OSTROWSKI,NUR - OBSZAR WIEJSKI,Droga powiatowa,P2628W,Jednojezdniowa dwukierunkowa,Odcinek prosty,Obszar zabudowany,22.3804722222222,52.6318611111111,Jezdnia,Dobre warunki atmosferyczne,Światło dzienne,Najechanie na pieszego,1,0,1,Lekko,N,,,,,,,,,,
EWK-99114333R,2015,2015-08-24,18,POWIAT OSTROWSKI,NUR - OBSZAR WIEJSKI,Droga powiatowa,P2628W,Jednojezdniowa dwukierunkowa,Odcinek prosty,Obszar zabudowany,22.3804722222222,52.6318611111111,Jezdnia,Dobre warunki atmosferyczne,Światło dzienne,Najechanie na pieszego,1,0,0,Nieokreślone (puste pole),N,,,,,,,,,,
EWK-99114401T,2015,2015-08-18,15,POWIAT OSTROŁĘKA,OSTROŁĘKA - OBSZAR MIEJSKI,Droga powiatowa,P5107W,Jednojezdniowa dwukierunkowa,Odcinek prosty,Obszar zabudowany,21.5644722222222,53.0758888888889,Jezdnia,Dobre warunki atmosferyczne,Światło dzienne,Najechanie na pieszego,1,0,1,Lekko,N,,,,,,,,,,
EWK-99114401T,2015,2015-08-18,15,POWIAT OSTROŁĘKA,OSTROŁĘKA - OBSZAR MIEJSKI,Droga powiatowa,P5107W,Jednojezdniowa dwukierunkowa,Odcinek prosty,Obszar zabudowany,21.5644722222222,53.0758888888889,Jezdnia,Dobre warunki atmosferyczne,Światło dzienne,Najechanie na pieszego,1,0,0,Nieokreślone (puste pole),N,,,,,,,,,,
EWK-99121879D,2015,2015-08-27,10,POWIAT OSTROŁĘCKI,TROSZYN - OBSZAR WIEJSKI,Droga powiatowa,2566W,Jednojezdniowa dwukierunkowa,Odcinek prosty,Obszar niezabudowany,21.8196666666667,53.0555,Jezdnia,Dobre warunki atmosferyczne,Światło dzienne,Najechanie na pieszego,1,1,0,Nieokreślone (puste pole),N,,,,,,,,,,
EWK-99126789T,2015,2015-08-18,16,POWIAT ŻYRARDOWSKI,PUSZCZA MARIAŃSKA - OBSZAR WIEJSKI,Droga gminna,GMINNA,Jednojezdniowa dwukierunkowa,Odcinek prosty,Obszar niezabudowany,20.3484444444444,51.9761944444444,Jezdnia,Dobre warunki atmosferyczne,Światło dzienne,Najechanie na pieszego,1,0,1,Lekko,N,,,,,,,,,,
EWK-99126789T,2015,2015-08-18,16,POWIAT ŻYRARDOWSKI,PUSZCZA MARIAŃSKA - OBSZAR WIEJSKI,Droga gminna,GMINNA,Jednojezdniowa dwukierunkowa,Odcinek prosty,Obszar niezabudowany,20.3484444444444,51.9761944444444,Jezdnia,Dobre warunki atmosferyczne,Światło dzienne,Najechanie na pieszego,1,0,0,Nieokreślone (puste pole),N,,,,,,,,,,
EWK-99127305F,2015,2015-08-31,15,POWIAT RADOM,RADOM - OBSZAR MIEJSKI,Droga gminna,G530113W,Jednojezdniowa dwukierunkowa,,Obszar zabudowany,21.1606111111111,51.3808055555556,Jezdnia,Dobre warunki atmosferyczne,Światło dzienne,Najechanie na pieszego,1,0,1,Ciężko,N,,,,,,,,,,
EWK-99127305F,2015,2015-08-31,15,POWIAT RADOM,RADOM - OBSZAR MIEJSKI,Droga gminna,G530113W,Jednojezdniowa dwukierunkowa,,Obszar zabudowany,21.1606111111111,51.3808055555556,Jezdnia,Dobre warunki atmosferyczne,Światło dzienne,Najechanie na pieszego,1,0,0,Nieokreślone (puste pole),N,,,,,,,,,,
EWK-99135353T,2015,2015-08-30,17,POWIAT GARWOLIŃSKI,TROJANÓW - OBSZAR WIEJSKI,Droga gminna,GMINNA,Jednojezdniowa dwukierunkowa,Odcinek prosty,Obszar zabudowany,21.8265277777778,51.7593611111111,Jezdnia,Dobre warunki atmosferyczne,Światło dzienne,Najechanie na pieszego,1,1,0,Nieokreślone (puste pole),N,,,,,,,,,,
EWK-99138027W,2015,2015-09-03,15,POWIAT MŁAWSKI,WIŚNIEWO - OBSZAR WIEJSKI,Droga gminna,G231015W,Jednojezdniowa dwukierunkowa,Odcinek prosty,Obszar zabudowany,20.2649166666667,53.0641666666667,Jezdnia,Dobre warunki atmosferyczne,Światło dzienne,Najechanie na pieszego,1,0,2,Lekko,N,,,,,,,,,,
EWK-99138330E,2015,2015-09-03,10,POWIAT RADOM,RADOM - OBSZAR MIEJSKI,Droga krajowa,12,Dwie jezdnie jednokierunkowe,Odcinek prosty,Obszar zabudowany,21.1422777777778,51.3900555555556,Jezdnia,Dobre warunki atmosferyczne,Światło dzienne,Najechanie na pieszego,1,0,1,Ciężko,N,,,,,,,,,,
EWK-99138330E,2015,2015-09-03,10,POWIAT RADOM,RADOM - OBSZAR MIEJSKI,Droga krajowa,12,Dwie jezdnie jednokierunkowe,Odcinek prosty,Obszar zabudowany,21.1422777777778,51.3900555555556,Jezdnia,Dobre warunki atmosferyczne,Światło dzienne,Najechanie na pieszego,1,0,0,Nieokreślone (puste pole),N,,,,,,,,,,
EWK-99153854C,2015,2015-09-08,12,POWIAT SOKOŁOWSKI,SOKOŁÓW PODLASKI - OBSZAR MIEJSKI,Droga krajowa,62,Jednojezdniowa dwukierunkowa,"Zakręt, łuk",Obszar zabudowany,22.226,52.4071388888889,Jezdnia,Dobre warunki atmosferyczne,Światło dzienne,Najechanie na pieszego,1,0,1,Ciężko,N,,,,,,,,,,
EWK-99153854C,2015,2015-09-08,12,POWIAT SOKOŁOWSKI,SOKOŁÓW PODLASKI - OBSZAR MIEJSKI,Droga krajowa,62,Jednojezdniowa dwukierunkowa,"Zakręt, łuk",Obszar zabudowany,22.226,52.4071388888889,Jezdnia,Dobre warunki atmosferyczne,Światło dzienne,Najechanie na pieszego,1,0,0,Nieokreślone (puste pole),N,,,,,,,,,,
EWK-99179231R,2015,2015-09-19,14,POWIAT MŁAWSKI,MŁAWA - OBSZAR MIEJSKI,Droga powiatowa,P4640W,Jednojezdniowa dwukierunkowa,Odcinek prosty,Obszar zabudowany,20.3735833333333,53.1099444444445,Jezdnia,Dobre warunki atmosferyczne,Światło dzienne,Najechanie na pieszego,1,0,1,Lekko,N,,,,,,,,,,
EWK-99179231R,2015,2015-09-19,14,POWIAT MŁAWSKI,MŁAWA - OBSZAR MIEJSKI,Droga powiatowa,P4640W,Jednojezdniowa dwukierunkowa,Odcinek prosty,Obszar zabudowany,20.3735833333333,53.1099444444445,Jezdnia,Dobre warunki atmosferyczne,Światło dzienne,Najechanie na pieszego,1,0,0,Nieokreślone (puste pole),N,,,,,,,,,,
EWK-99181850X,2015,2015-09-17,14,POWIAT PŁOŃSKI,PŁOŃSK - OBSZAR MIEJSKI,Droga powiatowa,P3079W,Jednojezdniowa dwukierunkowa,Odcinek prosty,Obszar zabudowany,20.3818888888889,52.6259166666667,Jezdnia,Dobre warunki atmosferyczne,Światło dzienne,Najechanie na pieszego,1,0,1,Ciężko,N,,,,,,,,,,
EWK-99181850X,2015,2015-09-17,14,POWIAT PŁOŃSKI,PŁOŃSK - OBSZAR MIEJSKI,Droga powiatowa,P3079W,Jednojezdniowa dwukierunkowa,Odcinek prosty,Obszar zabudowany,20.3818888888889,52.6259166666667,Jezdnia,Dobre warunki atmosferyczne,Światło dzienne,Najechanie na pieszego,1,0,0,Nieokreślone (puste pole),N,,,,,,,,,,
EWK-99187348T,2015,2015-09-22,13,POWIAT MAKOWSKI,MAKÓW MAZOWIECKI - OBSZAR MIEJSKI,Droga krajowa,57,Jednojezdniowa dwukierunkowa,,Obszar zabudowany,21.0934722222222,52.8542777777778,Jezdnia,Dobre warunki atmosferyczne,Światło dzienne,Najechanie na pieszego,1,0,1,Lekko,N,,,,,,,,,,
EWK-99187348T,2015,2015-09-22,13,POWIAT MAKOWSKI,MAKÓW MAZOWIECKI - OBSZAR MIEJSKI,Droga krajowa,57,Jednojezdniowa dwukierunkowa,,Obszar zabudowany,21.0934722222222,52.8542777777778,Jezdnia,Dobre warunki atmosferyczne,Światło dzienne,Najechanie na pieszego,1,0,0,Nieokreślone (puste pole),N,,,,,,,,,,
EWK-99191330Y,2015,2015-09-18,12,POWIAT ŻYRARDOWSKI,RADZIEJOWICE - OBSZAR WIEJSKI,Droga gminna,GMINNA,Jednojezdniowa dwukierunkowa,Odcinek prosty,Obszar niezabudowany,20.5809722222222,52.0126944444444,Jezdnia,Dobre warunki atmosferyczne,Światło dzienne,Najechanie na pieszego,1,0,1,Ciężko,N,,,,,,,,,,
EWK-99191330Y,2015,2015-09-18,12,POWIAT ŻYRARDOWSKI,RADZIEJOWICE - OBSZAR WIEJSKI,Droga gminna,GMINNA,Jednojezdniowa dwukierunkowa,Odcinek prosty,Obszar niezabudowany,20.5809722222222,52.0126944444444,Jezdnia,Dobre warunki atmosferyczne,Światło dzienne,Najechanie na pieszego,1,0,0,Nieokreślone (puste pole),N,,,,,,,,,,
EWK-99204194W,2015,2015-09-28,14,POWIAT RADOMSKI,IŁŻA - OBSZAR WIEJSKI,Droga krajowa,9,Jednojezdniowa dwukierunkowa,Odcinek prosty,Obszar zabudowany,21.2371666666667,51.1919166666667,Jezdnia,Dobre warunki atmosferyczne,Światło dzienne,Najechanie na pieszego,1,0,1,Lekko,N,,,,,,,,,,
EWK-99204194W,2015,2015-09-28,14,POWIAT RADOMSKI,IŁŻA - OBSZAR WIEJSKI,Droga krajowa,9,Jednojezdniowa dwukierunkowa,Odcinek prosty,Obszar zabudowany,21.2371666666667,51.1919166666667,Jezdnia,Dobre warunki atmosferyczne,Światło dzienne,Najechanie na pieszego,1,0,0,Nieokreślone (puste pole),N,,,,,,,,,,
EWK-99217910H,2015,2015-10-02,15,POWIAT MŁAWSKI,MŁAWA - OBSZAR MIEJSKI,Droga powiatowa,P2364W,Jednojezdniowa dwukierunkowa,Odcinek prosty,Obszar zabudowany,20.3814444444444,53.1105833333333,Jezdnia,Dobre warunki atmosferyczne,Światło dzienne,Najechanie na pieszego,1,0,1,Lekko,N,,,,,,,,,,
EWK-99217910H,2015,2015-10-02,15,POWIAT MŁAWSKI,MŁAWA - OBSZAR MIEJSKI,Droga powiatowa,P2364W,Jednojezdniowa dwukierunkowa,Odcinek prosty,Obszar zabudowany,20.3814444444444,53.1105833333333,Jezdnia,Dobre warunki atmosferyczne,Światło dzienne,Najechanie na pieszego,1,0,0,Nieokreślone (puste pole),N,,,,,,,,,,
EWK-99226060T,2015,2015-10-07,8,POWIAT PRZASNYSKI,PRZASNYSZ - OBSZAR MIEJSKI,Droga wojewódzka,544,Jednojezdniowa dwukierunkowa,Odcinek prosty,Obszar zabudowany,20.8695555555556,53.0195555555556,Jezdnia,Dobre warunki atmosferyczne,Światło dzienne,Najechanie na pieszego,1,0,1,Lekko,N,,,,,,,,,,
EWK-99226060T,2015,2015-10-07,8,POWIAT PRZASNYSKI,PRZASNYSZ - OBSZAR MIEJSKI,Droga wojewódzka,544,Jednojezdniowa dwukierunkowa,Odcinek prosty,Obszar zabudowany,20.8695555555556,53.0195555555556,Jezdnia,Dobre warunki atmosferyczne,Światło dzienne,Najechanie na pieszego,1,0,0,Nieokreślone (puste pole),N,,,,,,,,,,
EWK-99234285M,2015,2015-10-07,10,POWIAT SZYDŁOWIECKI,SZYDŁOWIEC - OBSZAR MIEJSKI,Droga gminna,G400539W,Jednojezdniowa dwukierunkowa,,Obszar zabudowany,20.8602222222222,51.2228611111111,Jezdnia,Dobre warunki atmosferyczne,Światło dzienne,Najechanie na pieszego,1,0,1,Lekko,N,,,,,,,,,,
EWK-99234285M,2015,2015-10-07,10,POWIAT SZYDŁOWIECKI,SZYDŁOWIEC - OBSZAR MIEJSKI,Droga gminna,G400539W,Jednojezdniowa dwukierunkowa,,Obszar zabudowany,20.8602222222222,51.2228611111111,Jezdnia,Dobre warunki atmosferyczne,Światło dzienne,Najechanie na pieszego,1,0,0,Nieokreślone (puste pole),N,,,,,,,,,,
EWK-99252993C,2015,2015-10-16,13,POWIAT OSTROWSKI,OSTRÓW MAZOWIECKA - OBSZAR MIEJSKI,Droga wojewódzka,627,Jednojezdniowa dwukierunkowa,,Obszar zabudowany,21.9178888888889,52.8172777777778,Jezdnia,Dobre warunki atmosferyczne,Światło dzienne,Najechanie na pieszego,1,0,1,Ciężko,N,,,,,,,,,,
EWK-99252993C,2015,2015-10-16,13,POWIAT OSTROWSKI,OSTRÓW MAZOWIECKA - OBSZAR MIEJSKI,Droga wojewódzka,627,Jednojezdniowa dwukierunkowa,,Obszar zabudowany,21.9178888888889,52.8172777777778,Jezdnia,Dobre warunki atmosferyczne,Światło dzienne,Najechanie na pieszego,1,0,0,Nieokreślone (puste pole),N,,,,,,,,,,
EWK-99270907N,2015,2015-10-24,14,POWIAT SOCHACZEWSKI,SOCHACZEW - OBSZAR MIEJSKI,Droga wojewódzka,705,Jednojezdniowa dwukierunkowa,Odcinek prosty,Obszar zabudowany,20.2755555555556,52.2539722222222,Jezdnia,Dobre warunki atmosferyczne,Światło dzienne,Najechanie na pieszego,1,0,1,Lekko,N,,,,,,,,,,
EWK-99270907N,2015,2015-10-24,14,POWIAT SOCHACZEWSKI,SOCHACZEW - OBSZAR MIEJSKI,Droga wojewódzka,705,Jednojezdniowa dwukierunkowa,Odcinek prosty,Obszar zabudowany,20.2755555555556,52.2539722222222,Jezdnia,Dobre warunki atmosferyczne,Światło dzienne,Najechanie na pieszego,1,0,0,Nieokreślone (puste pole),N,,,,,,,,,,
EWK-99298159Y,2015,2015-11-01,14,POWIAT RADOMSKI,SKARYSZEW - OBSZAR MIEJSKI,Droga gminna,GMINNA,Jednojezdniowa dwukierunkowa,Odcinek prosty,Obszar zabudowany,21.2534444444444,51.3103333333333,Jezdnia,Dobre warunki atmosferyczne,Światło dzienne,Najechanie na pieszego,1,0,1,Lekko,N,,,,,,,,,,
EWK-99298159Y,2015,2015-11-01,14,POWIAT RADOMSKI,SKARYSZEW - OBSZAR MIEJSKI,Droga gminna,GMINNA,Jednojezdniowa dwukierunkowa,Odcinek prosty,Obszar zabudowany,21.2534444444444,51.3103333333333,Jezdnia,Dobre warunki atmosferyczne,Światło dzienne,Najechanie na pieszego,1,0,0,Nieokreślone (puste pole),N,,,,,,,,,,
EWK-99342690A,2015,2015-11-19,14,POWIAT RADOM,RADOM - OBSZAR MIEJSKI,Droga powiatowa,P5312W,Jednojezdniowa dwukierunkowa,"Zakręt, łuk",Obszar zabudowany,21.1801944444444,51.41,Jezdnia,Dobre warunki atmosferyczne,Światło dzienne,Najechanie na pieszego,1,0,1,Lekko,N,,,,,,,,,,
EWK-99342690A,2015,2015-11-19,14,POWIAT RADOM,RADOM - OBSZAR MIEJSKI,Droga powiatowa,P5312W,Jednojezdniowa dwukierunkowa,"Zakręt, łuk",Obszar zabudowany,21.1801944444444,51.41,Jezdnia,Dobre warunki atmosferyczne,Światło dzienne,Najechanie na pieszego,1,0,0,Nieokreślone (puste pole),N,,,,,,,,,,
EWK-99344444T,2015,2015-11-21,14,POWIAT SIERPECKI,SZCZUTOWO - OBSZAR WIEJSKI,Droga powiatowa,P3721W,Jednojezdniowa dwukierunkowa,Odcinek prosty,Obszar zabudowany,19.4931944444444,52.9274722222222,Jezdnia,Dobre warunki atmosferyczne,Światło dzienne,Najechanie na pieszego,1,0,1,Lekko,T,,,,,,,,,,
EWK-99344444T,2015,2015-11-21,14,POWIAT SIERPECKI,SZCZUTOWO - OBSZAR WIEJSKI,Droga powiatowa,P3721W,Jednojezdniowa dwukierunkowa,Odcinek prosty,Obszar zabudowany,19.4931944444444,52.9274722222222,Jezdnia,Dobre warunki atmosferyczne,Światło dzienne,Najechanie na pieszego,1,0,0,Nieokreślone (puste pole),T,,,,,,,,,,
EWK-99099166H,2015,2015-08-13,10,POWIAT WĘGROWSKI,ŁOCHÓW - OBSZAR MIEJSKI,Droga krajowa,50,Jednojezdniowa dwukierunkowa,Odcinek prosty,Obszar zabudowany,21.6810555555556,52.5273333333333,"Parking, plac",Dobre warunki atmosferyczne,Światło dzienne,Najechanie na pieszego,1,0,1,Ciężko,N,,,,,,,,,,
EWK-99099166H,2015,2015-08-13,10,POWIAT WĘGROWSKI,ŁOCHÓW - OBSZAR MIEJSKI,Droga krajowa,50,Jednojezdniowa dwukierunkowa,Odcinek prosty,Obszar zabudowany,21.6810555555556,52.5273333333333,"Parking, plac",Dobre warunki atmosferyczne,Światło dzienne,Najechanie na pieszego,1,0,0,Nieokreślone (puste pole),N,,,,,,,,,,
EWK-99164249J,2015,2015-09-14,9,POWIAT SZYDŁOWIECKI,SZYDŁOWIEC - OBSZAR MIEJSKI,Droga gminna,G400565W,Jednojezdniowa dwukierunkowa,Odcinek prosty,Obszar zabudowany,20.8604166666667,51.2293888888889,"Parking, plac",Dobre warunki atmosferyczne,Światło dzienne,Najechanie na pieszego,1,0,1,Lekko,N,,,,,,,,,,
EWK-99164249J,2015,2015-09-14,9,POWIAT SZYDŁOWIECKI,SZYDŁOWIEC - OBSZAR MIEJSKI,Droga gminna,G400565W,Jednojezdniowa dwukierunkowa,Odcinek prosty,Obszar zabudowany,20.8604166666667,51.2293888888889,"Parking, plac",Dobre warunki atmosferyczne,Światło dzienne,Najechanie na pieszego,1,0,0,Nieokreślone (puste pole),N,,,,,,,,,,
EWK-98938053X,2015,2015-06-02,14,POWIAT ŁOSICKI,SARNAKI - OBSZAR WIEJSKI,Droga krajowa,19,Jednojezdniowa dwukierunkowa,Odcinek prosty,Obszar niezabudowany,22.8776666666667,52.3289444444445,Pobocze,Dobre warunki atmosferyczne,Światło dzienne,Najechanie na pieszego,1,1,0,Nieokreślone (puste pole),N,,,,,,,,,,
EWK-99059421J,2015,2015-07-23,18,POWIAT SOKOŁOWSKI,JABŁONNA LACKA - OBSZAR WIEJSKI,Droga gminna,G390309W,Jednojezdniowa dwukierunkowa,Odcinek prosty,Obszar zabudowany,22.4704722222222,52.4623611111111,Pobocze,Dobre warunki atmosferyczne,Światło dzienne,Najechanie na pieszego,1,0,1,Lekko,N,,,,,,,,,,
EWK-99059421J,2015,2015-07-23,18,POWIAT SOKOŁOWSKI,JABŁONNA LACKA - OBSZAR WIEJSKI,Droga gminna,G390309W,Jednojezdniowa dwukierunkowa,Odcinek prosty,Obszar zabudowany,22.4704722222222,52.4623611111111,Pobocze,Dobre warunki atmosferyczne,Światło dzienne,Najechanie na pieszego,1,0,0,Nieokreślone (puste pole),N,,,,,,,,,,
EWK-99192524N,2015,2015-09-24,18,POWIAT GRÓJECKI,MOGIELNICA - OBSZAR WIEJSKI,Droga powiatowa,P,Jednojezdniowa dwukierunkowa,Odcinek prosty,Obszar zabudowany,20.8070833333333,51.7433611111111,Pobocze,Dobre warunki atmosferyczne,Światło dzienne,Najechanie na pieszego,1,0,1,Lekko,N,,,,,,,,,,
EWK-99192524N,2015,2015-09-24,18,POWIAT GRÓJECKI,MOGIELNICA - OBSZAR WIEJSKI,Droga powiatowa,P,Jednojezdniowa dwukierunkowa,Odcinek prosty,Obszar zabudowany,20.8070833333333,51.7433611111111,Pobocze,Dobre warunki atmosferyczne,Światło dzienne,Najechanie na pieszego,1,0,0,Nieokreślone (puste pole),N,,,,,,,,,,
EWK-103495873Q,2015,2015-12-10,7,POWIAT OSTROŁĘKA,OSTROŁĘKA - OBSZAR MIEJSKI,Droga powiatowa,P5103W,Jednojezdniowa dwukierunkowa,,Obszar zabudowany,21.5817222222222,53.1009166666667,Przejście dla pieszych,Dobre warunki atmosferyczne,Światło dzienne,Najechanie na pieszego,1,0,1,Lekko,N,,,,,,,,,,
EWK-103495873Q,2015,2015-12-10,7,POWIAT OSTROŁĘKA,OSTROŁĘKA - OBSZAR MIEJSKI,Droga powiatowa,P5103W,Jednojezdniowa dwukierunkowa,,Obszar zabudowany,21.5817222222222,53.1009166666667,Przejście dla pieszych,Dobre warunki atmosferyczne,Światło dzienne,Najechanie na pieszego,1,0,0,Nieokreślone (puste pole),N,,,,,,,,,,
EWK-103529866H,2015,2015-12-10,10,POWIAT RADOM,RADOM - OBSZAR MIEJSKI,Droga powiatowa,P3564W,Jednojezdniowa dwukierunkowa,,Obszar zabudowany,21.0942777777778,51.3653055555556,Przejście dla pieszych,Dobre warunki atmosferyczne,Światło dzienne,Najechanie na pieszego,1,0,1,Ciężko,N,,,,,,,,,,
EWK-103529866H,2015,2015-12-10,10,POWIAT RADOM,RADOM - OBSZAR MIEJSKI,Droga powiatowa,P3564W,Jednojezdniowa dwukierunkowa,,Obszar zabudowany,21.0942777777778,51.3653055555556,Przejście dla pieszych,Dobre warunki atmosferyczne,Światło dzienne,Najechanie na pieszego,1,0,0,Nieokreślone (puste pole),N,,,,,,,,,,
EWK-103710008N,2015,2015-12-31,15,POWIAT RADOM,RADOM - OBSZAR MIEJSKI,Droga krajowa,7,Dwie jezdnie jednokierunkowe,Odcinek prosty,Obszar zabudowany,21.1495277777778,51.42875,Przejście dla pieszych,Dobre warunki atmosferyczne,Światło dzienne,Najechanie na pieszego,1,0,1,Ciężko,N,,,,,,,,,,
EWK-103710008N,2015,2015-12-31,15,POWIAT RADOM,RADOM - OBSZAR MIEJSKI,Droga krajowa,7,Dwie jezdnie jednokierunkowe,Odcinek prosty,Obszar zabudowany,21.1495277777778,51.42875,Przejście dla pieszych,Dobre warunki atmosferyczne,Światło dzienne,Najechanie na pieszego,1,0,0,Nieokreślone (puste pole),N,,,,,,,,,,
EWK-98723036M,2015,2015-01-05,13,POWIAT SOKOŁOWSKI,SOKOŁÓW PODLASKI - OBSZAR MIEJSKI,Droga krajowa,62,Jednojezdniowa dwukierunkowa,,Obszar zabudowany,22.2286666666667,52.4071388888889,Przejście dla pieszych,Dobre warunki atmosferyczne,Światło dzienne,Najechanie na pieszego,1,0,1,Ciężko,N,,,,,,,,,,
EWK-98723036M,2015,2015-01-05,13,POWIAT SOKOŁOWSKI,SOKOŁÓW PODLASKI - OBSZAR MIEJSKI,Droga krajowa,62,Jednojezdniowa dwukierunkowa,,Obszar zabudowany,22.2286666666667,52.4071388888889,Przejście dla pieszych,Dobre warunki atmosferyczne,Światło dzienne,Najechanie na pieszego,1,0,0,Nieokreślone (puste pole),N,,,,,,,,,,
EWK-98724687C,2015,2015-01-15,13,POWIAT OSTROŁĘKA,OSTROŁĘKA - OBSZAR MIEJSKI,Droga krajowa,61,Dwie jezdnie jednokierunkowe,Odcinek prosty,Obszar zabudowany,21.5751388888889,53.0883055555556,Przejście dla pieszych,Dobre warunki atmosferyczne,Światło dzienne,Najechanie na pieszego,1,0,1,Lekko,N,,,,,,,,,,
EWK-98724687C,2015,2015-01-15,13,POWIAT OSTROŁĘKA,OSTROŁĘKA - OBSZAR MIEJSKI,Droga krajowa,61,Dwie jezdnie jednokierunkowe,Odcinek prosty,Obszar zabudowany,21.5751388888889,53.0883055555556,Przejście dla pieszych,Dobre warunki atmosferyczne,Światło dzienne,Najechanie na pieszego,1,0,0,Nieokreślone (puste pole),N,,,,,,,,,,
EWK-98725098U,2015,2015-01-14,8,POWIAT RADOM,RADOM - OBSZAR MIEJSKI,Droga krajowa,9,Dwie jezdnie jednokierunkowe,Odcinek prosty,Obszar zabudowany,21.1575277777778,51.4261388888889,Przejście dla pieszych,Dobre warunki atmosferyczne,Światło dzienne,Najechanie na pieszego,1,0,1,Lekko,N,,,,,,,,,,
EWK-98725098U,2015,2015-01-14,8,POWIAT RADOM,RADOM - OBSZAR MIEJSKI,Droga krajowa,9,Dwie jezdnie jednokierunkowe,Odcinek prosty,Obszar zabudowany,21.1575277777778,51.4261388888889,Przejście dla pieszych,Dobre warunki atmosferyczne,Światło dzienne,Najechanie na pieszego,1,0,0,Nieokreślone (puste pole),N,,,,,,,,,,
EWK-98731024M,2015,2015-01-16,7,POWIAT KOZIENICKI,KOZIENICE - OBSZAR MIEJSKI,Droga krajowa,48,Jednojezdniowa dwukierunkowa,Odcinek prosty,Obszar zabudowany,21.549,51.5916666666667,Przejście dla pieszych,Dobre warunki atmosferyczne,Światło dzienne,Najechanie na pieszego,1,0,1,Lekko,N,,,,,,,,,,
EWK-98731024M,2015,2015-01-16,7,POWIAT KOZIENICKI,KOZIENICE - OBSZAR MIEJSKI,Droga krajowa,48,Jednojezdniowa dwukierunkowa,Odcinek prosty,Obszar zabudowany,21.549,51.5916666666667,Przejście dla pieszych,Dobre warunki atmosferyczne,Światło dzienne,Najechanie na pieszego,1,0,0,Nieokreślone (puste pole),N,,,,,,,,,,
EWK-98764467W,2015,2015-02-16,15,POWIAT MŁAWSKI,MŁAWA - OBSZAR MIEJSKI,Droga wojewódzka,544,Jednojezdniowa dwukierunkowa,Odcinek prosty,Obszar zabudowany,20.3911944444444,53.1070277777778,Przejście dla pieszych,Dobre warunki atmosferyczne,Światło dzienne,Najechanie na pieszego,1,0,1,Ciężko,N,,,,,,,,,,
EWK-98764467W,2015,2015-02-16,15,POWIAT MŁAWSKI,MŁAWA - OBSZAR MIEJSKI,Droga wojewódzka,544,Jednojezdniowa dwukierunkowa,Odcinek prosty,Obszar zabudowany,20.3911944444444,53.1070277777778,Przejście dla pieszych,Dobre warunki atmosferyczne,Światło dzienne,Najechanie na pieszego,1,0,0,Nieokreślone (puste pole),N,,,,,,,,,,