IDKSIP,year,date,hour,district,district_commune,road_category,road_number,type_of_road,road_geometry,area,Longitude,Latitude,char_place_of_the_event,weather_conditions,lighting,type_of_accident,num_of_accidents,num_of_fatalities,num_of_injured,type_of_injury,is_offender_intoxicated,,,,,,,,,,
EWK-98767759P,2015,2015-02-18,6,POWIAT RADOM,RADOM - OBSZAR MIEJSKI,Droga powiatowa,P5339W,Dwie jezdnie jednokierunkowe,,Obszar zabudowany,21.1543611111111,51.4115,Przejście dla pieszych,Dobre warunki atmosferyczne,Światło dzienne,Najechanie na pieszego,1,1,0,Nieokreślone (puste pole),N,,,,,,,,,,
EWK-98777328R,2015,2015-02-25,8,POWIAT OSTROŁĘCKI,TROSZYN - OBSZAR WIEJSKI,Droga powiatowa,2559W,Jednojezdniowa dwukierunkowa,,Obszar zabudowany,21.7166666666667,53.0310277777778,Przejście dla pieszych,Dobre warunki atmosferyczne,Światło dzienne,Najechanie na pieszego,1,0,1,Lekko,N,,,,,,,,,,
EWK-98777328R,2015,2015-02-25,8,POWIAT OSTROŁĘCKI,TROSZYN - OBSZAR WIEJSKI,Droga powiatowa,2559W,Jednojezdniowa dwukierunkowa,,Obszar zabudowany,21.7166666666667,53.0310277777778,Przejście dla pieszych,Dobre warunki atmosferyczne,Światło dzienne,Najechanie na pieszego,1,0,0,Nieokreślone (puste pole),N,,,,,,,,,,
EWK-98778693P,2015,2015-02-28,11,POWIAT PŁOCK,PŁOCK - OBSZAR MIEJSKI,Droga krajowa,60,Dwie jezdnie jednokierunkowe,,Obszar zabudowany,19.6952777777778,52.5488888888889,Przejście dla pieszych,Dobre warunki atmosferyczne,Światło dzienne,Najechanie na pieszego,1,0,1,Lekko,N,,,,,,,,,,
EWK-98778693P,2015,2015-02-28,11,POWIAT PŁOCK,PŁOCK - OBSZAR MIEJSKI,Droga krajowa,60,Dwie jezdnie jednokierunkowe,,Obszar zabudowany,19.6952777777778,52.5488888888889,Przejście dla pieszych,Dobre warunki atmosferyczne,Światło dzienne,Najechanie na pieszego,1,0,0,Nieokreślone (puste pole),N,,,,,,,,,,
EWK-98803554N,2015,2015-03-20,11,POWIAT PRZYSUSKI,PRZYSUCHA - OBSZAR MIEJSKI,Droga krajowa,12,Jednojezdniowa dwukierunkowa,Odcinek prosty,Obszar zabudowany,20.6320833333333,51.3577777777778,Przejście dla pieszych,Dobre warunki atmosferyczne,Światło dzienne,Najechanie na pieszego,1,0,1,Lekko,N,,,,,,,,,,
EWK-98803554N,2015,2015-03-20,11,POWIAT PRZYSUSKI,PRZYSUCHA - OBSZAR MIEJSKI,Droga krajowa,12,Jednojezdniowa dwukierunkowa,Odcinek prosty,Obszar zabudowany,20.6320833333333,51.3577777777778,Przejście dla pieszych,Dobre warunki atmosferyczne,Światło dzienne,Najechanie na pieszego,1,0,0,Nieokreślone (puste pole),N,,,,,,,,,,
EWK-98807777G,2015,2015-03-24,18,POWIAT GOSTYNIŃSKI,GOSTYNIN - OBSZAR MIEJSKI,Droga gminna,G140190W,Jednokierunkowa,Odcinek prosty,Obszar zabudowany,19.4618333333333,52.429,Przejście dla pieszych,Dobre warunki atmosferyczne,Światło dzienne,Najechanie na pieszego,1,0,1,Lekko,N,,,,,,,,,,
EWK-98807777G,2015,2015-03-24,18,POWIAT GOSTYNIŃSKI,GOSTYNIN - OBSZAR MIEJSKI,Droga gminna,G140190W,Jednokierunkowa,Odcinek prosty,Obszar zabudowany,19.4618333333333,52.429,Przejście dla pieszych,Dobre warunki atmosferyczne,Światło dzienne,Najechanie na pieszego,1,0,0,Nieokreślone (puste pole),N,,,,,,,,,,
EWK-98829700F,2015,2015-04-13,9,POWIAT SZYDŁOWIECKI,SZYDŁOWIEC - OBSZAR MIEJSKI,Droga gminna,G400539W,Jednojezdniowa dwukierunkowa,Odcinek prosty,Obszar zabudowany,20.8607777777778,51.2257777777778,Przejście dla pieszych,Dobre warunki atmosferyczne,Światło dzienne,Najechanie na pieszego,1,0,1,Lekko,N,,,,,,,,,,
EWK-98829700F,2015,2015-04-13,9,POWIAT SZYDŁOWIECKI,SZYDŁOWIEC - OBSZAR MIEJSKI,Droga gminna,G400539W,Jednojezdniowa dwukierunkowa,Odcinek prosty,Obszar zabudowany,20.8607777777778,51.2257777777778,Przejście dla pieszych,Dobre warunki atmosferyczne,Światło dzienne,Najechanie na pieszego,1,0,0,Nieokreślone (puste pole),N,,,,,,,,,,
EWK-98829862Q,2015,2015-04-13,10,POWIAT RADOM,RADOM - OBSZAR MIEJSKI,Droga krajowa,12,Dwie jezdnie jednokierunkowe,,Obszar zabudowany,21.1610277777778,51.3935,Przejście dla pieszych,Dobre warunki atmosferyczne,Światło dzienne,Najechanie na pieszego,1,0,1,Lekko,N,,,,,,,,,,
EWK-98829862Q,2015,2015-04-13,10,POWIAT RADOM,RADOM - OBSZAR MIEJSKI,Droga krajowa,12,Dwie jezdnie jednokierunkowe,,Obszar zabudowany,21.1610277777778,51.3935,Przejście dla pieszych,Dobre warunki atmosferyczne,Światło dzienne,Najechanie na pieszego,1,0,0,Nieokreślone (puste pole),N,,,,,,,,,,
EWK-98831028Y,2015,2015-04-11,11,POWIAT RADOM,RADOM - OBSZAR MIEJSKI,Droga krajowa,12,Jednojezdniowa dwukierunkowa,,Obszar zabudowany,21.1591944444444,51.4058611111111,Przejście dla pieszych,Dobre warunki atmosferyczne,Światło dzienne,Najechanie na pieszego,1,0,1,Ciężko,N,,,,,,,,,,
EWK-98831028Y,2015,2015-04-11,11,POWIAT RADOM,RADOM - OBSZAR MIEJSKI,Droga krajowa,12,Jednojezdniowa dwukierunkowa,,Obszar zabudowany,21.1591944444444,51.4058611111111,Przejście dla pieszych,Dobre warunki atmosferyczne,Światło dzienne,Najechanie na pieszego,1,0,0,Nieokreślone (puste pole),N,,,,,,,,,,
EWK-98845830A,2015,2015-04-21,6,POWIAT SOCHACZEWSKI,SOCHACZEW - OBSZAR MIEJSKI,Droga wojewódzka,705,Jednojezdniowa dwukierunkowa,Odcinek prosty,Obszar zabudowany,20.2454722222222,52.2294444444445,Przejście dla pieszych,Dobre warunki atmosferyczne,Światło dzienne,Najechanie na pieszego,1,0,1,Ciężko,N,,,,,,,,,,
EWK-98845830A,2015,2015-04-21,6,POWIAT SOCHACZEWSKI,SOCHACZEW - OBSZAR MIEJSKI,Droga wojewódzka,705,Jednojezdniowa dwukierunkowa,Odcinek prosty,Obszar zabudowany,20.2454722222222,52.2294444444445,Przejście dla pieszych,Dobre warunki atmosferyczne,Światło dzienne,Najechanie na pieszego,1,0,0,Nieokreślone (puste pole),N,,,,,,,,,,
EWK-98846655X,2015,2015-04-21,12,POWIAT WYSZKOWSKI,WYSZKÓW - OBSZAR MIEJSKI,Droga wojewódzka,618,Jednojezdniowa dwukierunkowa,Odcinek prosty,Obszar zabudowany,21.4446944444444,52.5979722222222,Przejście dla pieszych,Dobre warunki atmosferyczne,Światło dzienne,Najechanie na pieszego,1,0,1,Ciężko,N,,,,,,,,,,
EWK-98846655X,2015,2015-04-21,12,POWIAT WYSZKOWSKI,WYSZKÓW - OBSZAR MIEJSKI,Droga wojewódzka,618,Jednojezdniowa dwukierunkowa,Odcinek prosty,Obszar zabudowany,21.4446944444444,52.5979722222222,Przejście dla pieszych,Dobre warunki atmosferyczne,Światło dzienne,Najechanie na pieszego,1,0,0,Nieokreślone (puste pole),N,,,,,,,,,,
EWK-98857659Y,2015,2015-04-23,9,POWIAT RADOM,RADOM - OBSZAR MIEJSKI,Droga powiatowa,P5304W  ,Jednojezdniowa dwukierunkowa,,Obszar zabudowany,21.1646388888889,51.4043611111111,Przejście dla pieszych,Dobre warunki atmosferyczne,Światło dzienne,Najechanie na pieszego,1,0,1,Ciężko,N,,,,,,,,,,
EWK-98857659Y,2015,2015-04-23,9,POWIAT RADOM,RADOM - OBSZAR MIEJSKI,Droga powiatowa,P5304W  ,Jednojezdniowa dwukierunkowa,,Obszar zabudowany,21.1646388888889,51.4043611111111,Przejście dla pieszych,Dobre warunki atmosferyczne,Światło dzienne,Najechanie na pieszego,1,0,0,Nieokreślone (puste pole),N,,,,,,,,,,
EWK-98869081U,2015,2015-04-30,18,POWIAT RADOM,RADOM - OBSZAR MIEJSKI,Droga gminna,G530034W,Jednojezdniowa dwukierunkowa,,Obszar zabudowany,21.1588888888889,51.3830833333333,Przejście dla pieszych,Dobre warunki atmosferyczne,Światło dzienne,Najechanie na pieszego,1,0,1,Ciężko,N,,,,,,,,,,
EWK-98869081U,2015,2015-04-30,18,POWIAT RADOM,RADOM - OBSZAR MIEJSKI,Droga gminna,G530034W,Jednojezdniowa dwukierunkowa,,Obszar zabudowany,21.1588888888889,51.3830833333333,Przejście dla pieszych,Dobre warunki atmosferyczne,Światło dzienne,Najechanie na pieszego,1,0,0,Nieokreślone (puste pole),N,,,,,,,,,,
EWK-98870076L,2015,2015-04-30,16,POWIAT RADOM,RADOM - OBSZAR MIEJSKI,Droga gminna,G530174W,Jednojezdniowa dwukierunkowa,,Obszar zabudowany,21.1245833333333,51.3705555555556,Przejście dla pieszych,Dobre warunki atmosferyczne,Światło dzienne,Najechanie na pieszego,1,0,1,Lekko,N,,,,,,,,,,
EWK-98870076L,2015,2015-04-30,16,POWIAT RADOM,RADOM - OBSZAR MIEJSKI,Droga gminna,G530174W,Jednojezdniowa dwukierunkowa,,Obszar zabudowany,21.1245833333333,51.3705555555556,Przejście dla pieszych,Dobre warunki atmosferyczne,Światło dzienne,Najechanie na pieszego,1,0,0,Nieokreślone (puste pole),N,,,,,,,,,,
EWK-98871281A,2015,2015-05-04,19,POWIAT PŁOCK,PŁOCK - OBSZAR MIEJSKI,Droga powiatowa,P,Jednojezdniowa dwukierunkowa,Odcinek prosty,Obszar zabudowany,19.71425,52.548,Przejście dla pieszych,Dobre warunki atmosferyczne,Światło dzienne,Najechanie na pieszego,1,0,1,Ciężko,N,,,,,,,,,,
EWK-98871281A,2015,2015-05-04,19,POWIAT PŁOCK,PŁOCK - OBSZAR MIEJSKI,Droga powiatowa,P,Jednojezdniowa dwukierunkowa,Odcinek prosty,Obszar zabudowany,19.71425,52.548,Przejście dla pieszych,Dobre warunki atmosferyczne,Światło dzienne,Najechanie na pieszego,1,0,0,Nieokreślone (puste pole),N,,,,,,,,,,
EWK-98906516U,2015,2015-05-18,13,POWIAT PŁOŃSKI,PŁOŃSK - OBSZAR MIEJSKI,Droga powiatowa,P3075W,Jednojezdniowa dwukierunkowa,Odcinek prosty,Obszar zabudowany,20.3728333333333,52.6305277777778,Przejście dla pieszych,Dobre warunki atmosferyczne,Światło dzienne,Najechanie na pieszego,1,0,1,Ciężko,N,,,,,,,,,,
EWK-98906516U,2015,2015-05-18,13,POWIAT PŁOŃSKI,PŁOŃSK - OBSZAR MIEJSKI,Droga powiatowa,P3075W,Jednojezdniowa dwukierunkowa,Odcinek prosty,Obszar zabudowany,20.3728333333333,52.6305277777778,Przejście dla pieszych,Dobre warunki atmosferyczne,Światło dzienne,Najechanie na pieszego,1,0,0,Nieokreślone (puste pole),N,,,,,,,,,,
EWK-98931110R,2015,2015-05-28,7,POWIAT RADOM,RADOM - OBSZAR MIEJSKI,Droga powiatowa,P5308W,Dwie jezdnie jednokierunkowe,,Obszar zabudowany,21.1543611111111,51.4114722222222,Przejście dla pieszych,Dobre warunki atmosferyczne,Światło dzienne,Najechanie na pieszego,1,0,2,Ciężko,N,,,,,,,,,,
EWK-98931110R,2015,2015-05-28,7,POWIAT RADOM,RADOM - OBSZAR MIEJSKI,Droga powiatowa,P5308W,Dwie jezdnie jednokierunkowe,,Obszar zabudowany,21.1543611111111,51.4114722222222,Przejście dla pieszych,Dobre warunki atmosferyczne,Światło dzienne,Najechanie na pieszego,1,0,0,Nieokreślone (puste pole),N,,,,,,,,,,
EWK-98938264Q,2015,2015-05-29,12,POWIAT WYSZKOWSKI,WYSZKÓW - OBSZAR MIEJSKI,Droga wojewódzka,618,Jednojezdniowa dwukierunkowa,,Obszar zabudowany,21.4499722222222,52.5965277777778,Przejście dla pieszych,Dobre warunki atmosferyczne,Światło dzienne,Najechanie na pieszego,1,0,1,Lekko,N,,,,,,,,,,
EWK-98938264Q,2015,2015-05-29,12,POWIAT WYSZKOWSKI,WYSZKÓW - OBSZAR MIEJSKI,Droga wojewódzka,618,Jednojezdniowa dwukierunkowa,,Obszar zabudowany,21.4499722222222,52.5965277777778,Przejście dla pieszych,Dobre warunki atmosferyczne,Światło dzienne,Najechanie na pieszego,1,0,0,Nieokreślone (puste pole),N,,,,,,,,,,
EWK-98947303L,2015,2015-06-07,5,POWIAT RADOMSKI,KOWALA - OBSZAR WIEJSKI,Droga wojewódzka,744,Jednokierunkowa,Odcinek prosty,Obszar zabudowany,21.1213888888889,51.3216111111111,Przejście dla pieszych,Dobre warunki atmosferyczne,Światło dzienne,Najechanie na pieszego,1,0,1,Lekko,N,,,,,,,,,,
EWK-98947303L,2015,2015-06-07,5,POWIAT RADOMSKI,KOWALA - OBSZAR WIEJSKI,Droga wojewódzka,744,Jednokierunkowa,Odcinek prosty,Obszar zabudowany,21.1213888888889,51.3216111111111,Przejście dla pieszych,Dobre warunki atmosferyczne,Światło dzienne,Najechanie na pieszego,1,0,0,Nieokreślone (puste pole),N,,,,,,,,,,
EWK-98950804J,2015,2015-06-09,10,POWIAT RADOM,RADOM - OBSZAR MIEJSKI,Droga wojewódzka,744,Dwie jezdnie jednokierunkowe,Odcinek prosty,Obszar zabudowany,21.1306944444444,51.3866944444444,Przejście dla pieszych,Dobre warunki atmosferyczne,Światło dzienne,Najechanie na pieszego,1,0,1,Lekko,N,,,,,,,,,,
EWK-98950804J,2015,2015-06-09,10,POWIAT RADOM,RADOM - OBSZAR MIEJSKI,Droga wojewódzka,744,Dwie jezdnie jednokierunkowe,Odcinek prosty,Obszar zabudowany,21.1306944444444,51.3866944444444,Przejście dla pieszych,Dobre warunki atmosferyczne,Światło dzienne,Najechanie na pieszego,1,0,0,Nieokreślone (puste pole),N,,,,,,,,,,
EWK-98965875Q,2015,2015-06-12,15,POWIAT KOZIENICKI,KOZIENICE - OBSZAR MIEJSKI,Droga gminna,G170816W,Jednojezdniowa dwukierunkowa,,Obszar zabudowany,21.5536944444444,51.5817222222222,Przejście dla pieszych,Dobre warunki atmosferyczne,Światło dzienne,Najechanie na pieszego,1,0,1,Lekko,N,,,,,,,,,,
EWK-98965875Q,2015,2015-06-12,15,POWIAT KOZIENICKI,KOZIENICE - OBSZAR MIEJSKI,Droga gminna,G170816W,Jednojezdniowa dwukierunkowa,,Obszar zabudowany,21.5536944444444,51.5817222222222,Przejście dla pieszych,Dobre warunki atmosferyczne,Światło dzienne,Najechanie na pieszego,1,0,0,Nieokreślone (puste pole),N,,,,,,,,,,
EWK-99007904R,2015,2015-07-02,13,POWIAT RADOM,RADOM - OBSZAR MIEJSKI,Droga gminna,G530135W,Jednojezdniowa dwukierunkowa,Odcinek prosty,Obszar zabudowany,21.1661111111111,51.4220555555556,Przejście dla pieszych,Dobre warunki atmosferyczne,Światło dzienne,Najechanie na pieszego,1,0,1,Lekko,N,,,,,,,,,,
EWK-99007904R,2015,2015-07-02,13,POWIAT RADOM,RADOM - OBSZAR MIEJSKI,Droga gminna,G530135W,Jednojezdniowa dwukierunkowa,Odcinek prosty,Obszar zabudowany,21.1661111111111,51.4220555555556,Przejście dla pieszych,Dobre warunki atmosferyczne,Światło dzienne,Najechanie na pieszego,1,0,0,Nieokreślone (puste pole),N,,,,,,,,,,
EWK-99016986K,2015,2015-07-04,15,POWIAT SIEDLCE,SIEDLCE - OBSZAR MIEJSKI,Droga wojewódzka,W628,Jednojezdniowa dwukierunkowa,Odcinek prosty,Obszar zabudowany,22.2543055555556,52.1606388888889,Przejście dla pieszych,Dobre warunki atmosferyczne,Światło dzienne,Najechanie na pieszego,1,0,1,Ciężko,N,,,,,,,,,,
EWK-99016986K,2015,2015-07-04,15,POWIAT SIEDLCE,SIEDLCE - OBSZAR MIEJSKI,Droga wojewódzka,W628,Jednojezdniowa dwukierunkowa,Odcinek prosty,Obszar zabudowany,22.2543055555556,52.1606388888889,Przejście dla pieszych,Dobre warunki atmosferyczne,Światło dzienne,Najechanie na pieszego,1,0,0,Nieokreślone (puste pole),N,,,,,,,,,,
EWK-99017069W,2015,2015-07-07,17,POWIAT RADOM,RADOM - OBSZAR MIEJSKI,Droga powiatowa,P5339W,Jednojezdniowa dwukierunkowa,Odcinek prosty,Obszar zabudowany,21.1715833333333,51.4075,Przejście dla pieszych,Dobre warunki atmosferyczne,Światło dzienne,Najechanie na pieszego,1,0,2,Lekko,N,,,,,,,,,,
EWK-99017069W,2015,2015-07-07,17,POWIAT RADOM,RADOM - OBSZAR MIEJSKI,Droga powiatowa,P5339W,Jednojezdniowa dwukierunkowa,Odcinek prosty,Obszar zabudowany,21.1715833333333,51.4075,Przejście dla pieszych,Dobre warunki atmosferyczne,Światło dzienne,Najechanie na pieszego,1,0,0,Nieokreślone (puste pole),N,,,,,,,,,,
EWK-99021240L,2015,2015-07-09,11,POWIAT MAKOWSKI,MAKÓW MAZOWIECKI - OBSZAR MIEJSKI,Droga krajowa,57,Jednojezdniowa dwukierunkowa,,Obszar zabudowany,21.108,52.8649722222222,Przejście dla pieszych,Dobre warunki atmosferyczne,Światło dzienne,Najechanie na pieszego,1,1,0,Nieokreślone (puste pole),N,,,,,,,,,,
EWK-99039724X,2015,2015-07-16,20,POWIAT OSTROŁĘKA,OSTROŁĘKA - OBSZAR MIEJSKI,Droga powiatowa,4403W,Jednojezdniowa dwukierunkowa,,Obszar zabudowany,21.5719166666667,53.0788888888889,Przejście dla pieszych,Dobre warunki atmosferyczne,Światło dzienne,Najechanie na pieszego,1,0,1,Ciężko,N,,,,,,,,,,
EWK-99039724X,2015,2015-07-16,20,POWIAT OSTROŁĘKA,OSTROŁĘKA - OBSZAR MIEJSKI,Droga powiatowa,4403W,Jednojezdniowa dwukierunkowa,,Obszar zabudowany,21.5719166666667,53.0788888888889,Przejście dla pieszych,Dobre warunki atmosferyczne,Światło dzienne,Najechanie na pieszego,1,0,0,Nieokreślone (puste pole),N,,,,,,,,,,
EWK-99070022F,2015,2015-08-01,8,POWIAT ŻUROMIŃSKI,ŻUROMIN - OBSZAR MIEJSKI,Droga gminna,GMINNA,Jednojezdniowa dwukierunkowa,Odcinek prosty,Obszar zabudowany,19.8998611111111,53.0854722222222,Przejście dla pieszych,Dobre warunki atmosferyczne,Światło dzienne,Najechanie na pieszego,1,0,1,Lekko,N,,,,,,,,,,
EWK-99070022F,2015,2015-08-01,8,POWIAT ŻUROMIŃSKI,ŻUROMIN - OBSZAR MIEJSKI,Droga gminna,GMINNA,Jednojezdniowa dwukierunkowa,Odcinek prosty,Obszar zabudowany,19.8998611111111,53.0854722222222,Przejście dla pieszych,Dobre warunki atmosferyczne,Światło dzienne,Najechanie na pieszego,1,0,0,Nieokreślone (puste pole),N,,,,,,,,,,
EWK-99071173F,2015,2015-08-04,11,POWIAT RADOM,RADOM - OBSZAR MIEJSKI,Droga krajowa,12,Dwie jezdnie jednokierunkowe,Odcinek prosty,Obszar zabudowany,21.1178888888889,51.3959166666667,Przejście dla pieszych,Dobre warunki atmosferyczne,Światło dzienne,Najechanie na pieszego,1,0,1,Lekko,N,,,,,,,,,,
EWK-99071173F,2015,2015-08-04,11,POWIAT RADOM,RADOM - OBSZAR MIEJSKI,Droga krajowa,12,Dwie jezdnie jednokierunkowe,Odcinek prosty,Obszar zabudowany,21.1178888888889,51.3959166666667,Przejście dla pieszych,Dobre warunki atmosferyczne,Światło dzienne,Najechanie na pieszego,1,0,0,Nieokreślone (puste pole),N,,,,,,,,,,
EWK-99116356N,2015,2015-08-25,12,POWIAT RADOM,RADOM - OBSZAR MIEJSKI,Droga powiatowa,P5321W,Dwie jezdnie jednokierunkowe,Odcinek prosty,Obszar zabudowany,21.1568888888889,51.3927222222222,Przejście dla pieszych,Dobre warunki atmosferyczne,Światło dzienne,Najechanie na pieszego,1,0,1,Ciężko,N,,,,,,,,,,
EWK-99116356N,2015,2015-08-25,12,POWIAT RADOM,RADOM - OBSZAR MIEJSKI,Droga powiatowa,P5321W,Dwie jezdnie jednokierunkowe,Odcinek prosty,Obszar zabudowany,21.1568888888889,51.3927222222222,Przejście dla pieszych,Dobre warunki atmosferyczne,Światło dzienne,Najechanie na pieszego,1,0,1,Lekko,N,,,,,,,,,,
EWK-99116356N,2015,2015-08-25,12,POWIAT RADOM,RADOM - OBSZAR MIEJSKI,Droga powiatowa,P5321W,Dwie jezdnie jednokierunkowe,Odcinek prosty,Obszar zabudowany,21.1568888888889,51.3927222222222,Przejście dla pieszych,Dobre warunki atmosferyczne,Światło dzienne,Najechanie na pieszego,1,0,0,Nieokreślone (puste pole),N,,,,,,,,,,
EWK-99125117M,2015,2015-08-28,7,POWIAT PŁOCK,PŁOCK - OBSZAR MIEJSKI,Droga powiatowa,P,Jednokierunkowa,,Obszar zabudowany,19.6981666666667,52.5429166666667,Przejście dla pieszych,Dobre warunki atmosferyczne,Światło dzienne,Najechanie na pieszego,1,0,1,Ciężko,N,,,,,,,,,,
EWK-99125117M,2015,2015-08-28,7,POWIAT PŁOCK,PŁOCK - OBSZAR MIEJSKI,Droga powiatowa,P,Jednokierunkowa,,Obszar zabudowany,19.6981666666667,52.5429166666667,Przejście dla pieszych,Dobre warunki atmosferyczne,Światło dzienne,Najechanie na pieszego,1,0,0,Nieokreślone (puste pole),N,,,,,,,,,,
EWK-99125705H,2015,2015-08-28,18,POWIAT WYSZKOWSKI,BRAŃSZCZYK - OBSZAR WIEJSKI,Droga krajowa,8,Jednojezdniowa dwukierunkowa,Odcinek prosty,Obszar niezabudowany,21.5984444444444,52.68825,Przejście dla pieszych,Dobre warunki atmosferyczne,Światło dzienne,Najechanie na pieszego,1,0,1,Ciężko,N,,,,,,,,,,
EWK-99125705H,2015,2015-08-28,18,POWIAT WYSZKOWSKI,BRAŃSZCZYK - OBSZAR WIEJSKI,Droga krajowa,8,Jednojezdniowa dwukierunkowa,Odcinek prosty,Obszar niezabudowany,21.5984444444444,52.68825,Przejście dla pieszych,Dobre warunki atmosferyczne,Światło dzienne,Najechanie na pieszego,1,0,0,Nieokreślone (puste pole),N,,,,,,,,,,
EWK-99128989M,2015,2015-08-31,10,POWIAT PŁOCK,PŁOCK - OBSZAR MIEJSKI,Droga powiatowa,P,Jednokierunkowa,,Obszar zabudowany,19.7172777777778,52.5416944444445,Przejście dla pieszych,Dobre warunki atmosferyczne,Światło dzienne,Najechanie na pieszego,1,0,1,Lekko,N,,,,,,,,,,
EWK-99128989M,2015,2015-08-31,10,POWIAT PŁOCK,PŁOCK - OBSZAR MIEJSKI,Droga powiatowa,P,Jednokierunkowa,,Obszar zabudowany,19.7172777777778,52.5416944444445,Przejście dla pieszych,Dobre warunki atmosferyczne,Światło dzienne,Najechanie na pieszego,1,0,0,Nieokreślone (puste pole),N,,,,,,,,,,
EWK-99135136M,2015,2015-08-13,8,POWIAT GARWOLIŃSKI,GARWOLIN - OBSZAR MIEJSKI,Droga gminna,GMINNA,Jednojezdniowa dwukierunkowa,,Obszar zabudowany,21.6149722222222,51.8971111111111,Przejście dla pieszych,Dobre warunki atmosferyczne,Światło dzienne,Najechanie na pieszego,1,0,1,Lekko,N,,,,,,,,,,
EWK-99135136M,2015,2015-08-13,8,POWIAT GARWOLIŃSKI,GARWOLIN - OBSZAR MIEJSKI,Droga gminna,GMINNA,Jednojezdniowa dwukierunkowa,,Obszar zabudowany,21.6149722222222,51.8971111111111,Przejście dla pieszych,Dobre warunki atmosferyczne,Światło dzienne,Najechanie na pieszego,1,0,0,Nieokreślone (puste pole),N,,,,,,,,,,
EWK-99147860P,2015,2015-09-04,9,POWIAT BIAŁOBRZESKI,BIAŁOBRZEGI - OBSZAR MIEJSKI,Droga krajowa,48,Jednojezdniowa dwukierunkowa,Odcinek prosty,Obszar zabudowany,20.9558611111111,51.6446666666667,Przejście dla pieszych,Dobre warunki atmosferyczne,Światło dzienne,Najechanie na pieszego,1,0,1,Lekko,N,,,,,,,,,,
EWK-99147860P,2015,2015-09-04,9,POWIAT BIAŁOBRZESKI,BIAŁOBRZEGI - OBSZAR MIEJSKI,Droga krajowa,48,Jednojezdniowa dwukierunkowa,Odcinek prosty,Obszar zabudowany,20.9558611111111,51.6446666666667,Przejście dla pieszych,Dobre warunki atmosferyczne,Światło dzienne,Najechanie na pieszego,1,0,0,Nieokreślone (puste pole),N,,,,,,,,,,
EWK-99151574G,2015,2015-09-01,12,POWIAT WYSZKOWSKI,WYSZKÓW - OBSZAR MIEJSKI,Droga gminna,GMINNA,Jednojezdniowa dwukierunkowa,Odcinek prosty,Obszar zabudowany,21.4638888888889,52.5975,Przejście dla pieszych,Dobre warunki atmosferyczne,Światło dzienne,Najechanie na pieszego,1,0,1,Ciężko,N,,,,,,,,,,
EWK-99151574G,2015,2015-09-01,12,POWIAT WYSZKOWSKI,WYSZKÓW - OBSZAR MIEJSKI,Droga gminna,GMINNA,Jednojezdniowa dwukierunkowa,Odcinek prosty,Obszar zabudowany,21.4638888888889,52.5975,Przejście dla pieszych,Dobre warunki atmosferyczne,Światło dzienne,Najechanie na pieszego,1,0,0,Nieokreślone (puste pole),N,,,,,,,,,,
EWK-99164423A,2015,2015-09-14,15,POWIAT RADOM,RADOM - OBSZAR MIEJSKI,Droga powiatowa,P5305W,Jednojezdniowa dwukierunkowa,Odcinek prosty,Obszar zabudowany,21.1801111111111,51.4105555555556,Przejście dla pieszych,Dobre warunki atmosferyczne,Światło dzienne,Najechanie na pieszego,1,0,1,Lekko,N,,,,,,,,,,
EWK-99164423A,2015,2015-09-14,15,POWIAT RADOM,RADOM - OBSZAR MIEJSKI,Droga powiatowa,P5305W,Jednojezdniowa dwukierunkowa,Odcinek prosty,Obszar zabudowany,21.1801111111111,51.4105555555556,Przejście dla pieszych,Dobre warunki atmosferyczne,Światło dzienne,Najechanie na pieszego,1,0,0,Nieokreślone (puste pole),N,,,,,,,,,,
EWK-99168782W,2015,2015-09-16,9,POWIAT PŁOCKI,BODZANÓW - OBSZAR WIEJSKI,Droga powiatowa,P2952W,Jednojezdniowa dwukierunkowa,Odcinek prosty,Obszar zabudowany,20.0300277777778,52.49975,Przejście dla pieszych,Dobre warunki atmosferyczne,Światło dzienne,Najechanie na pieszego,1,0,1,Lekko,N,,,,,,,,,,
EWK-99168782W,2015,2015-09-16,9,POWIAT PŁOCKI,BODZANÓW - OBSZAR WIEJSKI,Droga powiatowa,P2952W,Jednojezdniowa dwukierunkowa,Odcinek prosty,Obszar zabudowany,20.0300277777778,52.49975,Przejście dla pieszych,Dobre warunki atmosferyczne,Światło dzienne,Najechanie na pieszego,1,0,0,Nieokreślone (puste pole),N,,,,,,,,,,
EWK-99209146N,2015,2015-09-29,14,POWIAT RADOM,RADOM - OBSZAR MIEJSKI,Droga powiatowa,P5321W,Dwie jezdnie jednokierunkowe,Odcinek prosty,Obszar zabudowany,21.1578611111111,51.3930277777778,Przejście dla pieszych,Dobre warunki atmosferyczne,Światło dzienne,Najechanie na pieszego,1,0,1,Lekko,N,,,,,,,,,,