IDKSIP,year,date,hour,district,district_commune,road_category,road_number,type_of_road,road_geometry,area,Longitude,Latitude,char_place_of_the_event,weather_conditions,lighting,type_of_accident,num_of_accidents,num_of_fatalities,num_of_injured,type_of_injury,is_offender_intoxicated,,,,,,,,,,
EWK-99209146N,2015,2015-09-29,14,POWIAT RADOM,RADOM - OBSZAR MIEJSKI,Droga powiatowa,P5321W,Dwie jezdnie jednokierunkowe,Odcinek prosty,Obszar zabudowany,21.1578611111111,51.3930277777778,Przejście dla pieszych,Dobre warunki atmosferyczne,Światło dzienne,Najechanie na pieszego,1,0,0,Nieokreślone (puste pole),N,,,,,,,,,,
EWK-99209892F,2015,2015-09-25,18,POWIAT WYSZKOWSKI,SOMIANKA - OBSZAR WIEJSKI,Droga krajowa,62,Jednojezdniowa dwukierunkowa,Odcinek prosty,Obszar niezabudowany,21.2575,52.5608333333333,Przejście dla pieszych,Dobre warunki atmosferyczne,Światło dzienne,Najechanie na pieszego,1,0,1,Lekko,N,,,,,,,,,,
EWK-99209892F,2015,2015-09-25,18,POWIAT WYSZKOWSKI,SOMIANKA - OBSZAR WIEJSKI,Droga krajowa,62,Jednojezdniowa dwukierunkowa,Odcinek prosty,Obszar niezabudowany,21.2575,52.5608333333333,Przejście dla pieszych,Dobre warunki atmosferyczne,Światło dzienne,Najechanie na pieszego,1,0,0,Nieokreślone (puste pole),N,,,,,,,,,,
EWK-99209897G,2015,2015-09-29,13,POWIAT OSTROŁĘKA,OSTROŁĘKA - OBSZAR MIEJSKI,Droga krajowa,61,Jednojezdniowa dwukierunkowa,Odcinek prosty,Obszar zabudowany,21.5717222222222,53.0884166666667,Przejście dla pieszych,Dobre warunki atmosferyczne,Światło dzienne,Najechanie na pieszego,1,0,1,Ciężko,N,,,,,,,,,,
EWK-99209897G,2015,2015-09-29,13,POWIAT OSTROŁĘKA,OSTROŁĘKA - OBSZAR MIEJSKI,Droga krajowa,61,Jednojezdniowa dwukierunkowa,Odcinek prosty,Obszar zabudowany,21.5717222222222,53.0884166666667,Przejście dla pieszych,Dobre warunki atmosferyczne,Światło dzienne,Najechanie na pieszego,1,0,0,Nieokreślone (puste pole),N,,,,,,,,,,
EWK-99216814G,2015,2015-09-28,7,POWIAT OSTROŁĘKA,OSTROŁĘKA - OBSZAR MIEJSKI,Droga powiatowa,P5103W,Jednojezdniowa dwukierunkowa,,Obszar zabudowany,21.5758055555556,53.1003055555556,Przejście dla pieszych,Dobre warunki atmosferyczne,Światło dzienne,Najechanie na pieszego,1,0,1,Lekko,N,,,,,,,,,,
EWK-99216814G,2015,2015-09-28,7,POWIAT OSTROŁĘKA,OSTROŁĘKA - OBSZAR MIEJSKI,Droga powiatowa,P5103W,Jednojezdniowa dwukierunkowa,,Obszar zabudowany,21.5758055555556,53.1003055555556,Przejście dla pieszych,Dobre warunki atmosferyczne,Światło dzienne,Najechanie na pieszego,1,0,0,Nieokreślone (puste pole),N,,,,,,,,,,
EWK-99218320M,2015,2015-10-01,16,POWIAT SZYDŁOWIECKI,SZYDŁOWIEC - OBSZAR MIEJSKI,Droga gminna,G400539W,Jednojezdniowa dwukierunkowa,Odcinek prosty,Obszar zabudowany,20.8604166666667,51.2241111111111,Przejście dla pieszych,Dobre warunki atmosferyczne,Światło dzienne,Najechanie na pieszego,1,0,1,Lekko,N,,,,,,,,,,
EWK-99218320M,2015,2015-10-01,16,POWIAT SZYDŁOWIECKI,SZYDŁOWIEC - OBSZAR MIEJSKI,Droga gminna,G400539W,Jednojezdniowa dwukierunkowa,Odcinek prosty,Obszar zabudowany,20.8604166666667,51.2241111111111,Przejście dla pieszych,Dobre warunki atmosferyczne,Światło dzienne,Najechanie na pieszego,1,0,0,Nieokreślone (puste pole),N,,,,,,,,,,
EWK-99218901T,2015,2015-10-02,8,POWIAT PŁOCK,PŁOCK - OBSZAR MIEJSKI,Droga krajowa,60,Dwie jezdnie jednokierunkowe,,Obszar zabudowany,19.7323611111111,52.5391944444444,Przejście dla pieszych,Dobre warunki atmosferyczne,Światło dzienne,Najechanie na pieszego,1,0,1,Lekko,N,,,,,,,,,,
EWK-99218901T,2015,2015-10-02,8,POWIAT PŁOCK,PŁOCK - OBSZAR MIEJSKI,Droga krajowa,60,Dwie jezdnie jednokierunkowe,,Obszar zabudowany,19.7323611111111,52.5391944444444,Przejście dla pieszych,Dobre warunki atmosferyczne,Światło dzienne,Najechanie na pieszego,1,0,0,Nieokreślone (puste pole),N,,,,,,,,,,
EWK-99226584H,2015,2015-10-08,13,POWIAT PŁOCK,PŁOCK - OBSZAR MIEJSKI,Droga gminna,GMINNA,Jednojezdniowa dwukierunkowa,Odcinek prosty,Obszar zabudowany,19.6883333333333,52.5476944444444,Przejście dla pieszych,Dobre warunki atmosferyczne,Światło dzienne,Najechanie na pieszego,1,0,1,Lekko,N,,,,,,,,,,
EWK-99226584H,2015,2015-10-08,13,POWIAT PŁOCK,PŁOCK - OBSZAR MIEJSKI,Droga gminna,GMINNA,Jednojezdniowa dwukierunkowa,Odcinek prosty,Obszar zabudowany,19.6883333333333,52.5476944444444,Przejście dla pieszych,Dobre warunki atmosferyczne,Światło dzienne,Najechanie na pieszego,1,0,0,Nieokreślone (puste pole),N,,,,,,,,,,
EWK-99235017L,2015,2015-10-10,13,POWIAT WĘGROWSKI,ŁOCHÓW - OBSZAR MIEJSKI,Droga krajowa,50,Jednojezdniowa dwukierunkowa,Odcinek prosty,Obszar zabudowany,21.6896388888889,52.5388611111111,Przejście dla pieszych,Dobre warunki atmosferyczne,Światło dzienne,Najechanie na pieszego,1,0,2,Ciężko,N,,,,,,,,,,
EWK-99252089H,2015,2015-10-17,17,POWIAT MAKOWSKI,RÓŻAN - OBSZAR MIEJSKI,Droga krajowa,60,Jednojezdniowa dwukierunkowa,Odcinek prosty,Obszar zabudowany,21.3915,52.8871388888889,Przejście dla pieszych,Dobre warunki atmosferyczne,Światło dzienne,Najechanie na pieszego,1,0,1,Ciężko,N,,,,,,,,,,
EWK-99252089H,2015,2015-10-17,17,POWIAT MAKOWSKI,RÓŻAN - OBSZAR MIEJSKI,Droga krajowa,60,Jednojezdniowa dwukierunkowa,Odcinek prosty,Obszar zabudowany,21.3915,52.8871388888889,Przejście dla pieszych,Dobre warunki atmosferyczne,Światło dzienne,Najechanie na pieszego,1,0,0,Nieokreślone (puste pole),N,,,,,,,,,,
EWK-99281952X,2015,2015-10-28,11,POWIAT SIEDLCE,SIEDLCE - OBSZAR MIEJSKI,Droga wojewódzka,W628,Jednojezdniowa dwukierunkowa,,Obszar zabudowany,22.2768333333333,52.1728333333333,Przejście dla pieszych,Dobre warunki atmosferyczne,Światło dzienne,Najechanie na pieszego,1,0,1,Lekko,N,,,,,,,,,,
EWK-99281952X,2015,2015-10-28,11,POWIAT SIEDLCE,SIEDLCE - OBSZAR MIEJSKI,Droga wojewódzka,W628,Jednojezdniowa dwukierunkowa,,Obszar zabudowany,22.2768333333333,52.1728333333333,Przejście dla pieszych,Dobre warunki atmosferyczne,Światło dzienne,Najechanie na pieszego,1,0,0,Nieokreślone (puste pole),N,,,,,,,,,,
EWK-99378141N,2015,2015-12-01,14,POWIAT RADOM,RADOM - OBSZAR MIEJSKI,Droga krajowa,7,Dwie jezdnie jednokierunkowe,,Obszar zabudowany,21.1200555555556,51.403,Przejście dla pieszych,Dobre warunki atmosferyczne,Światło dzienne,Najechanie na pieszego,1,0,1,Lekko,N,,,,,,,,,,
EWK-99378141N,2015,2015-12-01,14,POWIAT RADOM,RADOM - OBSZAR MIEJSKI,Droga krajowa,7,Dwie jezdnie jednokierunkowe,,Obszar zabudowany,21.1200555555556,51.403,Przejście dla pieszych,Dobre warunki atmosferyczne,Światło dzienne,Najechanie na pieszego,1,0,0,Nieokreślone (puste pole),N,,,,,,,,,,
EWK-103605717W,2015,2015-12-21,11,POWIAT RADOM,RADOM - OBSZAR MIEJSKI,Droga powiatowa,P5304W  ,Jednojezdniowa dwukierunkowa,Odcinek prosty,Obszar zabudowany,21.1618055555556,51.3983333333333,Przystanek komunikacji publicznej,Dobre warunki atmosferyczne,Światło dzienne,Najechanie na pieszego,1,0,1,Lekko,N,,,,,,,,,,
EWK-103605717W,2015,2015-12-21,11,POWIAT RADOM,RADOM - OBSZAR MIEJSKI,Droga powiatowa,P5304W  ,Jednojezdniowa dwukierunkowa,Odcinek prosty,Obszar zabudowany,21.1618055555556,51.3983333333333,Przystanek komunikacji publicznej,Dobre warunki atmosferyczne,Światło dzienne,Najechanie na pieszego,1,0,0,Nieokreślone (puste pole),N,,,,,,,,,,
EWK-98935188N,2015,2015-05-27,12,POWIAT SIERPECKI,SIERPC - OBSZAR MIEJSKI,Droga powiatowa,P,Jednojezdniowa dwukierunkowa,Odcinek prosty,Obszar zabudowany,19.6793055555556,52.8461388888889,"Wjazd, wyjazd z posesji, pola",Dobre warunki atmosferyczne,Światło dzienne,Najechanie na pieszego,1,0,1,Lekko,N,,,,,,,,,,
EWK-98935188N,2015,2015-05-27,12,POWIAT SIERPECKI,SIERPC - OBSZAR MIEJSKI,Droga powiatowa,P,Jednojezdniowa dwukierunkowa,Odcinek prosty,Obszar zabudowany,19.6793055555556,52.8461388888889,"Wjazd, wyjazd z posesji, pola",Dobre warunki atmosferyczne,Światło dzienne,Najechanie na pieszego,1,0,0,Nieokreślone (puste pole),N,,,,,,,,,,
EWK-98806645J,2015,2015-03-20,9,POWIAT ŻYRARDOWSKI,WISKITKI - OBSZAR WIEJSKI,Nieokreślone (puste pole),,Jednojezdniowa dwukierunkowa,Odcinek prosty,Obszar zabudowany,20.3845555555556,52.0869722222222,Jezdnia,Dobre warunki atmosferyczne,Światło dzienne,Zderzenie pojazdów tylne,1,0,1,Lekko,N,,,,,,,,,,
EWK-98806645J,2015,2015-03-20,9,POWIAT ŻYRARDOWSKI,WISKITKI - OBSZAR WIEJSKI,Nieokreślone (puste pole),,Jednojezdniowa dwukierunkowa,Odcinek prosty,Obszar zabudowany,20.3845555555556,52.0869722222222,Jezdnia,Dobre warunki atmosferyczne,Światło dzienne,Zderzenie pojazdów tylne,1,0,0,Nieokreślone (puste pole),N,,,,,,,,,,
EWK-99310527U,2015,2015-11-07,16,POWIAT ŁOSICKI,OLSZANKA - OBSZAR WIEJSKI,Droga powiatowa,02313W,Jednojezdniowa dwukierunkowa,Odcinek prosty,Obszar zabudowany,22.5895555555556,52.1640277777778,Jezdnia,"Mgła, dym",Noc - droga nieoświetlona,Najechanie na pieszego,1,0,1,Ciężko,N,,,,,,,,,,
EWK-99310527U,2015,2015-11-07,16,POWIAT ŁOSICKI,OLSZANKA - OBSZAR WIEJSKI,Droga powiatowa,02313W,Jednojezdniowa dwukierunkowa,Odcinek prosty,Obszar zabudowany,22.5895555555556,52.1640277777778,Jezdnia,"Mgła, dym",Noc - droga nieoświetlona,Najechanie na pieszego,1,0,8,Lekko,N,,,,,,,,,,
EWK-99310527U,2015,2015-11-07,16,POWIAT ŁOSICKI,OLSZANKA - OBSZAR WIEJSKI,Droga powiatowa,02313W,Jednojezdniowa dwukierunkowa,Odcinek prosty,Obszar zabudowany,22.5895555555556,52.1640277777778,Jezdnia,"Mgła, dym",Noc - droga nieoświetlona,Najechanie na pieszego,1,0,0,Nieokreślone (puste pole),N,,,,,,,,,,
EWK-103401901Q,2015,2015-12-07,18,POWIAT SOCHACZEWSKI,RYBNO - OBSZAR WIEJSKI,Droga gminna,GMINNA,Jednojezdniowa dwukierunkowa,Odcinek prosty,Obszar niezabudowany,20.1108055555556,52.25725,Jezdnia,"Mgła, dym","Zmrok, świt",Najechanie na pieszego,1,1,0,Nieokreślone (puste pole),N,,,,,,,,,,
EWK-99323294E,2015,2015-11-13,6,POWIAT ŻYRARDOWSKI,ŻYRARDÓW - OBSZAR MIEJSKI,Droga gminna,GMINNA,Jednojezdniowa dwukierunkowa,Odcinek prosty,Obszar zabudowany,20.4459722222222,52.0560833333333,Przejście dla pieszych,"Mgła, dym","Zmrok, świt",Najechanie na pieszego,1,0,1,Lekko,N,,,,,,,,,,
EWK-99323294E,2015,2015-11-13,6,POWIAT ŻYRARDOWSKI,ŻYRARDÓW - OBSZAR MIEJSKI,Droga gminna,GMINNA,Jednojezdniowa dwukierunkowa,Odcinek prosty,Obszar zabudowany,20.4459722222222,52.0560833333333,Przejście dla pieszych,"Mgła, dym","Zmrok, świt",Najechanie na pieszego,1,0,0,Nieokreślone (puste pole),N,,,,,,,,,,
EWK-103476907R,2015,2015-12-08,12,POWIAT PUŁTUSKI,GZY - OBSZAR WIEJSKI,Droga wojewódzka,618,Jednojezdniowa dwukierunkowa,Odcinek prosty,Obszar niezabudowany,20.9411944444444,52.7561388888889,"Roboty drogowe, oznakowanie tymczasowe","Mgła, dym",Światło dzienne,Najechanie na pieszego,1,1,0,Nieokreślone (puste pole),N,,,,,,,,,,
EWK-99346261A,2015,2015-11-23,20,POWIAT RADOM,RADOM - OBSZAR MIEJSKI,Droga powiatowa,P5302W,Jednojezdniowa dwukierunkowa,Odcinek prosty,Obszar zabudowany,21.1626944444444,51.4028888888889,Jezdnia,Opady deszczu,Noc - droga oświetlona,Inne,1,0,1,Lekko,N,,,,,,,,,,
EWK-99346261A,2015,2015-11-23,20,POWIAT RADOM,RADOM - OBSZAR MIEJSKI,Droga powiatowa,P5302W,Jednojezdniowa dwukierunkowa,Odcinek prosty,Obszar zabudowany,21.1626944444444,51.4028888888889,Jezdnia,Opady deszczu,Noc - droga oświetlona,Inne,1,0,0,Nieokreślone (puste pole),N,,,,,,,,,,
EWK-103621428T,2015,2015-12-23,17,POWIAT RADOMSKI,WOLANÓW - OBSZAR WIEJSKI,Droga krajowa,12,Jednojezdniowa dwukierunkowa,Spadek,Obszar niezabudowany,20.8955277777778,51.3712222222222,"Chodnik, droga dla pieszych",Opady deszczu,Noc - droga nieoświetlona,Najechanie na pieszego,1,1,0,Nieokreślone (puste pole),N,,,,,,,,,,
EWK-103530986H,2015,2015-12-12,20,POWIAT SIEDLECKI,SUCHOŻEBRY - OBSZAR WIEJSKI,Droga krajowa,63,Jednojezdniowa dwukierunkowa,Odcinek prosty,Obszar niezabudowany,22.2470555555556,52.2750555555556,Jezdnia,Opady deszczu,Noc - droga nieoświetlona,Najechanie na pieszego,1,2,0,Nieokreślone (puste pole),N,,,,,,,,,,
EWK-103664980U,2015,2015-12-27,21,POWIAT WĘGROWSKI,STOCZEK - OBSZAR WIEJSKI,Droga powiatowa,P4210W,Jednojezdniowa dwukierunkowa,Odcinek prosty,Obszar niezabudowany,21.8972222222222,52.5470277777778,Jezdnia,Opady deszczu,Noc - droga nieoświetlona,Najechanie na pieszego,1,1,0,Nieokreślone (puste pole),N,,,,,,,,,,
EWK-103665000G,2015,2015-12-26,22,POWIAT SOKOŁOWSKI,JABŁONNA LACKA - OBSZAR WIEJSKI,Droga powiatowa,P3921W,Jednojezdniowa dwukierunkowa,Odcinek prosty,Obszar niezabudowany,22.4615555555556,52.4781388888889,Jezdnia,Opady deszczu,Noc - droga nieoświetlona,Najechanie na pieszego,1,0,1,Ciężko,T,,,,,,,,,,
EWK-103665000G,2015,2015-12-26,22,POWIAT SOKOŁOWSKI,JABŁONNA LACKA - OBSZAR WIEJSKI,Droga powiatowa,P3921W,Jednojezdniowa dwukierunkowa,Odcinek prosty,Obszar niezabudowany,22.4615555555556,52.4781388888889,Jezdnia,Opady deszczu,Noc - droga nieoświetlona,Najechanie na pieszego,1,0,0,Nieokreślone (puste pole),T,,,,,,,,,,
EWK-98715758R,2015,2015-01-08,17,POWIAT SIERPECKI,SIERPC - OBSZAR MIEJSKI,Droga powiatowa,P,Jednojezdniowa dwukierunkowa,Odcinek prosty,Obszar zabudowany,19.6558611111111,52.8543055555556,Jezdnia,Opady deszczu,Noc - droga nieoświetlona,Najechanie na pieszego,1,0,1,Lekko,T,,,,,,,,,,
EWK-98715758R,2015,2015-01-08,17,POWIAT SIERPECKI,SIERPC - OBSZAR MIEJSKI,Droga powiatowa,P,Jednojezdniowa dwukierunkowa,Odcinek prosty,Obszar zabudowany,19.6558611111111,52.8543055555556,Jezdnia,Opady deszczu,Noc - droga nieoświetlona,Najechanie na pieszego,1,0,0,Nieokreślone (puste pole),T,,,,,,,,,,
EWK-98721624L,2015,2015-01-12,23,POWIAT PŁOŃSKI,NOWE MIASTO - OBSZAR WIEJSKI,Droga wojewódzka,620,Jednojezdniowa dwukierunkowa,Odcinek prosty,Obszar niezabudowany,20.6788611111111,52.6598055555556,Jezdnia,Opady deszczu,Noc - droga nieoświetlona,Najechanie na pieszego,1,0,1,Ciężko,N,,,,,,,,,,
EWK-98721624L,2015,2015-01-12,23,POWIAT PŁOŃSKI,NOWE MIASTO - OBSZAR WIEJSKI,Droga wojewódzka,620,Jednojezdniowa dwukierunkowa,Odcinek prosty,Obszar niezabudowany,20.6788611111111,52.6598055555556,Jezdnia,Opady deszczu,Noc - droga nieoświetlona,Najechanie na pieszego,1,0,0,Nieokreślone (puste pole),N,,,,,,,,,,
EWK-98737664U,2015,2015-01-24,23,POWIAT RADOMSKI,WIERZBICA - OBSZAR WIEJSKI,Droga wojewódzka,744,Jednojezdniowa dwukierunkowa,Odcinek prosty,Obszar zabudowany,21.1147777777778,51.2920277777778,Jezdnia,Opady deszczu,Noc - droga nieoświetlona,Najechanie na pieszego,1,0,1,Ciężko,N,,,,,,,,,,
EWK-98737664U,2015,2015-01-24,23,POWIAT RADOMSKI,WIERZBICA - OBSZAR WIEJSKI,Droga wojewódzka,744,Jednojezdniowa dwukierunkowa,Odcinek prosty,Obszar zabudowany,21.1147777777778,51.2920277777778,Jezdnia,Opady deszczu,Noc - droga nieoświetlona,Najechanie na pieszego,1,0,0,Nieokreślone (puste pole),N,,,,,,,,,,
EWK-98745373Y,2015,2015-01-30,21,POWIAT WĘGROWSKI,LIW - OBSZAR WIEJSKI,Droga wojewódzka,696,Jednojezdniowa dwukierunkowa,Odcinek prosty,Obszar niezabudowany,22.0383888888889,52.36025,Jezdnia,Opady deszczu,Noc - droga nieoświetlona,Najechanie na pieszego,1,0,1,Lekko,N,,,,,,,,,,
EWK-98745373Y,2015,2015-01-30,21,POWIAT WĘGROWSKI,LIW - OBSZAR WIEJSKI,Droga wojewódzka,696,Jednojezdniowa dwukierunkowa,Odcinek prosty,Obszar niezabudowany,22.0383888888889,52.36025,Jezdnia,Opady deszczu,Noc - droga nieoświetlona,Najechanie na pieszego,1,0,0,Nieokreślone (puste pole),N,,,,,,,,,,
EWK-98747597C,2015,2015-01-30,17,POWIAT PŁOŃSKI,RACIĄŻ - OBSZAR MIEJSKI,Droga gminna,GMINNA,Jednojezdniowa dwukierunkowa,Odcinek prosty,Obszar zabudowany,20.1357777777778,52.7806111111111,Jezdnia,Opady deszczu,Noc - droga nieoświetlona,Najechanie na pieszego,1,0,1,Lekko,N,,,,,,,,,,
EWK-98747597C,2015,2015-01-30,17,POWIAT PŁOŃSKI,RACIĄŻ - OBSZAR MIEJSKI,Droga gminna,GMINNA,Jednojezdniowa dwukierunkowa,Odcinek prosty,Obszar zabudowany,20.1357777777778,52.7806111111111,Jezdnia,Opady deszczu,Noc - droga nieoświetlona,Najechanie na pieszego,1,0,0,Nieokreślone (puste pole),N,,,,,,,,,,
EWK-98819233F,2015,2015-03-27,18,POWIAT WĘGROWSKI,ŁOCHÓW - OBSZAR MIEJSKI,Droga powiatowa,P4202W,Jednojezdniowa dwukierunkowa,,Obszar zabudowany,21.7065833333333,52.5364166666667,Jezdnia,Opady deszczu,Noc - droga nieoświetlona,Najechanie na pieszego,1,0,1,Ciężko,N,,,,,,,,,,
EWK-98819233F,2015,2015-03-27,18,POWIAT WĘGROWSKI,ŁOCHÓW - OBSZAR MIEJSKI,Droga powiatowa,P4202W,Jednojezdniowa dwukierunkowa,,Obszar zabudowany,21.7065833333333,52.5364166666667,Jezdnia,Opady deszczu,Noc - droga nieoświetlona,Najechanie na pieszego,1,0,0,Nieokreślone (puste pole),N,,,,,,,,,,
EWK-99049088F,2015,2015-07-25,23,POWIAT GRÓJECKI,BELSK DUŻY - OBSZAR WIEJSKI,Droga wojewódzka,728,Jednojezdniowa dwukierunkowa,Odcinek prosty,Obszar niezabudowany,20.8375,51.8478333333333,Jezdnia,Opady deszczu,Noc - droga nieoświetlona,Najechanie na pieszego,1,0,1,Ciężko,N,,,,,,,,,,
EWK-99049088F,2015,2015-07-25,23,POWIAT GRÓJECKI,BELSK DUŻY - OBSZAR WIEJSKI,Droga wojewódzka,728,Jednojezdniowa dwukierunkowa,Odcinek prosty,Obszar niezabudowany,20.8375,51.8478333333333,Jezdnia,Opady deszczu,Noc - droga nieoświetlona,Najechanie na pieszego,1,0,0,Nieokreślone (puste pole),N,,,,,,,,,,
EWK-99205077M,2015,2015-09-25,19,POWIAT LIPSKI,LIPSKO - OBSZAR WIEJSKI,Droga powiatowa,P1908W,Jednojezdniowa dwukierunkowa,Odcinek prosty,Obszar zabudowany,21.6289722222222,51.18925,Jezdnia,Opady deszczu,Noc - droga nieoświetlona,Najechanie na pieszego,1,0,1,Ciężko,N,,,,,,,,,,
EWK-99205077M,2015,2015-09-25,19,POWIAT LIPSKI,LIPSKO - OBSZAR WIEJSKI,Droga powiatowa,P1908W,Jednojezdniowa dwukierunkowa,Odcinek prosty,Obszar zabudowany,21.6289722222222,51.18925,Jezdnia,Opady deszczu,Noc - droga nieoświetlona,Najechanie na pieszego,1,0,0,Nieokreślone (puste pole),N,,,,,,,,,,
EWK-99249423F,2015,2015-10-18,2,POWIAT RADOMSKI,PIONKI - OBSZAR WIEJSKI,Droga powiatowa,P3522W,Jednojezdniowa dwukierunkowa,Odcinek prosty,Obszar zabudowany,21.4443333333333,51.4284444444444,Jezdnia,Opady deszczu,Noc - droga nieoświetlona,Najechanie na pieszego,1,0,1,Lekko,T,,,,,,,,,,
EWK-99249423F,2015,2015-10-18,2,POWIAT RADOMSKI,PIONKI - OBSZAR WIEJSKI,Droga powiatowa,P3522W,Jednojezdniowa dwukierunkowa,Odcinek prosty,Obszar zabudowany,21.4443333333333,51.4284444444444,Jezdnia,Opady deszczu,Noc - droga nieoświetlona,Najechanie na pieszego,1,0,0,Nieokreślone (puste pole),T,,,,,,,,,,
EWK-99254120Y,2015,2015-10-17,19,POWIAT RADOMSKI,PRZYTYK - OBSZAR WIEJSKI,Droga wojewódzka,740,Jednojezdniowa dwukierunkowa,Odcinek prosty,Obszar zabudowany,20.9265833333333,51.4594722222222,Jezdnia,Opady deszczu,Noc - droga nieoświetlona,Najechanie na pieszego,1,0,1,Lekko,N,,,,,,,,,,
EWK-99254120Y,2015,2015-10-17,19,POWIAT RADOMSKI,PRZYTYK - OBSZAR WIEJSKI,Droga wojewódzka,740,Jednojezdniowa dwukierunkowa,Odcinek prosty,Obszar zabudowany,20.9265833333333,51.4594722222222,Jezdnia,Opady deszczu,Noc - droga nieoświetlona,Najechanie na pieszego,1,0,0,Nieokreślone (puste pole),N,,,,,,,,,,
EWK-99258124X,2015,2015-10-15,13,POWIAT PRZASNYSKI,PRZASNYSZ - OBSZAR WIEJSKI,Droga krajowa,57,Jednojezdniowa dwukierunkowa,Odcinek prosty,Obszar niezabudowany,20.9915,52.9496666666667,Jezdnia,Opady deszczu,Noc - droga nieoświetlona,Najechanie na pieszego,1,0,1,Lekko,N,,,,,,,,,,
EWK-99258124X,2015,2015-10-15,13,POWIAT PRZASNYSKI,PRZASNYSZ - OBSZAR WIEJSKI,Droga krajowa,57,Jednojezdniowa dwukierunkowa,Odcinek prosty,Obszar niezabudowany,20.9915,52.9496666666667,Jezdnia,Opady deszczu,Noc - droga nieoświetlona,Najechanie na pieszego,1,0,0,Nieokreślone (puste pole),N,,,,,,,,,,
EWK-99259988H,2015,2015-10-21,6,POWIAT PUŁTUSKI,PUŁTUSK - OBSZAR WIEJSKI,Droga krajowa,61,Jednojezdniowa dwukierunkowa,Odcinek prosty,Obszar niezabudowany,21.0978888888889,52.7438888888889,Jezdnia,Opady deszczu,Noc - droga nieoświetlona,Najechanie na pieszego,1,1,0,Nieokreślone (puste pole),N,,,,,,,,,,
EWK-99277012W,2015,2015-10-25,22,POWIAT SIEDLECKI,SIEDLCE - OBSZAR WIEJSKI,Droga krajowa,63,Jednojezdniowa dwukierunkowa,Odcinek prosty,Obszar niezabudowany,22.2370277777778,52.2230833333333,Jezdnia,Opady deszczu,Noc - droga nieoświetlona,Najechanie na pieszego,1,0,1,Lekko,T,,,,,,,,,,
EWK-99277012W,2015,2015-10-25,22,POWIAT SIEDLECKI,SIEDLCE - OBSZAR WIEJSKI,Droga krajowa,63,Jednojezdniowa dwukierunkowa,Odcinek prosty,Obszar niezabudowany,22.2370277777778,52.2230833333333,Jezdnia,Opady deszczu,Noc - droga nieoświetlona,Najechanie na pieszego,1,0,0,Nieokreślone (puste pole),T,,,,,,,,,,
EWK-99291293C,2015,2015-10-18,4,POWIAT GARWOLIŃSKI,WILGA - OBSZAR WIEJSKI,Droga wojewódzka,801,Jednojezdniowa dwukierunkowa,"Zakręt, łuk",Obszar niezabudowany,21.3944444444444,51.8237777777778,Jezdnia,Opady deszczu,Noc - droga nieoświetlona,Najechanie na pieszego,1,0,1,Ciężko,N,,,,,,,,,,
EWK-99291293C,2015,2015-10-18,4,POWIAT GARWOLIŃSKI,WILGA - OBSZAR WIEJSKI,Droga wojewódzka,801,Jednojezdniowa dwukierunkowa,"Zakręt, łuk",Obszar niezabudowany,21.3944444444444,51.8237777777778,Jezdnia,Opady deszczu,Noc - droga nieoświetlona,Najechanie na pieszego,1,0,1,Lekko,N,,,,,,,,,,
EWK-99330820R,2015,2015-11-15,17,POWIAT PŁOŃSKI,SOCHOCIN - OBSZAR WIEJSKI,Droga wojewódzka,W632,Jednojezdniowa dwukierunkowa,Odcinek prosty,Obszar niezabudowany,20.4826111111111,52.6471944444444,Jezdnia,Opady deszczu,Noc - droga nieoświetlona,Najechanie na pieszego,1,0,1,Ciężko,N,,,,,,,,,,
EWK-99330820R,2015,2015-11-15,17,POWIAT PŁOŃSKI,SOCHOCIN - OBSZAR WIEJSKI,Droga wojewódzka,W632,Jednojezdniowa dwukierunkowa,Odcinek prosty,Obszar niezabudowany,20.4826111111111,52.6471944444444,Jezdnia,Opady deszczu,Noc - droga nieoświetlona,Najechanie na pieszego,1,0,0,Nieokreślone (puste pole),N,,,,,,,,,,
EWK-99337652G,2015,2015-11-19,6,POWIAT SOCHACZEWSKI,TERESIN - OBSZAR WIEJSKI,Droga gminna,GMINNA,Jednojezdniowa dwukierunkowa,Odcinek prosty,Obszar zabudowany,20.4229444444444,52.2048611111111,Jezdnia,Opady deszczu,Noc - droga nieoświetlona,Najechanie na pieszego,1,0,1,Lekko,N,,,,,,,,,,
EWK-99337652G,2015,2015-11-19,6,POWIAT SOCHACZEWSKI,TERESIN - OBSZAR WIEJSKI,Droga gminna,GMINNA,Jednojezdniowa dwukierunkowa,Odcinek prosty,Obszar zabudowany,20.4229444444444,52.2048611111111,Jezdnia,Opady deszczu,Noc - droga nieoświetlona,Najechanie na pieszego,1,0,0,Nieokreślone (puste pole),N,,,,,,,,,,
EWK-99332555L,2015,2015-11-17,6,POWIAT OSTROWSKI,OSTRÓW MAZOWIECKA - OBSZAR MIEJSKI,Droga gminna,GMINNA,Jednojezdniowa dwukierunkowa,,Obszar zabudowany,21.8997777777778,52.8079722222222,Przejście dla pieszych,Opady deszczu,Noc - droga nieoświetlona,Najechanie na pieszego,1,0,1,Ciężko,N,,,,,,,,,,