IDKSIP,year,date,hour,district,district_commune,road_category,road_number,type_of_road,road_geometry,area,Longitude,Latitude,char_place_of_the_event,weather_conditions,lighting,type_of_accident,num_of_accidents,num_of_fatalities,num_of_injured,type_of_injury,is_offender_intoxicated,,,,,,,,,,
EWK-103554329J,2015,2015-12-14,16,POWIAT SIERPECKI,SIERPC - OBSZAR MIEJSKI,Droga powiatowa,P,Jednojezdniowa dwukierunkowa,Odcinek prosty,Obszar zabudowany,19.6616111111111,52.8484444444444,Przejście dla pieszych,Pochmurno,Noc - droga oświetlona,Najechanie na pieszego,1,0,1,Lekko,N,,,,,,,,,,
EWK-103554329J,2015,2015-12-14,16,POWIAT SIERPECKI,SIERPC - OBSZAR MIEJSKI,Droga powiatowa,P,Jednojezdniowa dwukierunkowa,Odcinek prosty,Obszar zabudowany,19.6616111111111,52.8484444444444,Przejście dla pieszych,Pochmurno,Noc - droga oświetlona,Najechanie na pieszego,1,0,0,Nieokreślone (puste pole),N,,,,,,,,,,
EWK-103554490J,2015,2015-12-11,5,POWIAT RADOM,RADOM - OBSZAR MIEJSKI,Droga krajowa,12,Jednojezdniowa dwukierunkowa,,Obszar zabudowany,21.1766944444444,51.3810833333333,Przejście dla pieszych,Pochmurno,Noc - droga oświetlona,Najechanie na pieszego,1,0,1,Lekko,N,,,,,,,,,,
EWK-103554490J,2015,2015-12-11,5,POWIAT RADOM,RADOM - OBSZAR MIEJSKI,Droga krajowa,12,Jednojezdniowa dwukierunkowa,,Obszar zabudowany,21.1766944444444,51.3810833333333,Przejście dla pieszych,Pochmurno,Noc - droga oświetlona,Najechanie na pieszego,1,0,0,Nieokreślone (puste pole),N,,,,,,,,,,
EWK-103592644D,2015,2015-12-18,20,POWIAT SIEDLCE,SIEDLCE - OBSZAR MIEJSKI,Droga wojewódzka,W628,Jednojezdniowa dwukierunkowa,Odcinek prosty,Obszar zabudowany,22.2895,52.1715277777778,Przejście dla pieszych,Pochmurno,Noc - droga oświetlona,Najechanie na pieszego,1,0,1,Lekko,N,,,,,,,,,,
EWK-103592644D,2015,2015-12-18,20,POWIAT SIEDLCE,SIEDLCE - OBSZAR MIEJSKI,Droga wojewódzka,W628,Jednojezdniowa dwukierunkowa,Odcinek prosty,Obszar zabudowany,22.2895,52.1715277777778,Przejście dla pieszych,Pochmurno,Noc - droga oświetlona,Najechanie na pieszego,1,0,0,Nieokreślone (puste pole),N,,,,,,,,,,
EWK-98714913M,2015,2015-01-08,22,POWIAT SIEDLCE,SIEDLCE - OBSZAR MIEJSKI,Droga wojewódzka,W628,Jednojezdniowa dwukierunkowa,Odcinek prosty,Obszar zabudowany,22.2714444444444,52.1694166666667,Przejście dla pieszych,Pochmurno,Noc - droga oświetlona,Najechanie na pieszego,1,1,0,Nieokreślone (puste pole),N,,,,,,,,,,
EWK-98716272R,2015,2015-01-03,19,POWIAT ŻYRARDOWSKI,ŻYRARDÓW - OBSZAR MIEJSKI,Droga gminna,GMINNA,Jednojezdniowa dwukierunkowa,Odcinek prosty,Obszar zabudowany,20.4381388888889,52.0558333333333,Przejście dla pieszych,Pochmurno,Noc - droga oświetlona,Najechanie na pieszego,1,0,2,Lekko,N,,,,,,,,,,
EWK-98716272R,2015,2015-01-03,19,POWIAT ŻYRARDOWSKI,ŻYRARDÓW - OBSZAR MIEJSKI,Droga gminna,GMINNA,Jednojezdniowa dwukierunkowa,Odcinek prosty,Obszar zabudowany,20.4381388888889,52.0558333333333,Przejście dla pieszych,Pochmurno,Noc - droga oświetlona,Najechanie na pieszego,1,0,0,Nieokreślone (puste pole),N,,,,,,,,,,
EWK-98741657W,2015,2015-01-26,17,POWIAT OSTROŁĘKA,OSTROŁĘKA - OBSZAR MIEJSKI,Droga krajowa,61,Dwie jezdnie jednokierunkowe,,Obszar zabudowany,21.5790277777778,53.0894722222222,Przejście dla pieszych,Pochmurno,Noc - droga oświetlona,Najechanie na pieszego,1,1,0,Nieokreślone (puste pole),N,,,,,,,,,,
EWK-98742225F,2015,2015-01-28,17,POWIAT WYSZKOWSKI,WYSZKÓW - OBSZAR MIEJSKI,Droga wojewódzka,618,Jednojezdniowa dwukierunkowa,Odcinek prosty,Obszar zabudowany,21.4762222222222,52.5930833333333,Przejście dla pieszych,Pochmurno,Noc - droga oświetlona,Najechanie na pieszego,1,1,0,Nieokreślone (puste pole),N,,,,,,,,,,
EWK-98794438Y,2015,2015-03-13,19,POWIAT PŁOCK,PŁOCK - OBSZAR MIEJSKI,Droga gminna,GMINNA,Jednojezdniowa dwukierunkowa,Odcinek prosty,Obszar zabudowany,19.7530555555556,52.5442222222222,Przejście dla pieszych,Pochmurno,Noc - droga oświetlona,Najechanie na pieszego,1,0,1,Lekko,N,,,,,,,,,,
EWK-98794438Y,2015,2015-03-13,19,POWIAT PŁOCK,PŁOCK - OBSZAR MIEJSKI,Droga gminna,GMINNA,Jednojezdniowa dwukierunkowa,Odcinek prosty,Obszar zabudowany,19.7530555555556,52.5442222222222,Przejście dla pieszych,Pochmurno,Noc - droga oświetlona,Najechanie na pieszego,1,0,0,Nieokreślone (puste pole),N,,,,,,,,,,
EWK-98794853K,2015,2015-03-14,18,POWIAT OSTROŁĘCKI,KADZIDŁO - OBSZAR WIEJSKI,Droga krajowa,53,Jednojezdniowa dwukierunkowa,,Obszar zabudowany,21.4715833333333,53.2311111111111,Przejście dla pieszych,Pochmurno,Noc - droga oświetlona,Najechanie na pieszego,1,0,1,Ciężko,N,,,,,,,,,,
EWK-98794853K,2015,2015-03-14,18,POWIAT OSTROŁĘCKI,KADZIDŁO - OBSZAR WIEJSKI,Droga krajowa,53,Jednojezdniowa dwukierunkowa,,Obszar zabudowany,21.4715833333333,53.2311111111111,Przejście dla pieszych,Pochmurno,Noc - droga oświetlona,Najechanie na pieszego,1,0,0,Nieokreślone (puste pole),N,,,,,,,,,,
EWK-99168063J,2015,2015-09-15,19,POWIAT RADOM,RADOM - OBSZAR MIEJSKI,Droga powiatowa,P5321W,Dwie jezdnie jednokierunkowe,Odcinek prosty,Obszar zabudowany,21.1552222222222,51.3920277777778,Przejście dla pieszych,Pochmurno,Noc - droga oświetlona,Najechanie na pieszego,1,0,1,Lekko,N,,,,,,,,,,
EWK-99168063J,2015,2015-09-15,19,POWIAT RADOM,RADOM - OBSZAR MIEJSKI,Droga powiatowa,P5321W,Dwie jezdnie jednokierunkowe,Odcinek prosty,Obszar zabudowany,21.1552222222222,51.3920277777778,Przejście dla pieszych,Pochmurno,Noc - droga oświetlona,Najechanie na pieszego,1,0,0,Nieokreślone (puste pole),N,,,,,,,,,,
EWK-99335800W,2015,2015-11-18,17,POWIAT OSTROŁĘKA,OSTROŁĘKA - OBSZAR MIEJSKI,Droga powiatowa,P5106W,Jednokierunkowa,Odcinek prosty,Obszar zabudowany,21.5694444444444,53.0965833333333,Przejście dla pieszych,Pochmurno,Noc - droga oświetlona,Najechanie na pieszego,1,0,1,Lekko,N,,,,,,,,,,
EWK-99335800W,2015,2015-11-18,17,POWIAT OSTROŁĘKA,OSTROŁĘKA - OBSZAR MIEJSKI,Droga powiatowa,P5106W,Jednokierunkowa,Odcinek prosty,Obszar zabudowany,21.5694444444444,53.0965833333333,Przejście dla pieszych,Pochmurno,Noc - droga oświetlona,Najechanie na pieszego,1,0,0,Nieokreślone (puste pole),N,,,,,,,,,,
EWK-99346479D,2015,2015-11-21,17,POWIAT ŻYRARDOWSKI,ŻYRARDÓW - OBSZAR MIEJSKI,Droga gminna,GMINNA,Jednojezdniowa dwukierunkowa,Odcinek prosty,Obszar zabudowany,20.4601666666667,52.0565555555556,Przejście dla pieszych,Pochmurno,Noc - droga oświetlona,Najechanie na pieszego,1,0,1,Ciężko,N,,,,,,,,,,
EWK-99346479D,2015,2015-11-21,17,POWIAT ŻYRARDOWSKI,ŻYRARDÓW - OBSZAR MIEJSKI,Droga gminna,GMINNA,Jednojezdniowa dwukierunkowa,Odcinek prosty,Obszar zabudowany,20.4601666666667,52.0565555555556,Przejście dla pieszych,Pochmurno,Noc - droga oświetlona,Najechanie na pieszego,1,0,0,Nieokreślone (puste pole),N,,,,,,,,,,
EWK-99348954F,2015,2015-11-23,18,POWIAT OSTROŁĘKA,OSTROŁĘKA - OBSZAR MIEJSKI,Droga powiatowa,4403W,Jednojezdniowa dwukierunkowa,,Obszar zabudowany,21.5791388888889,53.0743611111111,Przejście dla pieszych,Pochmurno,Noc - droga oświetlona,Najechanie na pieszego,1,0,1,Lekko,N,,,,,,,,,,
EWK-99348954F,2015,2015-11-23,18,POWIAT OSTROŁĘKA,OSTROŁĘKA - OBSZAR MIEJSKI,Droga powiatowa,4403W,Jednojezdniowa dwukierunkowa,,Obszar zabudowany,21.5791388888889,53.0743611111111,Przejście dla pieszych,Pochmurno,Noc - droga oświetlona,Najechanie na pieszego,1,0,0,Nieokreślone (puste pole),N,,,,,,,,,,
EWK-99371509L,2015,2015-12-01,20,POWIAT PRZYSUSKI,POTWORÓW - OBSZAR WIEJSKI,Droga krajowa,48,Jednojezdniowa dwukierunkowa,Odcinek prosty,Obszar zabudowany,20.7215555555556,51.5085277777778,Przejście dla pieszych,Pochmurno,Noc - droga oświetlona,Najechanie na pieszego,1,0,1,Lekko,N,,,,,,,,,,
EWK-99371509L,2015,2015-12-01,20,POWIAT PRZYSUSKI,POTWORÓW - OBSZAR WIEJSKI,Droga krajowa,48,Jednojezdniowa dwukierunkowa,Odcinek prosty,Obszar zabudowany,20.7215555555556,51.5085277777778,Przejście dla pieszych,Pochmurno,Noc - droga oświetlona,Najechanie na pieszego,1,0,0,Nieokreślone (puste pole),N,,,,,,,,,,
EWK-103511935D,2015,2015-12-10,7,POWIAT KOZIENICKI,GNIEWOSZÓW - OBSZAR WIEJSKI,Droga wojewódzka,738,Jednojezdniowa dwukierunkowa,Odcinek prosty,Obszar niezabudowany,21.7611666666667,51.4928611111111,Jezdnia,Pochmurno,"Zmrok, świt",Najechanie na pieszego,1,0,1,Ciężko,N,,,,,,,,,,
EWK-103511935D,2015,2015-12-10,7,POWIAT KOZIENICKI,GNIEWOSZÓW - OBSZAR WIEJSKI,Droga wojewódzka,738,Jednojezdniowa dwukierunkowa,Odcinek prosty,Obszar niezabudowany,21.7611666666667,51.4928611111111,Jezdnia,Pochmurno,"Zmrok, świt",Najechanie na pieszego,1,0,0,Nieokreślone (puste pole),N,,,,,,,,,,
EWK-103670889U,2015,2015-12-28,16,POWIAT ŻYRARDOWSKI,MSZCZONÓW - OBSZAR WIEJSKI,Droga krajowa,8,Dwie jezdnie jednokierunkowe,Odcinek prosty,Obszar niezabudowany,20.49025,51.958,Jezdnia,Pochmurno,"Zmrok, świt",Najechanie na pieszego,1,1,0,Nieokreślone (puste pole),N,,,,,,,,,,
EWK-98760749L,2015,2015-02-10,16,POWIAT RADOMSKI,IŁŻA - OBSZAR WIEJSKI,Droga powiatowa,P3554W,Jednojezdniowa dwukierunkowa,Odcinek prosty,Obszar zabudowany,21.2204444444444,51.1604722222222,Jezdnia,Pochmurno,"Zmrok, świt",Najechanie na pieszego,1,0,1,Lekko,N,,,,,,,,,,
EWK-98760749L,2015,2015-02-10,16,POWIAT RADOMSKI,IŁŻA - OBSZAR WIEJSKI,Droga powiatowa,P3554W,Jednojezdniowa dwukierunkowa,Odcinek prosty,Obszar zabudowany,21.2204444444444,51.1604722222222,Jezdnia,Pochmurno,"Zmrok, świt",Najechanie na pieszego,1,0,0,Nieokreślone (puste pole),N,,,,,,,,,,
EWK-98795321N,2015,2015-03-14,5,POWIAT PŁOCK,PŁOCK - OBSZAR MIEJSKI,Droga powiatowa,P,Jednojezdniowa dwukierunkowa,Odcinek prosty,Obszar zabudowany,19.6831111111111,52.5533055555556,Jezdnia,Pochmurno,"Zmrok, świt",Najechanie na pieszego,1,0,1,Ciężko,N,,,,,,,,,,
EWK-98795321N,2015,2015-03-14,5,POWIAT PŁOCK,PŁOCK - OBSZAR MIEJSKI,Droga powiatowa,P,Jednojezdniowa dwukierunkowa,Odcinek prosty,Obszar zabudowany,19.6831111111111,52.5533055555556,Jezdnia,Pochmurno,"Zmrok, świt",Najechanie na pieszego,1,0,0,Nieokreślone (puste pole),N,,,,,,,,,,
EWK-99330573L,2015,2015-11-16,6,POWIAT OSTROŁĘCKI,MYSZYNIEC - OBSZAR WIEJSKI,Droga krajowa,53,Jednojezdniowa dwukierunkowa,Odcinek prosty,Obszar niezabudowany,21.3471111111111,53.4088055555556,Jezdnia,Pochmurno,"Zmrok, świt",Najechanie na pieszego,1,0,1,Lekko,N,,,,,,,,,,
EWK-99330573L,2015,2015-11-16,6,POWIAT OSTROŁĘCKI,MYSZYNIEC - OBSZAR WIEJSKI,Droga krajowa,53,Jednojezdniowa dwukierunkowa,Odcinek prosty,Obszar niezabudowany,21.3471111111111,53.4088055555556,Jezdnia,Pochmurno,"Zmrok, świt",Najechanie na pieszego,1,0,0,Nieokreślone (puste pole),N,,,,,,,,,,
EWK-99365681M,2015,2015-11-29,15,POWIAT SZYDŁOWIECKI,SZYDŁOWIEC - OBSZAR MIEJSKI,Droga wojewódzka,727,Jednojezdniowa dwukierunkowa,,Obszar zabudowany,20.8629166666667,51.2303055555556,Jezdnia,Pochmurno,"Zmrok, świt",Najechanie na pieszego,1,0,1,Ciężko,N,,,,,,,,,,
EWK-99365681M,2015,2015-11-29,15,POWIAT SZYDŁOWIECKI,SZYDŁOWIEC - OBSZAR MIEJSKI,Droga wojewódzka,727,Jednojezdniowa dwukierunkowa,,Obszar zabudowany,20.8629166666667,51.2303055555556,Jezdnia,Pochmurno,"Zmrok, świt",Najechanie na pieszego,1,0,0,Nieokreślone (puste pole),N,,,,,,,,,,
EWK-99369137D,2015,2015-12-01,16,POWIAT SIERPECKI,SIERPC - OBSZAR MIEJSKI,Droga gminna,G370491W,Jednojezdniowa dwukierunkowa,Odcinek prosty,Obszar zabudowany,19.6799166666667,52.8545833333333,Jezdnia,Pochmurno,"Zmrok, świt",Najechanie na pieszego,1,1,0,Nieokreślone (puste pole),N,,,,,,,,,,
EWK-103554014K,2015,2015-12-13,14,POWIAT RADOM,RADOM - OBSZAR MIEJSKI,Droga powiatowa,P5305W,Dwie jezdnie jednokierunkowe,Odcinek prosty,Obszar zabudowany,21.1581388888889,51.4142222222222,Przejście dla pieszych,Pochmurno,"Zmrok, świt",Najechanie na pieszego,1,0,1,Lekko,N,,,,,,,,,,
EWK-103554014K,2015,2015-12-13,14,POWIAT RADOM,RADOM - OBSZAR MIEJSKI,Droga powiatowa,P5305W,Dwie jezdnie jednokierunkowe,Odcinek prosty,Obszar zabudowany,21.1581388888889,51.4142222222222,Przejście dla pieszych,Pochmurno,"Zmrok, świt",Najechanie na pieszego,1,0,0,Nieokreślone (puste pole),N,,,,,,,,,,
EWK-98780702X,2015,2015-03-02,18,POWIAT RADOM,RADOM - OBSZAR MIEJSKI,Droga powiatowa,P5306W,Dwie jezdnie jednokierunkowe,Odcinek prosty,Obszar zabudowany,21.1492222222222,51.39275,Przejście dla pieszych,Pochmurno,"Zmrok, świt",Najechanie na pieszego,1,0,1,Lekko,N,,,,,,,,,,
EWK-98780702X,2015,2015-03-02,18,POWIAT RADOM,RADOM - OBSZAR MIEJSKI,Droga powiatowa,P5306W,Dwie jezdnie jednokierunkowe,Odcinek prosty,Obszar zabudowany,21.1492222222222,51.39275,Przejście dla pieszych,Pochmurno,"Zmrok, świt",Najechanie na pieszego,1,0,0,Nieokreślone (puste pole),N,,,,,,,,,,
EWK-99326267X,2015,2015-11-14,6,POWIAT SOCHACZEWSKI,SOCHACZEW - OBSZAR MIEJSKI,Droga wojewódzka,580,Jednojezdniowa dwukierunkowa,,Obszar zabudowany,20.27875,52.2541388888889,Przejście dla pieszych,Pochmurno,"Zmrok, świt",Najechanie na pieszego,1,1,0,Nieokreślone (puste pole),N,,,,,,,,,,
EWK-99326506R,2015,2015-11-15,16,POWIAT PŁOCK,PŁOCK - OBSZAR MIEJSKI,Droga powiatowa,P,Jednojezdniowa dwukierunkowa,Odcinek prosty,Obszar zabudowany,19.7073333333333,52.5446388888889,Przejście dla pieszych,Pochmurno,"Zmrok, świt",Najechanie na pieszego,1,0,1,Lekko,N,,,,,,,,,,
EWK-99326506R,2015,2015-11-15,16,POWIAT PŁOCK,PŁOCK - OBSZAR MIEJSKI,Droga powiatowa,P,Jednojezdniowa dwukierunkowa,Odcinek prosty,Obszar zabudowany,19.7073333333333,52.5446388888889,Przejście dla pieszych,Pochmurno,"Zmrok, świt",Najechanie na pieszego,1,0,0,Nieokreślone (puste pole),N,,,,,,,,,,
EWK-99335870F,2015,2015-11-17,16,POWIAT RADOM,RADOM - OBSZAR MIEJSKI,Droga powiatowa,P5320W,Jednokierunkowa,,Obszar zabudowany,21.1488333333333,51.4,Przejście dla pieszych,Pochmurno,"Zmrok, świt",Najechanie na pieszego,1,0,1,Lekko,N,,,,,,,,,,
EWK-99335870F,2015,2015-11-17,16,POWIAT RADOM,RADOM - OBSZAR MIEJSKI,Droga powiatowa,P5320W,Jednokierunkowa,,Obszar zabudowany,21.1488333333333,51.4,Przejście dla pieszych,Pochmurno,"Zmrok, świt",Najechanie na pieszego,1,0,0,Nieokreślone (puste pole),N,,,,,,,,,,
EWK-98712955T,2015,2015-01-04,9,POWIAT RADOM,RADOM - OBSZAR MIEJSKI,Droga powiatowa,P5322W,Jednojezdniowa dwukierunkowa,Odcinek prosty,Obszar zabudowany,21.1550833333333,51.3960277777778,"Chodnik, droga dla pieszych",Pochmurno,Światło dzienne,Najechanie na pieszego,1,0,1,Lekko,N,,,,,,,,,,
EWK-98712955T,2015,2015-01-04,9,POWIAT RADOM,RADOM - OBSZAR MIEJSKI,Droga powiatowa,P5322W,Jednojezdniowa dwukierunkowa,Odcinek prosty,Obszar zabudowany,21.1550833333333,51.3960277777778,"Chodnik, droga dla pieszych",Pochmurno,Światło dzienne,Najechanie na pieszego,1,0,0,Nieokreślone (puste pole),N,,,,,,,,,,
EWK-98719394M,2015,2015-01-12,6,POWIAT RADOMSKI,GÓZD - OBSZAR WIEJSKI,Droga krajowa,12,Jednojezdniowa dwukierunkowa,Odcinek prosty,Obszar niezabudowany,21.4028055555555,51.3761388888889,Jezdnia,Pochmurno,Światło dzienne,Najechanie na pieszego,1,0,1,Lekko,N,,,,,,,,,,
EWK-98719394M,2015,2015-01-12,6,POWIAT RADOMSKI,GÓZD - OBSZAR WIEJSKI,Droga krajowa,12,Jednojezdniowa dwukierunkowa,Odcinek prosty,Obszar niezabudowany,21.4028055555555,51.3761388888889,Jezdnia,Pochmurno,Światło dzienne,Najechanie na pieszego,1,0,0,Nieokreślone (puste pole),N,,,,,,,,,,
EWK-98735852L,2015,2015-01-23,14,POWIAT RADOM,RADOM - OBSZAR MIEJSKI,Droga powiatowa,P5304W  ,Jednojezdniowa dwukierunkowa,Odcinek prosty,Obszar zabudowany,21.1620277777778,51.3989722222222,Jezdnia,Pochmurno,Światło dzienne,Najechanie na pieszego,1,0,1,Ciężko,N,,,,,,,,,,
EWK-98735852L,2015,2015-01-23,14,POWIAT RADOM,RADOM - OBSZAR MIEJSKI,Droga powiatowa,P5304W  ,Jednojezdniowa dwukierunkowa,Odcinek prosty,Obszar zabudowany,21.1620277777778,51.3989722222222,Jezdnia,Pochmurno,Światło dzienne,Najechanie na pieszego,1,0,0,Nieokreślone (puste pole),N,,,,,,,,,,
EWK-98743841W,2015,2015-01-30,8,POWIAT ŻUROMIŃSKI,ŻUROMIN - OBSZAR MIEJSKI,Droga powiatowa,P4613W,Jednojezdniowa dwukierunkowa,"Zakręt, łuk",Obszar zabudowany,19.8664166666667,53.0718888888889,Jezdnia,Pochmurno,Światło dzienne,Najechanie na pieszego,1,0,1,Ciężko,N,,,,,,,,,,
EWK-98743841W,2015,2015-01-30,8,POWIAT ŻUROMIŃSKI,ŻUROMIN - OBSZAR MIEJSKI,Droga powiatowa,P4613W,Jednojezdniowa dwukierunkowa,"Zakręt, łuk",Obszar zabudowany,19.8664166666667,53.0718888888889,Jezdnia,Pochmurno,Światło dzienne,Najechanie na pieszego,1,0,0,Nieokreślone (puste pole),N,,,,,,,,,,
EWK-98745449R,2015,2015-01-30,11,POWIAT RADOM,RADOM - OBSZAR MIEJSKI,Droga krajowa,12,Dwie jezdnie jednokierunkowe,Odcinek prosty,Obszar zabudowany,21.1412222222222,51.3909166666667,Jezdnia,Pochmurno,Światło dzienne,Najechanie na pieszego,1,0,1,Ciężko,N,,,,,,,,,,
EWK-98745449R,2015,2015-01-30,11,POWIAT RADOM,RADOM - OBSZAR MIEJSKI,Droga krajowa,12,Dwie jezdnie jednokierunkowe,Odcinek prosty,Obszar zabudowany,21.1412222222222,51.3909166666667,Jezdnia,Pochmurno,Światło dzienne,Najechanie na pieszego,1,0,0,Nieokreślone (puste pole),N,,,,,,,,,,
EWK-98753392J,2015,2015-02-05,13,POWIAT RADOMSKI,WIERZBICA - OBSZAR WIEJSKI,Droga wojewódzka,744,Jednojezdniowa dwukierunkowa,"Zakręt, łuk",Obszar zabudowany,21.0876388888889,51.2493055555556,Jezdnia,Pochmurno,Światło dzienne,Najechanie na pieszego,1,0,1,Lekko,T,,,,,,,,,,
EWK-98753392J,2015,2015-02-05,13,POWIAT RADOMSKI,WIERZBICA - OBSZAR WIEJSKI,Droga wojewódzka,744,Jednojezdniowa dwukierunkowa,"Zakręt, łuk",Obszar zabudowany,21.0876388888889,51.2493055555556,Jezdnia,Pochmurno,Światło dzienne,Najechanie na pieszego,1,0,0,Nieokreślone (puste pole),T,,,,,,,,,,
EWK-98754901R,2015,2015-02-07,11,POWIAT RADOMSKI,SKARYSZEW - OBSZAR WIEJSKI,Droga powiatowa,34447W,Jednojezdniowa dwukierunkowa,Odcinek prosty,Obszar niezabudowany,21.1700833333333,51.3137777777778,Jezdnia,Pochmurno,Światło dzienne,Najechanie na pieszego,1,0,1,Lekko,N,,,,,,,,,,
EWK-98754901R,2015,2015-02-07,11,POWIAT RADOMSKI,SKARYSZEW - OBSZAR WIEJSKI,Droga powiatowa,34447W,Jednojezdniowa dwukierunkowa,Odcinek prosty,Obszar niezabudowany,21.1700833333333,51.3137777777778,Jezdnia,Pochmurno,Światło dzienne,Najechanie na pieszego,1,0,0,Nieokreślone (puste pole),N,,,,,,,,,,
EWK-98775748C,2015,2015-02-26,15,POWIAT PRZYSUSKI,BORKOWICE - OBSZAR WIEJSKI,Droga powiatowa,34303W,Jednojezdniowa dwukierunkowa,Odcinek prosty,Obszar zabudowany,20.6598611111111,51.3413333333333,Jezdnia,Pochmurno,Światło dzienne,Najechanie na pieszego,1,0,1,Lekko,N,,,,,,,,,,
EWK-98775748C,2015,2015-02-26,15,POWIAT PRZYSUSKI,BORKOWICE - OBSZAR WIEJSKI,Droga powiatowa,34303W,Jednojezdniowa dwukierunkowa,Odcinek prosty,Obszar zabudowany,20.6598611111111,51.3413333333333,Jezdnia,Pochmurno,Światło dzienne,Najechanie na pieszego,1,0,0,Nieokreślone (puste pole),N,,,,,,,,,,
EWK-98776891J,2015,2015-02-26,8,POWIAT ŁOSICKI,SARNAKI - OBSZAR WIEJSKI,Droga powiatowa,02109W,Jednojezdniowa dwukierunkowa,Odcinek prosty,Obszar zabudowany,23.0549444444444,52.2757777777778,Jezdnia,Pochmurno,Światło dzienne,Najechanie na pieszego,1,0,1,Lekko,N,,,,,,,,,,
EWK-98776891J,2015,2015-02-26,8,POWIAT ŁOSICKI,SARNAKI - OBSZAR WIEJSKI,Droga powiatowa,02109W,Jednojezdniowa dwukierunkowa,Odcinek prosty,Obszar zabudowany,23.0549444444444,52.2757777777778,Jezdnia,Pochmurno,Światło dzienne,Najechanie na pieszego,1,0,0,Nieokreślone (puste pole),N,,,,,,,,,,
EWK-98784630P,2015,2015-03-04,11,POWIAT WYSZKOWSKI,WYSZKÓW - OBSZAR MIEJSKI,Droga gminna,G440565W,Jednojezdniowa dwukierunkowa,Odcinek prosty,Obszar zabudowany,21.4453055555556,52.5861111111111,Jezdnia,Pochmurno,Światło dzienne,Najechanie na pieszego,1,0,1,Lekko,N,,,,,,,,,,
EWK-98784630P,2015,2015-03-04,11,POWIAT WYSZKOWSKI,WYSZKÓW - OBSZAR MIEJSKI,Droga gminna,G440565W,Jednojezdniowa dwukierunkowa,Odcinek prosty,Obszar zabudowany,21.4453055555556,52.5861111111111,Jezdnia,Pochmurno,Światło dzienne,Najechanie na pieszego,1,0,0,Nieokreślone (puste pole),N,,,,,,,,,,
EWK-99208154M,2015,2015-09-28,18,POWIAT GRÓJECKI,BŁĘDÓW - OBSZAR WIEJSKI,Droga powiatowa,P,Jednojezdniowa dwukierunkowa,Odcinek prosty,Obszar niezabudowany,20.6879444444444,51.8388888888889,Jezdnia,Pochmurno,Światło dzienne,Najechanie na pieszego,1,0,1,Lekko,N,,,,,,,,,,
EWK-99208154M,2015,2015-09-28,18,POWIAT GRÓJECKI,BŁĘDÓW - OBSZAR WIEJSKI,Droga powiatowa,P,Jednojezdniowa dwukierunkowa,Odcinek prosty,Obszar niezabudowany,20.6879444444444,51.8388888888889,Jezdnia,Pochmurno,Światło dzienne,Najechanie na pieszego,1,0,0,Nieokreślone (puste pole),N,,,,,,,,,,
EWK-99314335P,2015,2015-11-06,14,POWIAT SZYDŁOWIECKI,SZYDŁOWIEC - OBSZAR MIEJSKI,Droga gminna,G400559W,Jednojezdniowa dwukierunkowa,,Obszar zabudowany,20.8587222222222,51.2263333333333,Jezdnia,Pochmurno,Światło dzienne,Najechanie na pieszego,1,0,1,Lekko,N,,,,,,,,,,
EWK-99314335P,2015,2015-11-06,14,POWIAT SZYDŁOWIECKI,SZYDŁOWIEC - OBSZAR MIEJSKI,Droga gminna,G400559W,Jednojezdniowa dwukierunkowa,,Obszar zabudowany,20.8587222222222,51.2263333333333,Jezdnia,Pochmurno,Światło dzienne,Najechanie na pieszego,1,0,0,Nieokreślone (puste pole),N,,,,,,,,,,
EWK-99331091G,2015,2015-11-16,7,POWIAT PŁOCKI,STARA BIAŁA - OBSZAR WIEJSKI,Droga wojewódzka,559,Jednojezdniowa dwukierunkowa,Odcinek prosty,Obszar niezabudowany,19.6200555555556,52.5883888888889,Jezdnia,Pochmurno,Światło dzienne,Najechanie na pieszego,1,0,1,Lekko,N,,,,,,,,,,
EWK-99331091G,2015,2015-11-16,7,POWIAT PŁOCKI,STARA BIAŁA - OBSZAR WIEJSKI,Droga wojewódzka,559,Jednojezdniowa dwukierunkowa,Odcinek prosty,Obszar niezabudowany,19.6200555555556,52.5883888888889,Jezdnia,Pochmurno,Światło dzienne,Najechanie na pieszego,1,0,0,Nieokreślone (puste pole),N,,,,,,,,,,
EWK-99360656D,2015,2015-11-28,11,POWIAT CIECHANOWSKI,CIECHANÓW - OBSZAR MIEJSKI,Droga powiatowa,P2421W,Jednojezdniowa dwukierunkowa,Odcinek prosty,Obszar zabudowany,20.6403333333333,52.8544444444445,Jezdnia,Pochmurno,Światło dzienne,Najechanie na pieszego,1,0,1,Lekko,N,,,,,,,,,,
EWK-99360656D,2015,2015-11-28,11,POWIAT CIECHANOWSKI,CIECHANÓW - OBSZAR MIEJSKI,Droga powiatowa,P2421W,Jednojezdniowa dwukierunkowa,Odcinek prosty,Obszar zabudowany,20.6403333333333,52.8544444444445,Jezdnia,Pochmurno,Światło dzienne,Najechanie na pieszego,1,0,0,Nieokreślone (puste pole),N,,,,,,,,,,
EWK-99369081K,2015,2015-11-30,7,POWIAT WĘGROWSKI,GRĘBKÓW - OBSZAR WIEJSKI,Droga gminna,GMINNA,Jednojezdniowa dwukierunkowa,Odcinek prosty,Obszar zabudowany,22.0082222222222,52.2556388888889,Jezdnia,Pochmurno,Światło dzienne,Najechanie na pieszego,1,1,0,Nieokreślone (puste pole),N,,,,,,,,,,
EWK-99092640T,2015,2015-08-16,8,POWIAT PŁOCK,PŁOCK - OBSZAR MIEJSKI,Inna,I2,Jednojezdniowa dwukierunkowa,Odcinek prosty,Obszar zabudowany,19.7497777777778,52.5367222222222,"Parking, plac",Pochmurno,Światło dzienne,Najechanie na pieszego,1,0,1,Lekko,T,,,,,,,,,,