IDKSIP,year,date,hour,district,district_commune,road_category,road_number,type_of_road,road_geometry,area,Longitude,Latitude,char_place_of_the_event,weather_conditions,lighting,type_of_accident,num_of_accidents,num_of_fatalities,num_of_injured,type_of_injury,is_offender_intoxicated,,,,,,,,,,
EWK-99092640T,2015,2015-08-16,8,POWIAT PŁOCK,PŁOCK - OBSZAR MIEJSKI,Inna,I2,Jednojezdniowa dwukierunkowa,Odcinek prosty,Obszar zabudowany,19.7497777777778,52.5367222222222,"Parking, plac",Pochmurno,Światło dzienne,Najechanie na pieszego,1,0,0,Nieokreślone (puste pole),T,,,,,,,,,,
EWK-98717826Q,2015,2015-01-09,12,POWIAT RADOM,RADOM - OBSZAR MIEJSKI,Droga powiatowa,P3539W,Dwie jezdnie jednokierunkowe,Odcinek prosty,Obszar zabudowany,21.1610833333333,51.3919722222222,Przejście dla pieszych,Pochmurno,Światło dzienne,Najechanie na pieszego,1,0,1,Ciężko,N,,,,,,,,,,
EWK-98717826Q,2015,2015-01-09,12,POWIAT RADOM,RADOM - OBSZAR MIEJSKI,Droga powiatowa,P3539W,Dwie jezdnie jednokierunkowe,Odcinek prosty,Obszar zabudowany,21.1610833333333,51.3919722222222,Przejście dla pieszych,Pochmurno,Światło dzienne,Najechanie na pieszego,1,0,0,Nieokreślone (puste pole),N,,,,,,,,,,
EWK-98735869J,2015,2015-01-23,14,POWIAT PŁOCK,PŁOCK - OBSZAR MIEJSKI,Droga krajowa,60,Dwie jezdnie jednokierunkowe,,Obszar zabudowany,19.6908611111111,52.5496388888889,Przejście dla pieszych,Pochmurno,Światło dzienne,Najechanie na pieszego,1,0,1,Lekko,N,,,,,,,,,,
EWK-98735869J,2015,2015-01-23,14,POWIAT PŁOCK,PŁOCK - OBSZAR MIEJSKI,Droga krajowa,60,Dwie jezdnie jednokierunkowe,,Obszar zabudowany,19.6908611111111,52.5496388888889,Przejście dla pieszych,Pochmurno,Światło dzienne,Najechanie na pieszego,1,0,0,Nieokreślone (puste pole),N,,,,,,,,,,
EWK-98735896T,2015,2015-01-24,7,POWIAT PŁOCK,PŁOCK - OBSZAR MIEJSKI,Droga krajowa,62,Jednojezdniowa dwukierunkowa,,Obszar zabudowany,19.6796666666667,52.5281388888889,Przejście dla pieszych,Pochmurno,Światło dzienne,Najechanie na pieszego,1,0,1,Lekko,N,,,,,,,,,,
EWK-98735896T,2015,2015-01-24,7,POWIAT PŁOCK,PŁOCK - OBSZAR MIEJSKI,Droga krajowa,62,Jednojezdniowa dwukierunkowa,,Obszar zabudowany,19.6796666666667,52.5281388888889,Przejście dla pieszych,Pochmurno,Światło dzienne,Najechanie na pieszego,1,0,0,Nieokreślone (puste pole),N,,,,,,,,,,
EWK-98779193F,2015,2015-02-26,7,POWIAT SIEDLCE,SIEDLCE - OBSZAR MIEJSKI,Droga wojewódzka,W628,Jednojezdniowa dwukierunkowa,Odcinek prosty,Obszar zabudowany,22.2927777777778,52.1579444444444,Przejście dla pieszych,Pochmurno,Światło dzienne,Najechanie na pieszego,1,0,1,Lekko,N,,,,,,,,,,
EWK-98779193F,2015,2015-02-26,7,POWIAT SIEDLCE,SIEDLCE - OBSZAR MIEJSKI,Droga wojewódzka,W628,Jednojezdniowa dwukierunkowa,Odcinek prosty,Obszar zabudowany,22.2927777777778,52.1579444444444,Przejście dla pieszych,Pochmurno,Światło dzienne,Najechanie na pieszego,1,0,0,Nieokreślone (puste pole),N,,,,,,,,,,
EWK-98812832Q,2015,2015-03-30,8,POWIAT PRZASNYSKI,PRZASNYSZ - OBSZAR MIEJSKI,Droga wojewódzka,544,Jednojezdniowa dwukierunkowa,,Obszar zabudowany,20.8774166666667,53.0410277777778,Przejście dla pieszych,Pochmurno,Światło dzienne,Najechanie na pieszego,1,0,1,Lekko,N,,,,,,,,,,
EWK-98812832Q,2015,2015-03-30,8,POWIAT PRZASNYSKI,PRZASNYSZ - OBSZAR MIEJSKI,Droga wojewódzka,544,Jednojezdniowa dwukierunkowa,,Obszar zabudowany,20.8774166666667,53.0410277777778,Przejście dla pieszych,Pochmurno,Światło dzienne,Najechanie na pieszego,1,0,0,Nieokreślone (puste pole),N,,,,,,,,,,
EWK-98912066G,2015,2015-05-21,8,POWIAT RADOM,RADOM - OBSZAR MIEJSKI,Droga powiatowa,P5306W,Jednokierunkowa,,Obszar zabudowany,21.1486666666667,51.3916944444445,Przejście dla pieszych,Pochmurno,Światło dzienne,Najechanie na pieszego,1,0,1,Lekko,N,,,,,,,,,,
EWK-98912066G,2015,2015-05-21,8,POWIAT RADOM,RADOM - OBSZAR MIEJSKI,Droga powiatowa,P5306W,Jednokierunkowa,,Obszar zabudowany,21.1486666666667,51.3916944444445,Przejście dla pieszych,Pochmurno,Światło dzienne,Najechanie na pieszego,1,0,0,Nieokreślone (puste pole),N,,,,,,,,,,
EWK-98976331M,2015,2015-06-18,20,POWIAT SOKOŁOWSKI,SOKOŁÓW PODLASKI - OBSZAR MIEJSKI,Droga powiatowa,P3954W,Jednojezdniowa dwukierunkowa,,Obszar zabudowany,22.2363888888889,52.4056388888889,Przejście dla pieszych,Pochmurno,Światło dzienne,Najechanie na pieszego,1,0,1,Lekko,N,,,,,,,,,,
EWK-98976331M,2015,2015-06-18,20,POWIAT SOKOŁOWSKI,SOKOŁÓW PODLASKI - OBSZAR MIEJSKI,Droga powiatowa,P3954W,Jednojezdniowa dwukierunkowa,,Obszar zabudowany,22.2363888888889,52.4056388888889,Przejście dla pieszych,Pochmurno,Światło dzienne,Najechanie na pieszego,1,0,0,Nieokreślone (puste pole),N,,,,,,,,,,
EWK-99048812K,2015,2015-07-23,10,POWIAT OSTROŁĘCKI,MYSZYNIEC - OBSZAR WIEJSKI,Droga krajowa,53,Jednojezdniowa dwukierunkowa,Odcinek prosty,Obszar zabudowany,21.3402222222222,53.3965833333333,Przejście dla pieszych,Pochmurno,Światło dzienne,Najechanie na pieszego,1,0,1,Lekko,N,,,,,,,,,,
EWK-99048812K,2015,2015-07-23,10,POWIAT OSTROŁĘCKI,MYSZYNIEC - OBSZAR WIEJSKI,Droga krajowa,53,Jednojezdniowa dwukierunkowa,Odcinek prosty,Obszar zabudowany,21.3402222222222,53.3965833333333,Przejście dla pieszych,Pochmurno,Światło dzienne,Najechanie na pieszego,1,0,0,Nieokreślone (puste pole),N,,,,,,,,,,
EWK-99053812D,2015,2015-07-27,16,POWIAT OSTROŁĘKA,OSTROŁĘKA - OBSZAR MIEJSKI,Droga powiatowa,2569W,Dwie jezdnie jednokierunkowe,,Obszar zabudowany,21.5869722222222,53.0796388888889,Przejście dla pieszych,Pochmurno,Światło dzienne,Najechanie na pieszego,1,0,1,Lekko,N,,,,,,,,,,
EWK-99053812D,2015,2015-07-27,16,POWIAT OSTROŁĘKA,OSTROŁĘKA - OBSZAR MIEJSKI,Droga powiatowa,2569W,Dwie jezdnie jednokierunkowe,,Obszar zabudowany,21.5869722222222,53.0796388888889,Przejście dla pieszych,Pochmurno,Światło dzienne,Najechanie na pieszego,1,0,0,Nieokreślone (puste pole),N,,,,,,,,,,
EWK-99148495J,2015,2015-09-07,11,POWIAT PRZASNYSKI,CHORZELE - OBSZAR MIEJSKI,Droga krajowa,57,Jednojezdniowa dwukierunkowa,Odcinek prosty,Obszar zabudowany,20.8969722222222,53.2586666666667,Przejście dla pieszych,Pochmurno,Światło dzienne,Najechanie na pieszego,1,0,1,Ciężko,N,,,,,,,,,,
EWK-99148495J,2015,2015-09-07,11,POWIAT PRZASNYSKI,CHORZELE - OBSZAR MIEJSKI,Droga krajowa,57,Jednojezdniowa dwukierunkowa,Odcinek prosty,Obszar zabudowany,20.8969722222222,53.2586666666667,Przejście dla pieszych,Pochmurno,Światło dzienne,Najechanie na pieszego,1,0,0,Nieokreślone (puste pole),N,,,,,,,,,,
EWK-99148842R,2015,2015-09-04,14,POWIAT ŻYRARDOWSKI,ŻYRARDÓW - OBSZAR MIEJSKI,Droga gminna,GMINNA,Jednojezdniowa dwukierunkowa,Odcinek prosty,Obszar niezabudowany,20.4613333333333,52.0444166666667,Przejście dla pieszych,Pochmurno,Światło dzienne,Najechanie na pieszego,1,0,1,Lekko,N,,,,,,,,,,
EWK-99148842R,2015,2015-09-04,14,POWIAT ŻYRARDOWSKI,ŻYRARDÓW - OBSZAR MIEJSKI,Droga gminna,GMINNA,Jednojezdniowa dwukierunkowa,Odcinek prosty,Obszar niezabudowany,20.4613333333333,52.0444166666667,Przejście dla pieszych,Pochmurno,Światło dzienne,Najechanie na pieszego,1,0,0,Nieokreślone (puste pole),N,,,,,,,,,,
EWK-99185920Y,2015,2015-09-19,9,POWIAT RADOM,RADOM - OBSZAR MIEJSKI,Droga krajowa,12,Dwie jezdnie jednokierunkowe,,Obszar zabudowany,21.1235,51.3933333333333,Przejście dla pieszych,Pochmurno,Światło dzienne,Najechanie na pieszego,1,0,1,Lekko,N,,,,,,,,,,
EWK-99185920Y,2015,2015-09-19,9,POWIAT RADOM,RADOM - OBSZAR MIEJSKI,Droga krajowa,12,Dwie jezdnie jednokierunkowe,,Obszar zabudowany,21.1235,51.3933333333333,Przejście dla pieszych,Pochmurno,Światło dzienne,Najechanie na pieszego,1,0,0,Nieokreślone (puste pole),N,,,,,,,,,,
EWK-99193973W,2015,2015-09-25,12,POWIAT OSTROŁĘCKI,OLSZEWO-BORKI - OBSZAR WIEJSKI,Droga powiatowa,2547W,Jednojezdniowa dwukierunkowa,Odcinek prosty,Obszar zabudowany,21.5254444444444,53.0786944444444,Przejście dla pieszych,Pochmurno,Światło dzienne,Najechanie na pieszego,1,0,1,Lekko,N,,,,,,,,,,
EWK-99193973W,2015,2015-09-25,12,POWIAT OSTROŁĘCKI,OLSZEWO-BORKI - OBSZAR WIEJSKI,Droga powiatowa,2547W,Jednojezdniowa dwukierunkowa,Odcinek prosty,Obszar zabudowany,21.5254444444444,53.0786944444444,Przejście dla pieszych,Pochmurno,Światło dzienne,Najechanie na pieszego,1,0,0,Nieokreślone (puste pole),N,,,,,,,,,,
EWK-99271170P,2015,2015-10-23,8,POWIAT MŁAWSKI,MŁAWA - OBSZAR MIEJSKI,Droga powiatowa,P2370W,Jednojezdniowa dwukierunkowa,,Obszar zabudowany,20.3661944444444,53.1151944444444,Przejście dla pieszych,Pochmurno,Światło dzienne,Najechanie na pieszego,1,0,1,Lekko,N,,,,,,,,,,
EWK-99271170P,2015,2015-10-23,8,POWIAT MŁAWSKI,MŁAWA - OBSZAR MIEJSKI,Droga powiatowa,P2370W,Jednojezdniowa dwukierunkowa,,Obszar zabudowany,20.3661944444444,53.1151944444444,Przejście dla pieszych,Pochmurno,Światło dzienne,Najechanie na pieszego,1,1,0,Nieokreślone (puste pole),N,,,,,,,,,,
EWK-99378285Y,2015,2015-12-03,8,POWIAT RADOM,RADOM - OBSZAR MIEJSKI,Droga powiatowa,P5347W,Dwie jezdnie jednokierunkowe,,Obszar zabudowany,21.1709722222222,51.3995833333333,Przejście dla pieszych,Pochmurno,Światło dzienne,Najechanie na pieszego,1,0,1,Ciężko,N,,,,,,,,,,
EWK-99378285Y,2015,2015-12-03,8,POWIAT RADOM,RADOM - OBSZAR MIEJSKI,Droga powiatowa,P5347W,Dwie jezdnie jednokierunkowe,,Obszar zabudowany,21.1709722222222,51.3995833333333,Przejście dla pieszych,Pochmurno,Światło dzienne,Najechanie na pieszego,1,0,0,Nieokreślone (puste pole),N,,,,,,,,,,
EWK-103574908E,2015,2015-12-16,14,POWIAT CIECHANOWSKI,CIECHANÓW - OBSZAR MIEJSKI,Droga krajowa,60,Jednojezdniowa dwukierunkowa,Odcinek prosty,Obszar zabudowany,20.6028888888889,52.8706944444444,"Wjazd, wyjazd z posesji, pola",Pochmurno,Światło dzienne,Najechanie na pieszego,1,1,0,Nieokreślone (puste pole),N,,,,,,,,,,
EWK-98749321J,2015,2015-01-22,22,POWIAT OSTROŁĘCKI,RZEKUŃ - OBSZAR WIEJSKI,Droga powiatowa,4403W,Jednojezdniowa dwukierunkowa,Odcinek prosty,Obszar niezabudowany,21.5902777777778,53.0314166666667,Jezdnia,"Pochmurno; Opady śniegu, gradu",Noc - droga nieoświetlona,Najechanie na pieszego,1,0,1,Lekko,N,,,,,,,,,,
EWK-98749321J,2015,2015-01-22,22,POWIAT OSTROŁĘCKI,RZEKUŃ - OBSZAR WIEJSKI,Droga powiatowa,4403W,Jednojezdniowa dwukierunkowa,Odcinek prosty,Obszar niezabudowany,21.5902777777778,53.0314166666667,Jezdnia,"Pochmurno; Opady śniegu, gradu",Noc - droga nieoświetlona,Najechanie na pieszego,1,0,0,Nieokreślone (puste pole),N,,,,,,,,,,
EWK-103506834G,2015,2015-12-06,16,POWIAT WYSZKOWSKI,RZĄŚNIK - OBSZAR WIEJSKI,Droga powiatowa,P2648W,Jednojezdniowa dwukierunkowa,Odcinek prosty,Obszar niezabudowany,21.3535555555556,52.75575,Jezdnia,Silny wiatr,Noc - droga nieoświetlona,Najechanie na pieszego,1,0,1,Ciężko,T,,,,,,,,,,
EWK-103506834G,2015,2015-12-06,16,POWIAT WYSZKOWSKI,RZĄŚNIK - OBSZAR WIEJSKI,Droga powiatowa,P2648W,Jednojezdniowa dwukierunkowa,Odcinek prosty,Obszar niezabudowany,21.3535555555556,52.75575,Jezdnia,Silny wiatr,Noc - droga nieoświetlona,Najechanie na pieszego,1,0,0,Nieokreślone (puste pole),T,,,,,,,,,,
EWK-98717778F,2015,2015-01-10,22,POWIAT GRÓJECKI,CHYNÓW - OBSZAR WIEJSKI,Droga powiatowa,P,Jednojezdniowa dwukierunkowa,Odcinek prosty,Obszar niezabudowany,21.0607777777778,51.8986111111111,Jezdnia,Silny wiatr,Noc - droga nieoświetlona,Najechanie na pieszego,1,0,1,Ciężko,N,,,,,,,,,,
EWK-98717778F,2015,2015-01-10,22,POWIAT GRÓJECKI,CHYNÓW - OBSZAR WIEJSKI,Droga powiatowa,P,Jednojezdniowa dwukierunkowa,Odcinek prosty,Obszar niezabudowany,21.0607777777778,51.8986111111111,Jezdnia,Silny wiatr,Noc - droga nieoświetlona,Najechanie na pieszego,1,0,0,Nieokreślone (puste pole),N,,,,,,,,,,
EWK-103706009A,2015,2015-12-13,17,POWIAT GARWOLIŃSKI,ŻELECHÓW - OBSZAR MIEJSKI,Droga wojewódzka,807,Jednojezdniowa dwukierunkowa,,Obszar zabudowany,21.9034444444444,51.8091111111111,Przejście dla pieszych,Silny wiatr,Noc - droga nieoświetlona,Najechanie na pieszego,1,0,1,Ciężko,N,,,,,,,,,,
EWK-103706009A,2015,2015-12-13,17,POWIAT GARWOLIŃSKI,ŻELECHÓW - OBSZAR MIEJSKI,Droga wojewódzka,807,Jednojezdniowa dwukierunkowa,,Obszar zabudowany,21.9034444444444,51.8091111111111,Przejście dla pieszych,Silny wiatr,Noc - droga nieoświetlona,Najechanie na pieszego,1,0,0,Nieokreślone (puste pole),N,,,,,,,,,,
EWK-99328747J,2015,2015-11-14,18,POWIAT SOKOŁOWSKI,CERANÓW - OBSZAR WIEJSKI,Droga krajowa,63,Jednojezdniowa dwukierunkowa,Odcinek prosty,Obszar zabudowany,22.2990555555556,52.6606944444445,Jezdnia,Silny wiatr,"Zmrok, świt",Najechanie na pieszego,1,0,1,Lekko,N,,,,,,,,,,
EWK-99328747J,2015,2015-11-14,18,POWIAT SOKOŁOWSKI,CERANÓW - OBSZAR WIEJSKI,Droga krajowa,63,Jednojezdniowa dwukierunkowa,Odcinek prosty,Obszar zabudowany,22.2990555555556,52.6606944444445,Jezdnia,Silny wiatr,"Zmrok, świt",Najechanie na pieszego,1,0,0,Nieokreślone (puste pole),N,,,,,,,,,,
EWK-103940928E,2016,2016-02-26,20,POWIAT OSTROŁĘKA,OSTROŁĘKA - OBSZAR MIEJSKI,Droga krajowa,61,Jednojezdniowa dwukierunkowa,Odcinek prosty,Obszar zabudowany,21.6225277777778,53.1110833333333,Przejście dla pieszych,Dobre warunki atmosferyczne,Noc - droga oświetlona,Inne,1,0,1,Lekko,N,,,,,,,,,,
EWK-103940928E,2016,2016-02-26,20,POWIAT OSTROŁĘKA,OSTROŁĘKA - OBSZAR MIEJSKI,Droga krajowa,61,Jednojezdniowa dwukierunkowa,Odcinek prosty,Obszar zabudowany,21.6225277777778,53.1110833333333,Przejście dla pieszych,Dobre warunki atmosferyczne,Noc - droga oświetlona,Inne,1,0,0,Nieokreślone (puste pole),N,,,,,,,,,,
EWK-104224889L,2016,2016-04-22,12,POWIAT OSTROŁĘCKI,CZARNIA - OBSZAR WIEJSKI,Droga powiatowa,2510W,Jednojezdniowa dwukierunkowa,Odcinek prosty,Obszar zabudowany,21.1424166666667,53.3298333333333,Jezdnia,Dobre warunki atmosferyczne,Światło dzienne,Inne,1,0,1,Lekko,N,,,,,,,,,,
EWK-104224889L,2016,2016-04-22,12,POWIAT OSTROŁĘCKI,CZARNIA - OBSZAR WIEJSKI,Droga powiatowa,2510W,Jednojezdniowa dwukierunkowa,Odcinek prosty,Obszar zabudowany,21.1424166666667,53.3298333333333,Jezdnia,Dobre warunki atmosferyczne,Światło dzienne,Inne,1,0,0,Nieokreślone (puste pole),N,,,,,,,,,,
EWK-105293981H,2016,2016-12-12,12,POWIAT MŁAWSKI,MŁAWA - OBSZAR MIEJSKI,Nieokreślone (puste pole),,Jednojezdniowa dwukierunkowa,Odcinek prosty,Obszar zabudowany,20.6102777777778,53.2040277777778,"Parking, plac, MOP",Dobre warunki atmosferyczne,Światło dzienne,Inne,1,0,1,Lekko,N,,,,,,,,,,
EWK-105293981H,2016,2016-12-12,12,POWIAT MŁAWSKI,MŁAWA - OBSZAR MIEJSKI,Nieokreślone (puste pole),,Jednojezdniowa dwukierunkowa,Odcinek prosty,Obszar zabudowany,20.6102777777778,53.2040277777778,"Parking, plac, MOP",Dobre warunki atmosferyczne,Światło dzienne,Inne,1,0,0,Nieokreślone (puste pole),N,,,,,,,,,,
EWK-104743116M,2016,2016-08-16,21,POWIAT ŻYRARDOWSKI,ŻYRARDÓW - OBSZAR MIEJSKI,Nieokreślone (puste pole),,Jednojezdniowa dwukierunkowa,Odcinek prosty,Obszar zabudowany,20.4299722222222,52.0700555555556,"Chodnik, droga dla pieszych",Dobre warunki atmosferyczne,Noc - droga nieoświetlona,Najechanie na pieszego,1,0,1,Lekko,T,,,,,,,,,,
EWK-104743116M,2016,2016-08-16,21,POWIAT ŻYRARDOWSKI,ŻYRARDÓW - OBSZAR MIEJSKI,Nieokreślone (puste pole),,Jednojezdniowa dwukierunkowa,Odcinek prosty,Obszar zabudowany,20.4299722222222,52.0700555555556,"Chodnik, droga dla pieszych",Dobre warunki atmosferyczne,Noc - droga nieoświetlona,Najechanie na pieszego,1,0,0,Nieokreślone (puste pole),T,,,,,,,,,,
EWK-103766027D,2016,2016-01-17,17,POWIAT OSTROWSKI,STARY LUBOTYŃ - OBSZAR WIEJSKI,Droga wojewódzka,677,Jednojezdniowa dwukierunkowa,,Obszar niezabudowany,21.8941111111111,52.9378055555556,Jezdnia,Dobre warunki atmosferyczne,Noc - droga nieoświetlona,Najechanie na pieszego,1,1,0,Nieokreślone (puste pole),N,,,,,,,,,,
EWK-103847384F,2016,2016-02-04,18,POWIAT WĘGROWSKI,MIEDZNA - OBSZAR WIEJSKI,Droga powiatowa,36149W,Jednojezdniowa dwukierunkowa,Odcinek prosty,Obszar niezabudowany,22.1031388888889,52.4595555555556,Jezdnia,Dobre warunki atmosferyczne,Noc - droga nieoświetlona,Najechanie na pieszego,1,0,1,Lekko,T,,,,,,,,,,
EWK-103847384F,2016,2016-02-04,18,POWIAT WĘGROWSKI,MIEDZNA - OBSZAR WIEJSKI,Droga powiatowa,36149W,Jednojezdniowa dwukierunkowa,Odcinek prosty,Obszar niezabudowany,22.1031388888889,52.4595555555556,Jezdnia,Dobre warunki atmosferyczne,Noc - droga nieoświetlona,Najechanie na pieszego,1,0,0,Nieokreślone (puste pole),T,,,,,,,,,,
EWK-103851623E,2016,2016-02-05,18,POWIAT MAKOWSKI,PŁONIAWY-BRAMURA - OBSZAR WIEJSKI,Droga powiatowa,3236W,Jednojezdniowa dwukierunkowa,Odcinek prosty,Obszar zabudowany,21.0470833333333,53.0133888888889,Jezdnia,Dobre warunki atmosferyczne,Noc - droga nieoświetlona,Najechanie na pieszego,1,0,1,Lekko,N,,,,,,,,,,
EWK-103851623E,2016,2016-02-05,18,POWIAT MAKOWSKI,PŁONIAWY-BRAMURA - OBSZAR WIEJSKI,Droga powiatowa,3236W,Jednojezdniowa dwukierunkowa,Odcinek prosty,Obszar zabudowany,21.0470833333333,53.0133888888889,Jezdnia,Dobre warunki atmosferyczne,Noc - droga nieoświetlona,Najechanie na pieszego,1,0,0,Nieokreślone (puste pole),N,,,,,,,,,,
EWK-103923610K,2016,2016-02-24,18,POWIAT PŁOCKI,MAŁA WIEŚ - OBSZAR WIEJSKI,Droga powiatowa,P2952W,Jednojezdniowa dwukierunkowa,Odcinek prosty,Obszar niezabudowany,20.108,52.4470833333333,Jezdnia,Dobre warunki atmosferyczne,Noc - droga nieoświetlona,Najechanie na pieszego,1,0,1,Ciężko,T,,,,,,,,,,
EWK-103923610K,2016,2016-02-24,18,POWIAT PŁOCKI,MAŁA WIEŚ - OBSZAR WIEJSKI,Droga powiatowa,P2952W,Jednojezdniowa dwukierunkowa,Odcinek prosty,Obszar niezabudowany,20.108,52.4470833333333,Jezdnia,Dobre warunki atmosferyczne,Noc - droga nieoświetlona,Najechanie na pieszego,1,0,0,Nieokreślone (puste pole),T,,,,,,,,,,
EWK-103997546H,2016,2016-03-04,20,POWIAT RADOMSKI,GÓZD - OBSZAR WIEJSKI,Droga krajowa,12,Jednojezdniowa dwukierunkowa,Odcinek prosty,Obszar niezabudowany,21.2722222222222,51.3943055555556,Jezdnia,Dobre warunki atmosferyczne,Noc - droga nieoświetlona,Najechanie na pieszego,1,1,0,Nieokreślone (puste pole),N,,,,,,,,,,
EWK-104058848N,2016,2016-03-18,22,POWIAT PŁOŃSKI,PŁOŃSK - OBSZAR WIEJSKI,Droga krajowa,7,Jednojezdniowa dwukierunkowa,Odcinek prosty,Obszar niezabudowany,20.3789444444444,52.6533055555556,Jezdnia,Dobre warunki atmosferyczne,Noc - droga nieoświetlona,Najechanie na pieszego,1,1,0,Nieokreślone (puste pole),T,,,,,,,,,,
EWK-104066516X,2016,2016-03-22,20,POWIAT PŁOCKI,STARA BIAŁA - OBSZAR WIEJSKI,Droga wojewódzka,559,Jednojezdniowa dwukierunkowa,Odcinek prosty,Obszar niezabudowany,19.6144166666667,52.597,Jezdnia,Dobre warunki atmosferyczne,Noc - droga nieoświetlona,Najechanie na pieszego,1,0,1,Lekko,T,,,,,,,,,,
EWK-104066516X,2016,2016-03-22,20,POWIAT PŁOCKI,STARA BIAŁA - OBSZAR WIEJSKI,Droga wojewódzka,559,Jednojezdniowa dwukierunkowa,Odcinek prosty,Obszar niezabudowany,19.6144166666667,52.597,Jezdnia,Dobre warunki atmosferyczne,Noc - droga nieoświetlona,Najechanie na pieszego,1,0,0,Nieokreślone (puste pole),T,,,,,,,,,,
EWK-104094417A,2016,2016-03-29,1,POWIAT SIERPECKI,SIERPC - OBSZAR WIEJSKI,Droga krajowa,10,Jednojezdniowa dwukierunkowa,"Zakręt, łuk",Obszar zabudowany,19.7736944444444,52.8233055555556,Jezdnia,Dobre warunki atmosferyczne,Noc - droga nieoświetlona,Najechanie na pieszego,1,1,0,Nieokreślone (puste pole),N,,,,,,,,,,
EWK-104229491Q,2016,2016-04-23,20,POWIAT RADOMSKI,WOLANÓW - OBSZAR WIEJSKI,Droga krajowa,12,Jednojezdniowa dwukierunkowa,Odcinek prosty,Obszar zabudowany,21.0585277777778,51.3955555555556,Jezdnia,Dobre warunki atmosferyczne,Noc - droga nieoświetlona,Najechanie na pieszego,1,0,1,Ciężko,N,,,,,,,,,,
EWK-104229491Q,2016,2016-04-23,20,POWIAT RADOMSKI,WOLANÓW - OBSZAR WIEJSKI,Droga krajowa,12,Jednojezdniowa dwukierunkowa,Odcinek prosty,Obszar zabudowany,21.0585277777778,51.3955555555556,Jezdnia,Dobre warunki atmosferyczne,Noc - droga nieoświetlona,Najechanie na pieszego,1,0,0,Nieokreślone (puste pole),N,,,,,,,,,,
EWK-104242386H,2016,2016-04-30,20,POWIAT KOZIENICKI,KOZIENICE - OBSZAR WIEJSKI,Droga wojewódzka,737,Jednojezdniowa dwukierunkowa,Odcinek prosty,Obszar niezabudowany,21.5275,51.5626388888889,Jezdnia,Dobre warunki atmosferyczne,Noc - droga nieoświetlona,Najechanie na pieszego,1,1,0,Nieokreślone (puste pole),N,,,,,,,,,,
EWK-104258886C,2016,2016-05-01,21,POWIAT RADOMSKI,JEDLNIA-LETNISKO - OBSZAR WIEJSKI,Droga gminna,GMINNA,Jednojezdniowa dwukierunkowa,Odcinek prosty,Obszar zabudowany,21.2545277777778,51.4149166666667,Jezdnia,Dobre warunki atmosferyczne,Noc - droga nieoświetlona,Najechanie na pieszego,1,0,1,Lekko,N,,,,,,,,,,
EWK-104258886C,2016,2016-05-01,21,POWIAT RADOMSKI,JEDLNIA-LETNISKO - OBSZAR WIEJSKI,Droga gminna,GMINNA,Jednojezdniowa dwukierunkowa,Odcinek prosty,Obszar zabudowany,21.2545277777778,51.4149166666667,Jezdnia,Dobre warunki atmosferyczne,Noc - droga nieoświetlona,Najechanie na pieszego,1,0,0,Nieokreślone (puste pole),N,,,,,,,,,,
EWK-104272994U,2016,2016-05-06,20,POWIAT BIAŁOBRZESKI,BIAŁOBRZEGI - OBSZAR WIEJSKI,Droga krajowa,S7,Ekspresowa,Odcinek prosty,Obszar niezabudowany,20.9734722222222,51.62225,Jezdnia,Dobre warunki atmosferyczne,Noc - droga nieoświetlona,Najechanie na pieszego,1,1,0,Nieokreślone (puste pole),N,,,,,,,,,,
EWK-104273014T,2016,2016-05-06,20,POWIAT BIAŁOBRZESKI,BIAŁOBRZEGI - OBSZAR WIEJSKI,Droga krajowa,S7,Ekspresowa,Odcinek prosty,Obszar niezabudowany,20.9733333333333,51.6222222222222,Jezdnia,Dobre warunki atmosferyczne,Noc - droga nieoświetlona,Najechanie na pieszego,1,1,0,Nieokreślone (puste pole),N,,,,,,,,,,
EWK-104302439H,2016,2016-05-13,22,POWIAT WĘGROWSKI,ŁOCHÓW - OBSZAR WIEJSKI,Droga krajowa,50,Jednojezdniowa dwukierunkowa,Odcinek prosty,Obszar niezabudowany,21.7488888888889,52.5584166666667,Jezdnia,Dobre warunki atmosferyczne,Noc - droga nieoświetlona,Najechanie na pieszego,1,1,0,Nieokreślone (puste pole),N,,,,,,,,,,
EWK-104314055Q,2016,2016-05-13,21,POWIAT CIECHANOWSKI,GLINOJECK - OBSZAR WIEJSKI,Droga krajowa,60,Jednojezdniowa dwukierunkowa,Odcinek prosty,Obszar niezabudowany,20.3306666666667,52.8235833333333,Jezdnia,Dobre warunki atmosferyczne,Noc - droga nieoświetlona,Najechanie na pieszego,1,0,1,Ciężko,T,,,,,,,,,,
EWK-104314055Q,2016,2016-05-13,21,POWIAT CIECHANOWSKI,GLINOJECK - OBSZAR WIEJSKI,Droga krajowa,60,Jednojezdniowa dwukierunkowa,Odcinek prosty,Obszar niezabudowany,20.3306666666667,52.8235833333333,Jezdnia,Dobre warunki atmosferyczne,Noc - droga nieoświetlona,Najechanie na pieszego,1,0,0,Nieokreślone (puste pole),T,,,,,,,,,,
EWK-104314430G,2016,2016-05-18,2,POWIAT GOSTYNIŃSKI,GOSTYNIN - OBSZAR WIEJSKI,Droga wojewódzka,265,Jednojezdniowa dwukierunkowa,Odcinek prosty,Obszar niezabudowany,19.3751388888889,52.4564722222222,Jezdnia,Dobre warunki atmosferyczne,Noc - droga nieoświetlona,Najechanie na pieszego,1,0,1,Ciężko,T,,,,,,,,,,