IDKSIP,year,date,hour,district,district_commune,road_category,road_number,type_of_road,road_geometry,area,Longitude,Latitude,char_place_of_the_event,weather_conditions,lighting,type_of_accident,num_of_accidents,num_of_fatalities,num_of_injured,type_of_injury,is_offender_intoxicated,,,,,,,,,,
EWK-104314430G,2016,2016-05-18,2,POWIAT GOSTYNIŃSKI,GOSTYNIN - OBSZAR WIEJSKI,Droga wojewódzka,265,Jednojezdniowa dwukierunkowa,Odcinek prosty,Obszar niezabudowany,19.3751388888889,52.4564722222222,Jezdnia,Dobre warunki atmosferyczne,Noc - droga nieoświetlona,Najechanie na pieszego,1,0,0,Nieokreślone (puste pole),T,,,,,,,,,,
EWK-104342055X,2016,2016-05-23,22,POWIAT KOZIENICKI,KOZIENICE - OBSZAR WIEJSKI,Droga krajowa,79,Jednojezdniowa dwukierunkowa,,Obszar niezabudowany,21.5580277777778,51.5423055555556,Jezdnia,Dobre warunki atmosferyczne,Noc - droga nieoświetlona,Najechanie na pieszego,1,1,0,Nieokreślone (puste pole),N,,,,,,,,,,
EWK-104342926F,2016,2016-05-22,0,POWIAT SOCHACZEWSKI,TERESIN - OBSZAR WIEJSKI,Droga krajowa,92,Jednojezdniowa dwukierunkowa,Odcinek prosty,Obszar zabudowany,20.4233888888889,52.21275,Jezdnia,Dobre warunki atmosferyczne,Noc - droga nieoświetlona,Najechanie na pieszego,1,0,1,Lekko,N,,,,,,,,,,
EWK-104342926F,2016,2016-05-22,0,POWIAT SOCHACZEWSKI,TERESIN - OBSZAR WIEJSKI,Droga krajowa,92,Jednojezdniowa dwukierunkowa,Odcinek prosty,Obszar zabudowany,20.4233888888889,52.21275,Jezdnia,Dobre warunki atmosferyczne,Noc - droga nieoświetlona,Najechanie na pieszego,1,0,0,Nieokreślone (puste pole),N,,,,,,,,,,
EWK-104397150K,2016,2016-05-08,2,POWIAT SZYDŁOWIECKI,SZYDŁOWIEC - OBSZAR WIEJSKI,Droga krajowa,7,Jednojezdniowa dwukierunkowa,Odcinek prosty,Obszar zabudowany,20.8989166666667,51.2556944444444,Jezdnia,Dobre warunki atmosferyczne,Noc - droga nieoświetlona,Najechanie na pieszego,1,0,1,Lekko,N,,,,,,,,,,
EWK-104397150K,2016,2016-05-08,2,POWIAT SZYDŁOWIECKI,SZYDŁOWIEC - OBSZAR WIEJSKI,Droga krajowa,7,Jednojezdniowa dwukierunkowa,Odcinek prosty,Obszar zabudowany,20.8989166666667,51.2556944444444,Jezdnia,Dobre warunki atmosferyczne,Noc - droga nieoświetlona,Najechanie na pieszego,1,0,0,Nieokreślone (puste pole),N,,,,,,,,,,
EWK-104463497Y,2016,2016-06-12,21,POWIAT SOKOŁOWSKI,KOSÓW LACKI - OBSZAR WIEJSKI,Droga wojewódzka,695,Jednojezdniowa dwukierunkowa,,Obszar niezabudowany,22.1710277777778,52.5942222222222,Jezdnia,Dobre warunki atmosferyczne,Noc - droga nieoświetlona,Najechanie na pieszego,1,0,1,Lekko,T,,,,,,,,,,
EWK-104463497Y,2016,2016-06-12,21,POWIAT SOKOŁOWSKI,KOSÓW LACKI - OBSZAR WIEJSKI,Droga wojewódzka,695,Jednojezdniowa dwukierunkowa,,Obszar niezabudowany,22.1710277777778,52.5942222222222,Jezdnia,Dobre warunki atmosferyczne,Noc - droga nieoświetlona,Najechanie na pieszego,1,0,0,Nieokreślone (puste pole),T,,,,,,,,,,
EWK-104621205J,2016,2016-07-16,22,POWIAT SIERPECKI,ZAWIDZ - OBSZAR WIEJSKI,Droga krajowa,10,Jednojezdniowa dwukierunkowa,Odcinek prosty,Obszar niezabudowany,19.9318611111111,52.7907222222222,Jezdnia,Dobre warunki atmosferyczne,Noc - droga nieoświetlona,Najechanie na pieszego,1,0,1,Ciężko,N,,,,,,,,,,
EWK-104621205J,2016,2016-07-16,22,POWIAT SIERPECKI,ZAWIDZ - OBSZAR WIEJSKI,Droga krajowa,10,Jednojezdniowa dwukierunkowa,Odcinek prosty,Obszar niezabudowany,19.9318611111111,52.7907222222222,Jezdnia,Dobre warunki atmosferyczne,Noc - droga nieoświetlona,Najechanie na pieszego,1,0,0,Nieokreślone (puste pole),N,,,,,,,,,,
EWK-104684918A,2016,2016-07-18,22,POWIAT GARWOLIŃSKI,MACIEJOWICE - OBSZAR WIEJSKI,Droga gminna,GMINNA,Jednojezdniowa dwukierunkowa,"Zakręt, łuk",Obszar zabudowany,21.5789444444444,51.678,Jezdnia,Dobre warunki atmosferyczne,Noc - droga nieoświetlona,Najechanie na pieszego,1,0,1,Lekko,N,,,,,,,,,,
EWK-104684918A,2016,2016-07-18,22,POWIAT GARWOLIŃSKI,MACIEJOWICE - OBSZAR WIEJSKI,Droga gminna,GMINNA,Jednojezdniowa dwukierunkowa,"Zakręt, łuk",Obszar zabudowany,21.5789444444444,51.678,Jezdnia,Dobre warunki atmosferyczne,Noc - droga nieoświetlona,Najechanie na pieszego,1,0,0,Nieokreślone (puste pole),N,,,,,,,,,,
EWK-104708612D,2016,2016-08-06,21,POWIAT PUŁTUSKI,POKRZYWNICA - OBSZAR WIEJSKI,Droga powiatowa,P3401W,Jednojezdniowa dwukierunkowa,Odcinek prosty,Obszar niezabudowany,21.0253055555556,52.62475,Jezdnia,Dobre warunki atmosferyczne,Noc - droga nieoświetlona,Najechanie na pieszego,1,0,1,Ciężko,T,,,,,,,,,,
EWK-104708612D,2016,2016-08-06,21,POWIAT PUŁTUSKI,POKRZYWNICA - OBSZAR WIEJSKI,Droga powiatowa,P3401W,Jednojezdniowa dwukierunkowa,Odcinek prosty,Obszar niezabudowany,21.0253055555556,52.62475,Jezdnia,Dobre warunki atmosferyczne,Noc - droga nieoświetlona,Najechanie na pieszego,1,0,0,Nieokreślone (puste pole),T,,,,,,,,,,
EWK-104746243U,2016,2016-08-19,1,POWIAT RADOMSKI,KOWALA - OBSZAR WIEJSKI,Droga powiatowa,P3557W,Jednojezdniowa dwukierunkowa,Odcinek prosty,Obszar niezabudowany,21.0634722222222,51.3140555555556,Jezdnia,Dobre warunki atmosferyczne,Noc - droga nieoświetlona,Najechanie na pieszego,1,1,0,Nieokreślone (puste pole),N,,,,,,,,,,
EWK-104783443Y,2016,2016-08-28,20,POWIAT BIAŁOBRZESKI,RADZANÓW - OBSZAR WIEJSKI,Droga powiatowa,P1115W,Jednojezdniowa dwukierunkowa,Odcinek prosty,Obszar niezabudowany,20.8603055555556,51.5734444444445,Jezdnia,Dobre warunki atmosferyczne,Noc - droga nieoświetlona,Najechanie na pieszego,1,1,0,Nieokreślone (puste pole),N,,,,,,,,,,
EWK-104809367D,2016,2016-08-10,3,POWIAT GARWOLIŃSKI,MACIEJOWICE - OBSZAR WIEJSKI,Droga wojewódzka,801,Jednojezdniowa dwukierunkowa,Odcinek prosty,Obszar niezabudowany,21.5095277777778,51.7226111111111,Jezdnia,Dobre warunki atmosferyczne,Noc - droga nieoświetlona,Najechanie na pieszego,1,1,0,Nieokreślone (puste pole),N,,,,,,,,,,
EWK-104820822X,2016,2016-09-06,22,POWIAT PRZASNYSKI,PRZASNYSZ - OBSZAR WIEJSKI,Droga wojewódzka,617,Jednojezdniowa dwukierunkowa,Odcinek prosty,Obszar niezabudowany,20.8548333333333,52.9943333333333,Jezdnia,Dobre warunki atmosferyczne,Noc - droga nieoświetlona,Najechanie na pieszego,1,0,1,Ciężko,N,,,,,,,,,,
EWK-104820822X,2016,2016-09-06,22,POWIAT PRZASNYSKI,PRZASNYSZ - OBSZAR WIEJSKI,Droga wojewódzka,617,Jednojezdniowa dwukierunkowa,Odcinek prosty,Obszar niezabudowany,20.8548333333333,52.9943333333333,Jezdnia,Dobre warunki atmosferyczne,Noc - droga nieoświetlona,Najechanie na pieszego,1,0,0,Nieokreślone (puste pole),N,,,,,,,,,,
EWK-104849413D,2016,2016-09-14,20,POWIAT MAKOWSKI,KRASNOSIELC - OBSZAR WIEJSKI,Droga powiatowa,2132W,Jednojezdniowa dwukierunkowa,Odcinek prosty,Obszar niezabudowany,21.1698055555556,53.0245277777778,Jezdnia,Dobre warunki atmosferyczne,Noc - droga nieoświetlona,Najechanie na pieszego,1,0,1,Ciężko,T,,,,,,,,,,
EWK-104849413D,2016,2016-09-14,20,POWIAT MAKOWSKI,KRASNOSIELC - OBSZAR WIEJSKI,Droga powiatowa,2132W,Jednojezdniowa dwukierunkowa,Odcinek prosty,Obszar niezabudowany,21.1698055555556,53.0245277777778,Jezdnia,Dobre warunki atmosferyczne,Noc - droga nieoświetlona,Najechanie na pieszego,1,0,1,Lekko,T,,,,,,,,,,
EWK-104872414K,2016,2016-09-25,22,POWIAT BIAŁOBRZESKI,STARA BŁOTNICA - OBSZAR WIEJSKI,Droga powiatowa,P,Jednojezdniowa dwukierunkowa,Odcinek prosty,Obszar niezabudowany,20.9931666666667,51.5930277777778,Jezdnia,Dobre warunki atmosferyczne,Noc - droga nieoświetlona,Najechanie na pieszego,1,1,0,Nieokreślone (puste pole),N,,,,,,,,,,
EWK-104880521F,2016,2016-09-29,21,POWIAT PŁOCKI,STARA BIAŁA - OBSZAR WIEJSKI,Droga wojewódzka,540,Jednojezdniowa dwukierunkowa,Odcinek prosty,Obszar niezabudowany,19.6593888888889,52.6477777777778,Jezdnia,Dobre warunki atmosferyczne,Noc - droga nieoświetlona,Najechanie na pieszego,1,1,0,Nieokreślone (puste pole),N,,,,,,,,,,
EWK-104882247T,2016,2016-09-23,20,POWIAT LIPSKI,CIEPIELÓW - OBSZAR WIEJSKI,Droga powiatowa,P1913W,Jednojezdniowa dwukierunkowa,Odcinek prosty,Obszar zabudowany,21.6734722222222,51.2709722222222,Jezdnia,Dobre warunki atmosferyczne,Noc - droga nieoświetlona,Najechanie na pieszego,1,0,1,Lekko,N,,,,,,,,,,
EWK-104882247T,2016,2016-09-23,20,POWIAT LIPSKI,CIEPIELÓW - OBSZAR WIEJSKI,Droga powiatowa,P1913W,Jednojezdniowa dwukierunkowa,Odcinek prosty,Obszar zabudowany,21.6734722222222,51.2709722222222,Jezdnia,Dobre warunki atmosferyczne,Noc - droga nieoświetlona,Najechanie na pieszego,1,0,0,Nieokreślone (puste pole),N,,,,,,,,,,
EWK-104887989D,2016,2016-09-30,20,POWIAT SIEDLECKI,KOTUŃ - OBSZAR WIEJSKI,Droga krajowa,2,Jednojezdniowa dwukierunkowa,Odcinek prosty,Obszar niezabudowany,22.115,52.1879166666667,Jezdnia,Dobre warunki atmosferyczne,Noc - droga nieoświetlona,Najechanie na pieszego,1,0,1,Ciężko,T,,,,,,,,,,
EWK-104887989D,2016,2016-09-30,20,POWIAT SIEDLECKI,KOTUŃ - OBSZAR WIEJSKI,Droga krajowa,2,Jednojezdniowa dwukierunkowa,Odcinek prosty,Obszar niezabudowany,22.115,52.1879166666667,Jezdnia,Dobre warunki atmosferyczne,Noc - droga nieoświetlona,Najechanie na pieszego,1,0,0,Nieokreślone (puste pole),T,,,,,,,,,,
EWK-104890383Y,2016,2016-09-26,20,POWIAT GARWOLIŃSKI,PARYSÓW - OBSZAR WIEJSKI,Droga wojewódzka,805,Jednojezdniowa dwukierunkowa,Odcinek prosty,Obszar niezabudowany,21.6809166666667,51.9695277777778,Jezdnia,Dobre warunki atmosferyczne,Noc - droga nieoświetlona,Najechanie na pieszego,1,0,1,Ciężko,N,,,,,,,,,,
EWK-104890383Y,2016,2016-09-26,20,POWIAT GARWOLIŃSKI,PARYSÓW - OBSZAR WIEJSKI,Droga wojewódzka,805,Jednojezdniowa dwukierunkowa,Odcinek prosty,Obszar niezabudowany,21.6809166666667,51.9695277777778,Jezdnia,Dobre warunki atmosferyczne,Noc - droga nieoświetlona,Najechanie na pieszego,1,0,0,Nieokreślone (puste pole),N,,,,,,,,,,
EWK-104916673P,2016,2016-10-14,19,POWIAT GRÓJECKI,BŁĘDÓW - OBSZAR WIEJSKI,Droga powiatowa,P,Jednojezdniowa dwukierunkowa,Odcinek prosty,Obszar niezabudowany,20.7126111111111,51.7824444444444,Jezdnia,Dobre warunki atmosferyczne,Noc - droga nieoświetlona,Najechanie na pieszego,1,0,1,Ciężko,N,,,,,,,,,,
EWK-104916673P,2016,2016-10-14,19,POWIAT GRÓJECKI,BŁĘDÓW - OBSZAR WIEJSKI,Droga powiatowa,P,Jednojezdniowa dwukierunkowa,Odcinek prosty,Obszar niezabudowany,20.7126111111111,51.7824444444444,Jezdnia,Dobre warunki atmosferyczne,Noc - droga nieoświetlona,Najechanie na pieszego,1,0,0,Nieokreślone (puste pole),N,,,,,,,,,,
EWK-105002732W,2016,2016-11-06,2,POWIAT RADOMSKI,KOWALA - OBSZAR WIEJSKI,Droga wojewódzka,744,Jednojezdniowa dwukierunkowa,Odcinek prosty,Obszar niezabudowany,21.1145,51.2902222222222,Jezdnia,Dobre warunki atmosferyczne,Noc - droga nieoświetlona,Najechanie na pieszego,1,1,0,Nieokreślone (puste pole),N,,,,,,,,,,
EWK-105039111T,2016,2016-11-10,17,POWIAT PRZASNYSKI,PRZASNYSZ - OBSZAR WIEJSKI,Droga krajowa,57,Jednojezdniowa dwukierunkowa,Odcinek prosty,Obszar niezabudowany,20.8585277777778,53.0703611111111,Jezdnia,Dobre warunki atmosferyczne,Noc - droga nieoświetlona,Najechanie na pieszego,1,1,0,Nieokreślone (puste pole),N,,,,,,,,,,
EWK-105058642N,2016,2016-11-13,18,N,POWIAT BIAŁOBRZESKI, Spadek,731,Droga wojewódzka,Odcinek prosty,Obszar niezabudowany,20.9652222222222,51.6823055555556,Jezdnia,Dobre warunki atmosferyczne,Noc - droga nieoświetlona,Najechanie na pieszego,1,0,1,Lekko,Jednojezdniowa dwukierunkowa,,,,,,,,,,
EWK-105058642N,2016,2016-11-13,18,N,POWIAT BIAŁOBRZESKI, Spadek,731,Droga wojewódzka,Odcinek prosty,Obszar niezabudowany,20.9652222222222,51.6823055555556,Jezdnia,Dobre warunki atmosferyczne,Noc - droga nieoświetlona,Najechanie na pieszego,1,0,0,Nieokreślone (puste pole),Jednojezdniowa dwukierunkowa,,,,,,,,,,
EWK-105067679J,2016,2016-11-16,17,POWIAT GOSTYNIŃSKI,SZCZAWIN KOŚCIELNY - OBSZAR WIEJSKI,Droga powiatowa,P1457W,Jednojezdniowa dwukierunkowa,Odcinek prosty,Obszar niezabudowany,19.6373055555556,52.3366111111111,Jezdnia,Dobre warunki atmosferyczne,Noc - droga nieoświetlona,Najechanie na pieszego,1,0,1,Ciężko,N,,,,,,,,,,
EWK-105067679J,2016,2016-11-16,17,POWIAT GOSTYNIŃSKI,SZCZAWIN KOŚCIELNY - OBSZAR WIEJSKI,Droga powiatowa,P1457W,Jednojezdniowa dwukierunkowa,Odcinek prosty,Obszar niezabudowany,19.6373055555556,52.3366111111111,Jezdnia,Dobre warunki atmosferyczne,Noc - droga nieoświetlona,Najechanie na pieszego,1,0,0,Nieokreślone (puste pole),N,,,,,,,,,,
EWK-105124737Y,2016,2016-11-22,21,POWIAT ŁOSICKI,OLSZANKA - OBSZAR WIEJSKI,Droga gminna,G200311W,Jednojezdniowa dwukierunkowa,Odcinek prosty,Obszar zabudowany,22.6956111111111,52.1722222222222,Jezdnia,Dobre warunki atmosferyczne,Noc - droga nieoświetlona,Najechanie na pieszego,1,1,0,Nieokreślone (puste pole),N,,,,,,,,,,
EWK-105126794K,2016,2016-11-23,19,POWIAT CIECHANOWSKI,OPINOGÓRA GÓRNA - OBSZAR WIEJSKI,Droga wojewódzka,617,Jednojezdniowa dwukierunkowa,"Zakręt, łuk",Obszar niezabudowany,20.7459444444444,52.9598055555556,Jezdnia,Dobre warunki atmosferyczne,Noc - droga nieoświetlona,Najechanie na pieszego,1,1,0,Nieokreślone (puste pole),T,,,,,,,,,,
EWK-105131759G,2016,2016-11-26,17,POWIAT BIAŁOBRZESKI,RADZANÓW - OBSZAR WIEJSKI,Droga powiatowa,P1115W,Jednojezdniowa dwukierunkowa,Odcinek prosty,Obszar niezabudowany,20.8743055555556,51.5385555555556,Jezdnia,Dobre warunki atmosferyczne,Noc - droga nieoświetlona,Najechanie na pieszego,1,0,1,Lekko,N,,,,,,,,,,
EWK-105131759G,2016,2016-11-26,17,POWIAT BIAŁOBRZESKI,RADZANÓW - OBSZAR WIEJSKI,Droga powiatowa,P1115W,Jednojezdniowa dwukierunkowa,Odcinek prosty,Obszar niezabudowany,20.8743055555556,51.5385555555556,Jezdnia,Dobre warunki atmosferyczne,Noc - droga nieoświetlona,Najechanie na pieszego,1,0,0,Nieokreślone (puste pole),N,,,,,,,,,,
EWK-105131964C,2016,2016-11-27,19,POWIAT GARWOLIŃSKI,GARWOLIN - OBSZAR MIEJSKI,Droga powiatowa,31328W,Jednojezdniowa dwukierunkowa,Odcinek prosty,Obszar niezabudowany,21.6440555555556,51.8981388888889,Jezdnia,Dobre warunki atmosferyczne,Noc - droga nieoświetlona,Najechanie na pieszego,1,0,1,Lekko,N,,,,,,,,,,
EWK-105131964C,2016,2016-11-27,19,POWIAT GARWOLIŃSKI,GARWOLIN - OBSZAR MIEJSKI,Droga powiatowa,31328W,Jednojezdniowa dwukierunkowa,Odcinek prosty,Obszar niezabudowany,21.6440555555556,51.8981388888889,Jezdnia,Dobre warunki atmosferyczne,Noc - droga nieoświetlona,Najechanie na pieszego,1,0,0,Nieokreślone (puste pole),N,,,,,,,,,,
EWK-105305203Q,2016,2016-12-25,19,POWIAT PRZASNYSKI,CZERNICE BOROWE - OBSZAR WIEJSKI,Nieokreślone (puste pole),,Jednojezdniowa dwukierunkowa,Odcinek prosty,Obszar niezabudowany,20.8076944444444,52.99225,Jezdnia,Dobre warunki atmosferyczne,Noc - droga nieoświetlona,Najechanie na pieszego,1,1,0,Nieokreślone (puste pole),N,,,,,,,,,,
EWK-104511979G,2016,2016-06-19,0,POWIAT PŁOCKI,DROBIN - OBSZAR MIEJSKI,Inna,I2,Jednojezdniowa dwukierunkowa,Odcinek prosty,Obszar zabudowany,20.0064722222222,52.7444166666667,"Parking, plac, MOP",Dobre warunki atmosferyczne,Noc - droga nieoświetlona,Najechanie na pieszego,1,0,1,Lekko,N,,,,,,,,,,
EWK-104511979G,2016,2016-06-19,0,POWIAT PŁOCKI,DROBIN - OBSZAR MIEJSKI,Inna,I2,Jednojezdniowa dwukierunkowa,Odcinek prosty,Obszar zabudowany,20.0064722222222,52.7444166666667,"Parking, plac, MOP",Dobre warunki atmosferyczne,Noc - droga nieoświetlona,Najechanie na pieszego,1,0,0,Nieokreślone (puste pole),N,,,,,,,,,,
EWK-103922922L,2016,2016-02-21,20,POWIAT PŁOŃSKI,NOWE MIASTO - OBSZAR WIEJSKI,Droga wojewódzka,620,Jednojezdniowa dwukierunkowa,Odcinek prosty,Obszar niezabudowany,20.7076944444444,52.662,Pobocze,Dobre warunki atmosferyczne,Noc - droga nieoświetlona,Najechanie na pieszego,1,0,1,Ciężko,N,,,,,,,,,,
EWK-103922922L,2016,2016-02-21,20,POWIAT PŁOŃSKI,NOWE MIASTO - OBSZAR WIEJSKI,Droga wojewódzka,620,Jednojezdniowa dwukierunkowa,Odcinek prosty,Obszar niezabudowany,20.7076944444444,52.662,Pobocze,Dobre warunki atmosferyczne,Noc - droga nieoświetlona,Najechanie na pieszego,1,0,0,Nieokreślone (puste pole),N,,,,,,,,,,
EWK-105291682G,2016,2016-12-18,4,POWIAT WĘGROWSKI,KORYTNICA - OBSZAR WIEJSKI,Droga wojewódzka,W637,Jednojezdniowa dwukierunkowa,Odcinek prosty,Obszar niezabudowany,21.8263888888889,52.3733611111111,Pobocze,Dobre warunki atmosferyczne,Noc - droga nieoświetlona,Najechanie na pieszego,1,0,1,Lekko,N,,,,,,,,,,
EWK-105291682G,2016,2016-12-18,4,POWIAT WĘGROWSKI,KORYTNICA - OBSZAR WIEJSKI,Droga wojewódzka,W637,Jednojezdniowa dwukierunkowa,Odcinek prosty,Obszar niezabudowany,21.8263888888889,52.3733611111111,Pobocze,Dobre warunki atmosferyczne,Noc - droga nieoświetlona,Najechanie na pieszego,1,1,0,Nieokreślone (puste pole),N,,,,,,,,,,
EWK-104154249E,2016,2016-04-10,19,POWIAT PŁOCKI,STAROŹREBY - OBSZAR WIEJSKI,Droga krajowa,10,Jednojezdniowa dwukierunkowa,Odcinek prosty,Obszar zabudowany,20.0966111111111,52.6467777777778,Przejście dla pieszych,Dobre warunki atmosferyczne,Noc - droga nieoświetlona,Najechanie na pieszego,1,0,1,Ciężko,N,,,,,,,,,,
EWK-104154249E,2016,2016-04-10,19,POWIAT PŁOCKI,STAROŹREBY - OBSZAR WIEJSKI,Droga krajowa,10,Jednojezdniowa dwukierunkowa,Odcinek prosty,Obszar zabudowany,20.0966111111111,52.6467777777778,Przejście dla pieszych,Dobre warunki atmosferyczne,Noc - droga nieoświetlona,Najechanie na pieszego,1,0,0,Nieokreślone (puste pole),N,,,,,,,,,,
EWK-104197916N,2016,2016-04-19,21,POWIAT GRÓJECKI,CHYNÓW - OBSZAR WIEJSKI,Droga krajowa,50,Jednojezdniowa dwukierunkowa,Odcinek prosty,Obszar niezabudowany,21.1074444444444,51.9246666666667,Przejście dla pieszych,Dobre warunki atmosferyczne,Noc - droga nieoświetlona,Najechanie na pieszego,1,1,0,Nieokreślone (puste pole),N,,,,,,,,,,
EWK-103710949G,2016,2016-01-01,0,POWIAT WYSZKOWSKI,RZĄŚNIK - OBSZAR WIEJSKI,Droga powiatowa,2648W,Jednojezdniowa dwukierunkowa,Odcinek prosty,Obszar zabudowany,21.3611388888889,52.7648055555556,"Chodnik, droga dla pieszych",Dobre warunki atmosferyczne,Noc - droga oświetlona,Najechanie na pieszego,1,0,1,Lekko,N,,,,,,,,,,
EWK-103710949G,2016,2016-01-01,0,POWIAT WYSZKOWSKI,RZĄŚNIK - OBSZAR WIEJSKI,Droga powiatowa,2648W,Jednojezdniowa dwukierunkowa,Odcinek prosty,Obszar zabudowany,21.3611388888889,52.7648055555556,"Chodnik, droga dla pieszych",Dobre warunki atmosferyczne,Noc - droga oświetlona,Najechanie na pieszego,1,0,0,Nieokreślone (puste pole),N,,,,,,,,,,
EWK-103734195G,2016,2016-01-01,2,POWIAT RADOM,RADOM - OBSZAR MIEJSKI,Droga powiatowa,P5339W,Jednojezdniowa dwukierunkowa,Odcinek prosty,Obszar zabudowany,21.154,51.4048055555556,Jezdnia,Dobre warunki atmosferyczne,Noc - droga oświetlona,Najechanie na pieszego,1,0,1,Lekko,N,,,,,,,,,,
EWK-103734195G,2016,2016-01-01,2,POWIAT RADOM,RADOM - OBSZAR MIEJSKI,Droga powiatowa,P5339W,Jednojezdniowa dwukierunkowa,Odcinek prosty,Obszar zabudowany,21.154,51.4048055555556,Jezdnia,Dobre warunki atmosferyczne,Noc - droga oświetlona,Najechanie na pieszego,1,0,0,Nieokreślone (puste pole),N,,,,,,,,,,
EWK-103734301K,2016,2016-01-01,3,POWIAT RADOM,RADOM - OBSZAR MIEJSKI,Droga gminna,G530017W,Jednojezdniowa dwukierunkowa,Odcinek prosty,Obszar zabudowany,21.1144166666667,51.3952777777778,Jezdnia,Dobre warunki atmosferyczne,Noc - droga oświetlona,Najechanie na pieszego,1,0,1,Lekko,N,,,,,,,,,,
EWK-103734301K,2016,2016-01-01,3,POWIAT RADOM,RADOM - OBSZAR MIEJSKI,Droga gminna,G530017W,Jednojezdniowa dwukierunkowa,Odcinek prosty,Obszar zabudowany,21.1144166666667,51.3952777777778,Jezdnia,Dobre warunki atmosferyczne,Noc - droga oświetlona,Najechanie na pieszego,1,0,0,Nieokreślone (puste pole),N,,,,,,,,,,
EWK-103744006F,2016,2016-01-08,18,POWIAT RADOM,RADOM - OBSZAR MIEJSKI,Droga powiatowa,P1715W,Jednojezdniowa dwukierunkowa,Odcinek prosty,Obszar zabudowany,21.1901388888889,51.4426388888889,Jezdnia,Dobre warunki atmosferyczne,Noc - droga oświetlona,Najechanie na pieszego,1,0,1,Ciężko,N,,,,,,,,,,
EWK-103744006F,2016,2016-01-08,18,POWIAT RADOM,RADOM - OBSZAR MIEJSKI,Droga powiatowa,P1715W,Jednojezdniowa dwukierunkowa,Odcinek prosty,Obszar zabudowany,21.1901388888889,51.4426388888889,Jezdnia,Dobre warunki atmosferyczne,Noc - droga oświetlona,Najechanie na pieszego,1,0,0,Nieokreślone (puste pole),N,,,,,,,,,,
EWK-103829469E,2016,2016-02-03,17,POWIAT MŁAWSKI,STRZEGOWO - OBSZAR WIEJSKI,Droga krajowa,7,Jednojezdniowa dwukierunkowa,Odcinek prosty,Obszar zabudowany,20.3012222222222,52.89325,Jezdnia,Dobre warunki atmosferyczne,Noc - droga oświetlona,Najechanie na pieszego,1,0,1,Ciężko,N,,,,,,,,,,
EWK-103829469E,2016,2016-02-03,17,POWIAT MŁAWSKI,STRZEGOWO - OBSZAR WIEJSKI,Droga krajowa,7,Jednojezdniowa dwukierunkowa,Odcinek prosty,Obszar zabudowany,20.3012222222222,52.89325,Jezdnia,Dobre warunki atmosferyczne,Noc - droga oświetlona,Najechanie na pieszego,1,0,0,Nieokreślone (puste pole),N,,,,,,,,,,
EWK-103893053G,2016,2016-02-15,17,POWIAT ŻYRARDOWSKI,MSZCZONÓW - OBSZAR MIEJSKI,Nieokreślone (puste pole),,Jednojezdniowa dwukierunkowa,,Obszar zabudowany,20.5295555555556,51.9753333333333,Jezdnia,Dobre warunki atmosferyczne,Noc - droga oświetlona,Najechanie na pieszego,1,0,1,Ciężko,N,,,,,,,,,,
EWK-103893053G,2016,2016-02-15,17,POWIAT ŻYRARDOWSKI,MSZCZONÓW - OBSZAR MIEJSKI,Nieokreślone (puste pole),,Jednojezdniowa dwukierunkowa,,Obszar zabudowany,20.5295555555556,51.9753333333333,Jezdnia,Dobre warunki atmosferyczne,Noc - droga oświetlona,Najechanie na pieszego,1,0,0,Nieokreślone (puste pole),N,,,,,,,,,,
EWK-103944491N,2016,2016-02-27,21,POWIAT RADOMSKI,JEDLNIA-LETNISKO - OBSZAR WIEJSKI,Droga gminna,GMINNA,Jednojezdniowa dwukierunkowa,Odcinek prosty,Obszar zabudowany,21.2888888888889,51.4299166666667,Jezdnia,Dobre warunki atmosferyczne,Noc - droga oświetlona,Najechanie na pieszego,1,0,1,Lekko,T,,,,,,,,,,
EWK-103944491N,2016,2016-02-27,21,POWIAT RADOMSKI,JEDLNIA-LETNISKO - OBSZAR WIEJSKI,Droga gminna,GMINNA,Jednojezdniowa dwukierunkowa,Odcinek prosty,Obszar zabudowany,21.2888888888889,51.4299166666667,Jezdnia,Dobre warunki atmosferyczne,Noc - droga oświetlona,Najechanie na pieszego,1,0,0,Nieokreślone (puste pole),T,,,,,,,,,,
EWK-103997855R,2016,2016-03-06,18,POWIAT GRÓJECKI,WARKA - OBSZAR WIEJSKI,Droga powiatowa,P,Jednojezdniowa dwukierunkowa,Odcinek prosty,Obszar zabudowany,21.2530833333333,51.8645,Jezdnia,Dobre warunki atmosferyczne,Noc - droga oświetlona,Najechanie na pieszego,1,0,1,Lekko,N,,,,,,,,,,
EWK-103997855R,2016,2016-03-06,18,POWIAT GRÓJECKI,WARKA - OBSZAR WIEJSKI,Droga powiatowa,P,Jednojezdniowa dwukierunkowa,Odcinek prosty,Obszar zabudowany,21.2530833333333,51.8645,Jezdnia,Dobre warunki atmosferyczne,Noc - droga oświetlona,Najechanie na pieszego,1,0,0,Nieokreślone (puste pole),N,,,,,,,,,,
EWK-104011124G,2016,2016-03-05,20,POWIAT LIPSKI,RZECZNIÓW - OBSZAR WIEJSKI,Droga powiatowa,P,Jednojezdniowa dwukierunkowa,Odcinek prosty,Obszar zabudowany,21.37375,51.1419722222222,Jezdnia,Dobre warunki atmosferyczne,Noc - droga oświetlona,Najechanie na pieszego,1,1,0,Nieokreślone (puste pole),N,,,,,,,,,,