IDKSIP,year,date,hour,district,district_commune,road_category,road_number,type_of_road,road_geometry,area,Longitude,Latitude,char_place_of_the_event,weather_conditions,lighting,type_of_accident,num_of_accidents,num_of_fatalities,num_of_injured,type_of_injury,is_offender_intoxicated,,,,,,,,,,
EWK-104708938U,2016,2016-08-07,21,POWIAT WYSZKOWSKI,BRAŃSZCZYK - OBSZAR WIEJSKI,Droga powiatowa,4403W,Jednojezdniowa dwukierunkowa,Odcinek prosty,Obszar zabudowany,21.6065277777778,52.7053055555556,Przejście dla pieszych,Dobre warunki atmosferyczne,Noc - droga oświetlona,Najechanie na pieszego,1,1,0,Nieokreślone (puste pole),N,,,,,,,,,,
EWK-104758435J,2016,2016-08-18,20,POWIAT ŻYRARDOWSKI,ŻYRARDÓW - OBSZAR MIEJSKI,Droga gminna,GMINNA,Jednojezdniowa dwukierunkowa,,Obszar zabudowany,20.4277777777778,52.0533611111111,Przejście dla pieszych,Dobre warunki atmosferyczne,Noc - droga oświetlona,Najechanie na pieszego,1,0,1,Lekko,N,,,,,,,,,,
EWK-104758435J,2016,2016-08-18,20,POWIAT ŻYRARDOWSKI,ŻYRARDÓW - OBSZAR MIEJSKI,Droga gminna,GMINNA,Jednojezdniowa dwukierunkowa,,Obszar zabudowany,20.4277777777778,52.0533611111111,Przejście dla pieszych,Dobre warunki atmosferyczne,Noc - droga oświetlona,Najechanie na pieszego,1,0,0,Nieokreślone (puste pole),N,,,,,,,,,,
EWK-104788207N,2016,2016-08-29,21,POWIAT OSTROWSKI,MAŁKINIA GÓRNA - OBSZAR WIEJSKI,Droga wojewódzka,694,Jednojezdniowa dwukierunkowa,Odcinek prosty,Obszar zabudowany,22.0481388888889,52.693,Przejście dla pieszych,Dobre warunki atmosferyczne,Noc - droga oświetlona,Najechanie na pieszego,1,1,0,Nieokreślone (puste pole),N,,,,,,,,,,
EWK-104881008W,2016,2016-09-29,18,POWIAT RADOMSKI,ZAKRZEW - OBSZAR WIEJSKI,Droga wojewódzka,740,Jednojezdniowa dwukierunkowa,Odcinek prosty,Obszar zabudowany,21.0972777777778,51.4115,Przejście dla pieszych,Dobre warunki atmosferyczne,Noc - droga oświetlona,Najechanie na pieszego,1,0,1,Lekko,N,,,,,,,,,,
EWK-104881008W,2016,2016-09-29,18,POWIAT RADOMSKI,ZAKRZEW - OBSZAR WIEJSKI,Droga wojewódzka,740,Jednojezdniowa dwukierunkowa,Odcinek prosty,Obszar zabudowany,21.0972777777778,51.4115,Przejście dla pieszych,Dobre warunki atmosferyczne,Noc - droga oświetlona,Najechanie na pieszego,1,0,0,Nieokreślone (puste pole),N,,,,,,,,,,
EWK-104904329K,2016,2016-10-07,19,POWIAT RADOM,RADOM - OBSZAR MIEJSKI,Droga powiatowa,P5305W,Dwie jezdnie jednokierunkowe,Odcinek prosty,Obszar zabudowany,21.1433055555556,51.4099444444444,Przejście dla pieszych,Dobre warunki atmosferyczne,Noc - droga oświetlona,Najechanie na pieszego,1,0,1,Ciężko,N,,,,,,,,,,
EWK-104904329K,2016,2016-10-07,19,POWIAT RADOM,RADOM - OBSZAR MIEJSKI,Droga powiatowa,P5305W,Dwie jezdnie jednokierunkowe,Odcinek prosty,Obszar zabudowany,21.1433055555556,51.4099444444444,Przejście dla pieszych,Dobre warunki atmosferyczne,Noc - droga oświetlona,Najechanie na pieszego,1,0,0,Nieokreślone (puste pole),N,,,,,,,,,,
EWK-105018342P,2016,2016-11-05,17,POWIAT PŁOCKI,STAROŹREBY - OBSZAR WIEJSKI,Droga krajowa,10,Jednojezdniowa dwukierunkowa,Odcinek prosty,Obszar zabudowany,20.1416944444444,52.6386944444444,Przejście dla pieszych,Dobre warunki atmosferyczne,Noc - droga oświetlona,Najechanie na pieszego,1,0,1,Ciężko,N,,,,,,,,,,
EWK-105018342P,2016,2016-11-05,17,POWIAT PŁOCKI,STAROŹREBY - OBSZAR WIEJSKI,Droga krajowa,10,Jednojezdniowa dwukierunkowa,Odcinek prosty,Obszar zabudowany,20.1416944444444,52.6386944444444,Przejście dla pieszych,Dobre warunki atmosferyczne,Noc - droga oświetlona,Najechanie na pieszego,1,0,0,Nieokreślone (puste pole),N,,,,,,,,,,
EWK-105019167R,2016,2016-11-07,17,POWIAT ŻYRARDOWSKI,ŻYRARDÓW - OBSZAR MIEJSKI,Droga gminna,GMINNA,Jednojezdniowa dwukierunkowa,Odcinek prosty,Obszar zabudowany,20.4381388888889,52.0558333333333,Przejście dla pieszych,Dobre warunki atmosferyczne,Noc - droga oświetlona,Najechanie na pieszego,1,0,1,Ciężko,N,,,,,,,,,,
EWK-105019167R,2016,2016-11-07,17,POWIAT ŻYRARDOWSKI,ŻYRARDÓW - OBSZAR MIEJSKI,Droga gminna,GMINNA,Jednojezdniowa dwukierunkowa,Odcinek prosty,Obszar zabudowany,20.4381388888889,52.0558333333333,Przejście dla pieszych,Dobre warunki atmosferyczne,Noc - droga oświetlona,Najechanie na pieszego,1,0,1,Lekko,N,,,,,,,,,,
EWK-105019167R,2016,2016-11-07,17,POWIAT ŻYRARDOWSKI,ŻYRARDÓW - OBSZAR MIEJSKI,Droga gminna,GMINNA,Jednojezdniowa dwukierunkowa,Odcinek prosty,Obszar zabudowany,20.4381388888889,52.0558333333333,Przejście dla pieszych,Dobre warunki atmosferyczne,Noc - droga oświetlona,Najechanie na pieszego,1,0,0,Nieokreślone (puste pole),N,,,,,,,,,,
EWK-105021961F,2016,2016-11-08,18,POWIAT GOSTYNIŃSKI,GOSTYNIN - OBSZAR MIEJSKI,Droga powiatowa,P1460W,Jednojezdniowa dwukierunkowa,Odcinek prosty,Obszar zabudowany,19.4655833333333,52.4301944444444,Przejście dla pieszych,Dobre warunki atmosferyczne,Noc - droga oświetlona,Najechanie na pieszego,1,0,1,Ciężko,N,,,,,,,,,,
EWK-105021961F,2016,2016-11-08,18,POWIAT GOSTYNIŃSKI,GOSTYNIN - OBSZAR MIEJSKI,Droga powiatowa,P1460W,Jednojezdniowa dwukierunkowa,Odcinek prosty,Obszar zabudowany,19.4655833333333,52.4301944444444,Przejście dla pieszych,Dobre warunki atmosferyczne,Noc - droga oświetlona,Najechanie na pieszego,1,0,0,Nieokreślone (puste pole),N,,,,,,,,,,
EWK-105067313N,2016,2016-11-12,18,POWIAT ŻYRARDOWSKI,ŻYRARDÓW - OBSZAR MIEJSKI,Droga gminna,GMINNA,Jednojezdniowa dwukierunkowa,Odcinek prosty,Obszar zabudowany,20.4331666666667,52.0555,Przejście dla pieszych,Dobre warunki atmosferyczne,Noc - droga oświetlona,Najechanie na pieszego,1,0,1,Lekko,N,,,,,,,,,,
EWK-105067313N,2016,2016-11-12,18,POWIAT ŻYRARDOWSKI,ŻYRARDÓW - OBSZAR MIEJSKI,Droga gminna,GMINNA,Jednojezdniowa dwukierunkowa,Odcinek prosty,Obszar zabudowany,20.4331666666667,52.0555,Przejście dla pieszych,Dobre warunki atmosferyczne,Noc - droga oświetlona,Najechanie na pieszego,1,0,0,Nieokreślone (puste pole),N,,,,,,,,,,
EWK-105113730F,2016,2016-11-14,19,POWIAT RADOM,RADOM - OBSZAR MIEJSKI,Droga powiatowa,P5301W,Dwie jezdnie jednokierunkowe,,Obszar zabudowany,21.1626944444444,51.42175,Przejście dla pieszych,Dobre warunki atmosferyczne,Noc - droga oświetlona,Najechanie na pieszego,1,0,2,Lekko,N,,,,,,,,,,
EWK-105113730F,2016,2016-11-14,19,POWIAT RADOM,RADOM - OBSZAR MIEJSKI,Droga powiatowa,P5301W,Dwie jezdnie jednokierunkowe,,Obszar zabudowany,21.1626944444444,51.42175,Przejście dla pieszych,Dobre warunki atmosferyczne,Noc - droga oświetlona,Najechanie na pieszego,1,0,0,Nieokreślone (puste pole),N,,,,,,,,,,
EWK-105119946M,2016,2016-11-21,22,POWIAT KOZIENICKI,KOZIENICE - OBSZAR MIEJSKI,Droga gminna,G170805W,Jednojezdniowa dwukierunkowa,,Obszar zabudowany,21.5457222222222,51.5888888888889,Przejście dla pieszych,Dobre warunki atmosferyczne,Noc - droga oświetlona,Najechanie na pieszego,1,0,1,Ciężko,N,,,,,,,,,,
EWK-105119946M,2016,2016-11-21,22,POWIAT KOZIENICKI,KOZIENICE - OBSZAR MIEJSKI,Droga gminna,G170805W,Jednojezdniowa dwukierunkowa,,Obszar zabudowany,21.5457222222222,51.5888888888889,Przejście dla pieszych,Dobre warunki atmosferyczne,Noc - droga oświetlona,Najechanie na pieszego,1,0,0,Nieokreślone (puste pole),N,,,,,,,,,,
EWK-105137756L,2016,2016-11-29,15,POWIAT SOKOŁOWSKI,SOKOŁÓW PODLASKI - OBSZAR MIEJSKI,Droga krajowa,62,Jednojezdniowa dwukierunkowa,Odcinek prosty,Obszar niezabudowany,22.2550555555556,52.4049166666667,Przejście dla pieszych,Dobre warunki atmosferyczne,Noc - droga oświetlona,Najechanie na pieszego,1,0,1,Ciężko,N,,,,,,,,,,
EWK-105137756L,2016,2016-11-29,15,POWIAT SOKOŁOWSKI,SOKOŁÓW PODLASKI - OBSZAR MIEJSKI,Droga krajowa,62,Jednojezdniowa dwukierunkowa,Odcinek prosty,Obszar niezabudowany,22.2550555555556,52.4049166666667,Przejście dla pieszych,Dobre warunki atmosferyczne,Noc - droga oświetlona,Najechanie na pieszego,1,0,0,Nieokreślone (puste pole),N,,,,,,,,,,
EWK-105149310P,2016,2016-12-05,17,POWIAT PUŁTUSKI,PUŁTUSK - OBSZAR MIEJSKI,Droga powiatowa,P3403W,Jednojezdniowa dwukierunkowa,Odcinek prosty,Obszar zabudowany,21.0794444444444,52.7265277777778,Przejście dla pieszych,Dobre warunki atmosferyczne,Noc - droga oświetlona,Najechanie na pieszego,1,0,1,Lekko,N,,,,,,,,,,
EWK-105149310P,2016,2016-12-05,17,POWIAT PUŁTUSKI,PUŁTUSK - OBSZAR MIEJSKI,Droga powiatowa,P3403W,Jednojezdniowa dwukierunkowa,Odcinek prosty,Obszar zabudowany,21.0794444444444,52.7265277777778,Przejście dla pieszych,Dobre warunki atmosferyczne,Noc - droga oświetlona,Najechanie na pieszego,1,0,0,Nieokreślone (puste pole),N,,,,,,,,,,
EWK-105151011G,2016,2016-12-03,17,POWIAT RADOM,RADOM - OBSZAR MIEJSKI,Droga powiatowa,P5309W,Jednojezdniowa dwukierunkowa,,Obszar zabudowany,21.1779166666667,51.3919722222222,Przejście dla pieszych,Dobre warunki atmosferyczne,Noc - droga oświetlona,Najechanie na pieszego,1,0,1,Lekko,N,,,,,,,,,,
EWK-105151011G,2016,2016-12-03,17,POWIAT RADOM,RADOM - OBSZAR MIEJSKI,Droga powiatowa,P5309W,Jednojezdniowa dwukierunkowa,,Obszar zabudowany,21.1779166666667,51.3919722222222,Przejście dla pieszych,Dobre warunki atmosferyczne,Noc - droga oświetlona,Najechanie na pieszego,1,0,0,Nieokreślone (puste pole),N,,,,,,,,,,
EWK-105170146N,2016,2016-12-13,17,POWIAT KOZIENICKI,KOZIENICE - OBSZAR MIEJSKI,Droga gminna,G170816W,Jednojezdniowa dwukierunkowa,Odcinek prosty,Obszar zabudowany,21.5528055555556,51.58175,Przejście dla pieszych,Dobre warunki atmosferyczne,Noc - droga oświetlona,Najechanie na pieszego,1,0,1,Lekko,N,,,,,,,,,,
EWK-105170146N,2016,2016-12-13,17,POWIAT KOZIENICKI,KOZIENICE - OBSZAR MIEJSKI,Droga gminna,G170816W,Jednojezdniowa dwukierunkowa,Odcinek prosty,Obszar zabudowany,21.5528055555556,51.58175,Przejście dla pieszych,Dobre warunki atmosferyczne,Noc - droga oświetlona,Najechanie na pieszego,1,0,0,Nieokreślone (puste pole),N,,,,,,,,,,
EWK-105170774E,2016,2016-12-13,5,POWIAT SOKOŁOWSKI,SOKOŁÓW PODLASKI - OBSZAR MIEJSKI,Droga powiatowa,P3954W,Jednojezdniowa dwukierunkowa,Odcinek prosty,Obszar zabudowany,22.2364722222222,52.4056944444444,Przejście dla pieszych,Dobre warunki atmosferyczne,Noc - droga oświetlona,Najechanie na pieszego,1,0,1,Lekko,N,,,,,,,,,,
EWK-105170774E,2016,2016-12-13,5,POWIAT SOKOŁOWSKI,SOKOŁÓW PODLASKI - OBSZAR MIEJSKI,Droga powiatowa,P3954W,Jednojezdniowa dwukierunkowa,Odcinek prosty,Obszar zabudowany,22.2364722222222,52.4056944444444,Przejście dla pieszych,Dobre warunki atmosferyczne,Noc - droga oświetlona,Najechanie na pieszego,1,0,0,Nieokreślone (puste pole),N,,,,,,,,,,
EWK-105299610K,2016,2016-12-22,21,POWIAT PUŁTUSKI,PUŁTUSK - OBSZAR MIEJSKI,Droga krajowa,61,Jednojezdniowa dwukierunkowa,Odcinek prosty,Obszar zabudowany,21.0864166666667,52.7094444444445,Przejście dla pieszych,Dobre warunki atmosferyczne,Noc - droga oświetlona,Najechanie na pieszego,1,0,1,Lekko,N,,,,,,,,,,
EWK-105299610K,2016,2016-12-22,21,POWIAT PUŁTUSKI,PUŁTUSK - OBSZAR MIEJSKI,Droga krajowa,61,Jednojezdniowa dwukierunkowa,Odcinek prosty,Obszar zabudowany,21.0864166666667,52.7094444444445,Przejście dla pieszych,Dobre warunki atmosferyczne,Noc - droga oświetlona,Najechanie na pieszego,1,0,0,Nieokreślone (puste pole),N,,,,,,,,,,
EWK-105300667N,2016,2016-12-22,17,POWIAT PŁOCK,PŁOCK - OBSZAR MIEJSKI,Droga powiatowa,P0244T,Jednojezdniowa dwukierunkowa,,Obszar zabudowany,19.6877222222222,52.56025,Przejście dla pieszych,Dobre warunki atmosferyczne,Noc - droga oświetlona,Najechanie na pieszego,1,0,1,Ciężko,N,,,,,,,,,,
EWK-105300667N,2016,2016-12-22,17,POWIAT PŁOCK,PŁOCK - OBSZAR MIEJSKI,Droga powiatowa,P0244T,Jednojezdniowa dwukierunkowa,,Obszar zabudowany,19.6877222222222,52.56025,Przejście dla pieszych,Dobre warunki atmosferyczne,Noc - droga oświetlona,Najechanie na pieszego,1,0,0,Nieokreślone (puste pole),N,,,,,,,,,,
EWK-105302056H,2016,2016-12-22,16,POWIAT WYSZKOWSKI,WYSZKÓW - OBSZAR MIEJSKI,Droga gminna,G440725W,Jednojezdniowa dwukierunkowa,Odcinek prosty,Obszar zabudowany,21.46325,52.5978611111111,Przejście dla pieszych,Dobre warunki atmosferyczne,Noc - droga oświetlona,Najechanie na pieszego,1,0,1,Lekko,N,,,,,,,,,,
EWK-105302056H,2016,2016-12-22,16,POWIAT WYSZKOWSKI,WYSZKÓW - OBSZAR MIEJSKI,Droga gminna,G440725W,Jednojezdniowa dwukierunkowa,Odcinek prosty,Obszar zabudowany,21.46325,52.5978611111111,Przejście dla pieszych,Dobre warunki atmosferyczne,Noc - droga oświetlona,Najechanie na pieszego,1,0,0,Nieokreślone (puste pole),N,,,,,,,,,,
EWK-105315695Q,2016,2016-12-30,22,POWIAT RADOM,RADOM - OBSZAR MIEJSKI,Droga krajowa,9,Jednojezdniowa dwukierunkowa,Odcinek prosty,Obszar zabudowany,21.1823888888889,51.3799166666667,Przejście dla pieszych,Dobre warunki atmosferyczne,Noc - droga oświetlona,Najechanie na pieszego,1,0,1,Lekko,N,,,,,,,,,,
EWK-105315695Q,2016,2016-12-30,22,POWIAT RADOM,RADOM - OBSZAR MIEJSKI,Droga krajowa,9,Jednojezdniowa dwukierunkowa,Odcinek prosty,Obszar zabudowany,21.1823888888889,51.3799166666667,Przejście dla pieszych,Dobre warunki atmosferyczne,Noc - droga oświetlona,Najechanie na pieszego,1,0,0,Nieokreślone (puste pole),N,,,,,,,,,,
EWK-104904403R,2016,2016-10-08,18,POWIAT RADOM,RADOM - OBSZAR MIEJSKI,Droga powiatowa,P5323W,Jednojezdniowa dwukierunkowa,Odcinek prosty,Obszar zabudowany,21.1499166666667,51.3970277777778,Przystanek komunikacji publicznej,Dobre warunki atmosferyczne,Noc - droga oświetlona,Najechanie na pieszego,1,0,1,Ciężko,N,,,,,,,,,,
EWK-104904403R,2016,2016-10-08,18,POWIAT RADOM,RADOM - OBSZAR MIEJSKI,Droga powiatowa,P5323W,Jednojezdniowa dwukierunkowa,Odcinek prosty,Obszar zabudowany,21.1499166666667,51.3970277777778,Przystanek komunikacji publicznej,Dobre warunki atmosferyczne,Noc - droga oświetlona,Najechanie na pieszego,1,0,0,Nieokreślone (puste pole),N,,,,,,,,,,
EWK-103821568H,2016,2016-01-29,6,POWIAT SIERPECKI,SIERPC - OBSZAR MIEJSKI,Droga gminna,G370491W,Jednojezdniowa dwukierunkowa,Odcinek prosty,Obszar zabudowany,19.6799166666667,52.8546388888889,Jezdnia,Dobre warunki atmosferyczne,"Zmrok, świt",Najechanie na pieszego,1,0,1,Ciężko,N,,,,,,,,,,
EWK-103821568H,2016,2016-01-29,6,POWIAT SIERPECKI,SIERPC - OBSZAR MIEJSKI,Droga gminna,G370491W,Jednojezdniowa dwukierunkowa,Odcinek prosty,Obszar zabudowany,19.6799166666667,52.8546388888889,Jezdnia,Dobre warunki atmosferyczne,"Zmrok, świt",Najechanie na pieszego,1,0,0,Nieokreślone (puste pole),N,,,,,,,,,,
EWK-103853068F,2016,2016-02-05,18,POWIAT MAKOWSKI,RZEWNIE - OBSZAR WIEJSKI,Droga krajowa,61,Jednojezdniowa dwukierunkowa,Odcinek prosty,Obszar niezabudowany,21.2578611111111,52.8402222222222,Jezdnia,Dobre warunki atmosferyczne,"Zmrok, świt",Najechanie na pieszego,1,1,0,Nieokreślone (puste pole),T,,,,,,,,,,
EWK-104221282L,2016,2016-04-23,20,POWIAT SIEDLECKI,MORDY - OBSZAR WIEJSKI,Droga powiatowa,3790P,Jednojezdniowa dwukierunkowa,"Zakręt, łuk",Obszar zabudowany,22.4794444444444,52.1575,Jezdnia,Dobre warunki atmosferyczne,"Zmrok, świt",Najechanie na pieszego,1,0,1,Lekko,T,,,,,,,,,,
EWK-104221282L,2016,2016-04-23,20,POWIAT SIEDLECKI,MORDY - OBSZAR WIEJSKI,Droga powiatowa,3790P,Jednojezdniowa dwukierunkowa,"Zakręt, łuk",Obszar zabudowany,22.4794444444444,52.1575,Jezdnia,Dobre warunki atmosferyczne,"Zmrok, świt",Najechanie na pieszego,1,0,0,Nieokreślone (puste pole),T,,,,,,,,,,
EWK-104402072N,2016,2016-05-28,20,POWIAT KOZIENICKI,KOZIENICE - OBSZAR MIEJSKI,Droga krajowa,79,Jednojezdniowa dwukierunkowa,Odcinek prosty,Obszar zabudowany,21.3589444444444,51.5949722222222,Przejście dla pieszych,Dobre warunki atmosferyczne,"Zmrok, świt",Najechanie na pieszego,1,0,1,Lekko,N,,,,,,,,,,
EWK-104402072N,2016,2016-05-28,20,POWIAT KOZIENICKI,KOZIENICE - OBSZAR MIEJSKI,Droga krajowa,79,Jednojezdniowa dwukierunkowa,Odcinek prosty,Obszar zabudowany,21.3589444444444,51.5949722222222,Przejście dla pieszych,Dobre warunki atmosferyczne,"Zmrok, świt",Najechanie na pieszego,1,0,0,Nieokreślone (puste pole),N,,,,,,,,,,
EWK-103821379K,2016,2016-01-29,13,POWIAT KOZIENICKI,KOZIENICE - OBSZAR MIEJSKI,Droga gminna,G170599W,Jednojezdniowa dwukierunkowa,Odcinek prosty,Obszar zabudowany,21.5373888888889,51.5921944444444,"Chodnik, droga dla pieszych",Dobre warunki atmosferyczne,Światło dzienne,Najechanie na pieszego,1,0,1,Lekko,N,,,,,,,,,,
EWK-103821379K,2016,2016-01-29,13,POWIAT KOZIENICKI,KOZIENICE - OBSZAR MIEJSKI,Droga gminna,G170599W,Jednojezdniowa dwukierunkowa,Odcinek prosty,Obszar zabudowany,21.5373888888889,51.5921944444444,"Chodnik, droga dla pieszych",Dobre warunki atmosferyczne,Światło dzienne,Najechanie na pieszego,1,0,0,Nieokreślone (puste pole),N,,,,,,,,,,
EWK-103947520L,2016,2016-02-29,14,POWIAT RADOMSKI,PIONKI - OBSZAR MIEJSKI,Droga gminna,GMINNA,Jednojezdniowa dwukierunkowa,Odcinek prosty,Obszar zabudowany,21.4464166666667,51.4777777777778,"Chodnik, droga dla pieszych",Dobre warunki atmosferyczne,Światło dzienne,Najechanie na pieszego,1,0,1,Lekko,N,,,,,,,,,,
EWK-103947520L,2016,2016-02-29,14,POWIAT RADOMSKI,PIONKI - OBSZAR MIEJSKI,Droga gminna,GMINNA,Jednojezdniowa dwukierunkowa,Odcinek prosty,Obszar zabudowany,21.4464166666667,51.4777777777778,"Chodnik, droga dla pieszych",Dobre warunki atmosferyczne,Światło dzienne,Najechanie na pieszego,1,0,0,Nieokreślone (puste pole),N,,,,,,,,,,
EWK-104102661E,2016,2016-03-27,16,POWIAT RADOMSKI,IŁŻA - OBSZAR MIEJSKI,Droga krajowa,9,Jednojezdniowa dwukierunkowa,Odcinek prosty,Obszar zabudowany,21.2326944444444,51.16525,"Chodnik, droga dla pieszych",Dobre warunki atmosferyczne,Światło dzienne,Najechanie na pieszego,1,0,1,Lekko,N,,,,,,,,,,
EWK-104102661E,2016,2016-03-27,16,POWIAT RADOMSKI,IŁŻA - OBSZAR MIEJSKI,Droga krajowa,9,Jednojezdniowa dwukierunkowa,Odcinek prosty,Obszar zabudowany,21.2326944444444,51.16525,"Chodnik, droga dla pieszych",Dobre warunki atmosferyczne,Światło dzienne,Najechanie na pieszego,1,0,0,Nieokreślone (puste pole),N,,,,,,,,,,
EWK-104140813K,2016,2016-04-05,9,POWIAT LIPSKI,LIPSKO - OBSZAR MIEJSKI,Droga gminna,GMINNA,Jednojezdniowa dwukierunkowa,Odcinek prosty,Obszar zabudowany,21.6430555555556,51.1578055555556,"Chodnik, droga dla pieszych",Dobre warunki atmosferyczne,Światło dzienne,Najechanie na pieszego,1,0,1,Ciężko,N,,,,,,,,,,
EWK-104140813K,2016,2016-04-05,9,POWIAT LIPSKI,LIPSKO - OBSZAR MIEJSKI,Droga gminna,GMINNA,Jednojezdniowa dwukierunkowa,Odcinek prosty,Obszar zabudowany,21.6430555555556,51.1578055555556,"Chodnik, droga dla pieszych",Dobre warunki atmosferyczne,Światło dzienne,Najechanie na pieszego,1,0,0,Nieokreślone (puste pole),N,,,,,,,,,,
EWK-104204342N,2016,2016-04-21,16,POWIAT PŁOCK,PŁOCK - OBSZAR MIEJSKI,Droga powiatowa,P,Jednojezdniowa dwukierunkowa,Odcinek prosty,Obszar zabudowany,19.7231388888889,52.5386111111111,"Chodnik, droga dla pieszych",Dobre warunki atmosferyczne,Światło dzienne,Najechanie na pieszego,1,0,1,Lekko,N,,,,,,,,,,
EWK-104204342N,2016,2016-04-21,16,POWIAT PŁOCK,PŁOCK - OBSZAR MIEJSKI,Droga powiatowa,P,Jednojezdniowa dwukierunkowa,Odcinek prosty,Obszar zabudowany,19.7231388888889,52.5386111111111,"Chodnik, droga dla pieszych",Dobre warunki atmosferyczne,Światło dzienne,Najechanie na pieszego,1,0,0,Nieokreślone (puste pole),N,,,,,,,,,,
EWK-104254853W,2016,2016-05-04,11,POWIAT OSTROWSKI,OSTRÓW MAZOWIECKA - OBSZAR MIEJSKI,Droga gminna,GMINNA,Jednojezdniowa dwukierunkowa,Odcinek prosty,Obszar zabudowany,21.8983611111111,52.8043888888889,"Chodnik, droga dla pieszych",Dobre warunki atmosferyczne,Światło dzienne,Najechanie na pieszego,1,0,1,Lekko,N,,,,,,,,,,
EWK-104254853W,2016,2016-05-04,11,POWIAT OSTROWSKI,OSTRÓW MAZOWIECKA - OBSZAR MIEJSKI,Droga gminna,GMINNA,Jednojezdniowa dwukierunkowa,Odcinek prosty,Obszar zabudowany,21.8983611111111,52.8043888888889,"Chodnik, droga dla pieszych",Dobre warunki atmosferyczne,Światło dzienne,Najechanie na pieszego,1,0,0,Nieokreślone (puste pole),N,,,,,,,,,,
EWK-104600323A,2016,2016-07-12,13,POWIAT PŁOCK,PŁOCK - OBSZAR MIEJSKI,Inna,I2,Jednokierunkowa,Odcinek prosty,Obszar zabudowany,19.69275,52.5464166666667,"Chodnik, droga dla pieszych",Dobre warunki atmosferyczne,Światło dzienne,Najechanie na pieszego,1,0,1,Lekko,N,,,,,,,,,,
EWK-104600323A,2016,2016-07-12,13,POWIAT PŁOCK,PŁOCK - OBSZAR MIEJSKI,Inna,I2,Jednokierunkowa,Odcinek prosty,Obszar zabudowany,19.69275,52.5464166666667,"Chodnik, droga dla pieszych",Dobre warunki atmosferyczne,Światło dzienne,Najechanie na pieszego,1,0,0,Nieokreślone (puste pole),N,,,,,,,,,,
EWK-104710407U,2016,2016-08-07,8,POWIAT ŻUROMIŃSKI,ŻUROMIN - OBSZAR MIEJSKI,Droga gminna,GMINNA,Jednojezdniowa dwukierunkowa,Odcinek prosty,Obszar zabudowany,19.9119444444444,53.7741944444444,"Chodnik, droga dla pieszych",Dobre warunki atmosferyczne,Światło dzienne,Najechanie na pieszego,1,0,1,Ciężko,N,,,,,,,,,,
EWK-104710407U,2016,2016-08-07,8,POWIAT ŻUROMIŃSKI,ŻUROMIN - OBSZAR MIEJSKI,Droga gminna,GMINNA,Jednojezdniowa dwukierunkowa,Odcinek prosty,Obszar zabudowany,19.9119444444444,53.7741944444444,"Chodnik, droga dla pieszych",Dobre warunki atmosferyczne,Światło dzienne,Najechanie na pieszego,1,0,0,Nieokreślone (puste pole),N,,,,,,,,,,
EWK-104820511P,2016,2016-09-06,15,POWIAT GOSTYNIŃSKI,GOSTYNIN - OBSZAR MIEJSKI,Droga gminna,G140154W,Jednokierunkowa,Odcinek prosty,Obszar zabudowany,19.4626666666667,52.4286666666667,"Chodnik, droga dla pieszych",Dobre warunki atmosferyczne,Światło dzienne,Najechanie na pieszego,1,0,1,Lekko,N,,,,,,,,,,
EWK-104820511P,2016,2016-09-06,15,POWIAT GOSTYNIŃSKI,GOSTYNIN - OBSZAR MIEJSKI,Droga gminna,G140154W,Jednokierunkowa,Odcinek prosty,Obszar zabudowany,19.4626666666667,52.4286666666667,"Chodnik, droga dla pieszych",Dobre warunki atmosferyczne,Światło dzienne,Najechanie na pieszego,1,0,0,Nieokreślone (puste pole),N,,,,,,,,,,
EWK-104624285T,2016,2016-07-15,17,POWIAT RADOM,RADOM - OBSZAR MIEJSKI,Droga gminna,G530154W,Jednojezdniowa dwukierunkowa,Odcinek prosty,Obszar zabudowany,21.1456666666667,51.3703611111111,"Droga, pas ruchu, śluza dla rowerów",Dobre warunki atmosferyczne,Światło dzienne,Najechanie na pieszego,1,0,1,Lekko,N,,,,,,,,,,
EWK-104624285T,2016,2016-07-15,17,POWIAT RADOM,RADOM - OBSZAR MIEJSKI,Droga gminna,G530154W,Jednojezdniowa dwukierunkowa,Odcinek prosty,Obszar zabudowany,21.1456666666667,51.3703611111111,"Droga, pas ruchu, śluza dla rowerów",Dobre warunki atmosferyczne,Światło dzienne,Najechanie na pieszego,1,0,0,Nieokreślone (puste pole),N,,,,,,,,,,
EWK-103707298P,2016,2016-01-02,14,POWIAT MŁAWSKI,STUPSK - OBSZAR WIEJSKI,Droga powiatowa,P2322W,Jednojezdniowa dwukierunkowa,Odcinek prosty,Obszar zabudowany,20.4659166666667,53.0129444444444,Jezdnia,Dobre warunki atmosferyczne,Światło dzienne,Najechanie na pieszego,1,1,0,Nieokreślone (puste pole),N,,,,,,,,,,
EWK-103765327W,2016,2016-01-17,10,POWIAT GRÓJECKI,GRÓJEC - OBSZAR WIEJSKI,Droga krajowa,7,Dwie jezdnie jednokierunkowe,Odcinek prosty,Obszar niezabudowany,20.85425,51.9158055555556,Jezdnia,Dobre warunki atmosferyczne,Światło dzienne,Najechanie na pieszego,1,0,1,Ciężko,N,,,,,,,,,,