IDKSIP,year,date,hour,district,district_commune,road_category,road_number,type_of_road,road_geometry,area,Longitude,Latitude,char_place_of_the_event,weather_conditions,lighting,type_of_accident,num_of_accidents,num_of_fatalities,num_of_injured,type_of_injury,is_offender_intoxicated,,,,,,,,,,
EWK-103765327W,2016,2016-01-17,10,POWIAT GRÓJECKI,GRÓJEC - OBSZAR WIEJSKI,Droga krajowa,7,Dwie jezdnie jednokierunkowe,Odcinek prosty,Obszar niezabudowany,20.85425,51.9158055555556,Jezdnia,Dobre warunki atmosferyczne,Światło dzienne,Najechanie na pieszego,1,0,0,Nieokreślone (puste pole),N,,,,,,,,,,
EWK-103772486D,2016,2016-01-19,11,POWIAT PŁOCK,PŁOCK - OBSZAR MIEJSKI,Droga gminna,GMINNA,Jednojezdniowa dwukierunkowa,Odcinek prosty,Obszar zabudowany,19.7075555555556,52.5506111111111,Jezdnia,Dobre warunki atmosferyczne,Światło dzienne,Najechanie na pieszego,1,0,1,Lekko,N,,,,,,,,,,
EWK-103772486D,2016,2016-01-19,11,POWIAT PŁOCK,PŁOCK - OBSZAR MIEJSKI,Droga gminna,GMINNA,Jednojezdniowa dwukierunkowa,Odcinek prosty,Obszar zabudowany,19.7075555555556,52.5506111111111,Jezdnia,Dobre warunki atmosferyczne,Światło dzienne,Najechanie na pieszego,1,0,0,Nieokreślone (puste pole),N,,,,,,,,,,
EWK-103817029T,2016,2016-01-22,11,POWIAT GARWOLIŃSKI,GÓRZNO - OBSZAR WIEJSKI,Droga powiatowa,31328W,Jednojezdniowa dwukierunkowa,Odcinek prosty,Obszar zabudowany,21.7077777777778,51.8425,Jezdnia,Dobre warunki atmosferyczne,Światło dzienne,Najechanie na pieszego,1,0,1,Lekko,N,,,,,,,,,,
EWK-103817029T,2016,2016-01-22,11,POWIAT GARWOLIŃSKI,GÓRZNO - OBSZAR WIEJSKI,Droga powiatowa,31328W,Jednojezdniowa dwukierunkowa,Odcinek prosty,Obszar zabudowany,21.7077777777778,51.8425,Jezdnia,Dobre warunki atmosferyczne,Światło dzienne,Najechanie na pieszego,1,0,0,Nieokreślone (puste pole),N,,,,,,,,,,
EWK-103884183N,2016,2016-02-15,7,POWIAT PŁOCK,PŁOCK - OBSZAR MIEJSKI,Droga powiatowa,P,Jednojezdniowa dwukierunkowa,Odcinek prosty,Obszar zabudowany,19.6986388888889,52.5635555555556,Jezdnia,Dobre warunki atmosferyczne,Światło dzienne,Najechanie na pieszego,1,0,1,Lekko,N,,,,,,,,,,
EWK-103884183N,2016,2016-02-15,7,POWIAT PŁOCK,PŁOCK - OBSZAR MIEJSKI,Droga powiatowa,P,Jednojezdniowa dwukierunkowa,Odcinek prosty,Obszar zabudowany,19.6986388888889,52.5635555555556,Jezdnia,Dobre warunki atmosferyczne,Światło dzienne,Najechanie na pieszego,1,0,0,Nieokreślone (puste pole),N,,,,,,,,,,
EWK-103951908M,2016,2016-02-25,12,POWIAT GARWOLIŃSKI,ŁASKARZEW - OBSZAR MIEJSKI,Droga gminna,GMINNA,Jednojezdniowa dwukierunkowa,,Obszar zabudowany,21.5906666666667,51.7895555555556,Jezdnia,Dobre warunki atmosferyczne,Światło dzienne,Najechanie na pieszego,1,0,1,Ciężko,N,,,,,,,,,,
EWK-103951908M,2016,2016-02-25,12,POWIAT GARWOLIŃSKI,ŁASKARZEW - OBSZAR MIEJSKI,Droga gminna,GMINNA,Jednojezdniowa dwukierunkowa,,Obszar zabudowany,21.5906666666667,51.7895555555556,Jezdnia,Dobre warunki atmosferyczne,Światło dzienne,Najechanie na pieszego,1,0,0,Nieokreślone (puste pole),N,,,,,,,,,,
EWK-104094131X,2016,2016-03-28,16,POWIAT SZYDŁOWIECKI,SZYDŁOWIEC - OBSZAR WIEJSKI,Droga powiatowa,P3341W,Jednojezdniowa dwukierunkowa,Odcinek prosty,Obszar zabudowany,20.9103333333333,51.2695,Jezdnia,Dobre warunki atmosferyczne,Światło dzienne,Najechanie na pieszego,1,0,1,Lekko,N,,,,,,,,,,
EWK-104094131X,2016,2016-03-28,16,POWIAT SZYDŁOWIECKI,SZYDŁOWIEC - OBSZAR WIEJSKI,Droga powiatowa,P3341W,Jednojezdniowa dwukierunkowa,Odcinek prosty,Obszar zabudowany,20.9103333333333,51.2695,Jezdnia,Dobre warunki atmosferyczne,Światło dzienne,Najechanie na pieszego,1,0,0,Nieokreślone (puste pole),N,,,,,,,,,,
EWK-104094352C,2016,2016-03-28,17,POWIAT WĘGROWSKI,STOCZEK - OBSZAR WIEJSKI,Droga gminna,GMINNA,Jednojezdniowa dwukierunkowa,Odcinek prosty,Obszar zabudowany,21.9073055555556,52.5488888888889,Jezdnia,Dobre warunki atmosferyczne,Światło dzienne,Najechanie na pieszego,1,1,0,Nieokreślone (puste pole),N,,,,,,,,,,
EWK-104101973M,2016,2016-03-28,12,POWIAT RADOMSKI,KOWALA - OBSZAR WIEJSKI,Droga gminna,GMINNA,Jednojezdniowa dwukierunkowa,Odcinek prosty,Obszar zabudowany,21.1373888888889,51.3385,Jezdnia,Dobre warunki atmosferyczne,Światło dzienne,Najechanie na pieszego,1,0,1,Lekko,N,,,,,,,,,,
EWK-104101973M,2016,2016-03-28,12,POWIAT RADOMSKI,KOWALA - OBSZAR WIEJSKI,Droga gminna,GMINNA,Jednojezdniowa dwukierunkowa,Odcinek prosty,Obszar zabudowany,21.1373888888889,51.3385,Jezdnia,Dobre warunki atmosferyczne,Światło dzienne,Najechanie na pieszego,1,0,0,Nieokreślone (puste pole),N,,,,,,,,,,
EWK-104107944T,2016,2016-03-31,11,POWIAT SOCHACZEWSKI,SOCHACZEW - OBSZAR MIEJSKI,Droga gminna,GMINNA,Jednojezdniowa dwukierunkowa,Odcinek prosty,Obszar zabudowany,20.2364444444444,52.2238888888889,Jezdnia,Dobre warunki atmosferyczne,Światło dzienne,Najechanie na pieszego,1,0,1,Lekko,N,,,,,,,,,,
EWK-104107944T,2016,2016-03-31,11,POWIAT SOCHACZEWSKI,SOCHACZEW - OBSZAR MIEJSKI,Droga gminna,GMINNA,Jednojezdniowa dwukierunkowa,Odcinek prosty,Obszar zabudowany,20.2364444444444,52.2238888888889,Jezdnia,Dobre warunki atmosferyczne,Światło dzienne,Najechanie na pieszego,1,0,0,Nieokreślone (puste pole),N,,,,,,,,,,
EWK-104139055H,2016,2016-04-06,14,POWIAT PŁOŃSKI,CZERWIŃSK NAD WISŁĄ - OBSZAR WIEJSKI,Droga krajowa,62,Jednojezdniowa dwukierunkowa,Odcinek prosty,Obszar zabudowany,20.30375,52.4256111111111,Jezdnia,Dobre warunki atmosferyczne,Światło dzienne,Najechanie na pieszego,1,0,1,Lekko,N,,,,,,,,,,
EWK-104139055H,2016,2016-04-06,14,POWIAT PŁOŃSKI,CZERWIŃSK NAD WISŁĄ - OBSZAR WIEJSKI,Droga krajowa,62,Jednojezdniowa dwukierunkowa,Odcinek prosty,Obszar zabudowany,20.30375,52.4256111111111,Jezdnia,Dobre warunki atmosferyczne,Światło dzienne,Najechanie na pieszego,1,0,0,Nieokreślone (puste pole),N,,,,,,,,,,
EWK-104189173K,2016,2016-04-16,10,POWIAT ŻUROMIŃSKI,ŻUROMIN - OBSZAR WIEJSKI,Droga gminna,GMINNA,Jednojezdniowa dwukierunkowa,Odcinek prosty,Obszar zabudowany,19.9039722222222,53.0762222222222,Jezdnia,Dobre warunki atmosferyczne,Światło dzienne,Najechanie na pieszego,1,0,1,Ciężko,N,,,,,,,,,,
EWK-104189173K,2016,2016-04-16,10,POWIAT ŻUROMIŃSKI,ŻUROMIN - OBSZAR WIEJSKI,Droga gminna,GMINNA,Jednojezdniowa dwukierunkowa,Odcinek prosty,Obszar zabudowany,19.9039722222222,53.0762222222222,Jezdnia,Dobre warunki atmosferyczne,Światło dzienne,Najechanie na pieszego,1,0,0,Nieokreślone (puste pole),N,,,,,,,,,,
EWK-104205026Y,2016,2016-04-21,17,POWIAT GRÓJECKI,MOGIELNICA - OBSZAR WIEJSKI,Droga powiatowa,P,Jednojezdniowa dwukierunkowa,Odcinek prosty,Obszar zabudowany,20.7191111111111,51.7428888888889,Jezdnia,Dobre warunki atmosferyczne,Światło dzienne,Najechanie na pieszego,1,0,1,Ciężko,N,,,,,,,,,,
EWK-104205026Y,2016,2016-04-21,17,POWIAT GRÓJECKI,MOGIELNICA - OBSZAR WIEJSKI,Droga powiatowa,P,Jednojezdniowa dwukierunkowa,Odcinek prosty,Obszar zabudowany,20.7191111111111,51.7428888888889,Jezdnia,Dobre warunki atmosferyczne,Światło dzienne,Najechanie na pieszego,1,0,0,Nieokreślone (puste pole),N,,,,,,,,,,
EWK-104225232N,2016,2016-04-23,13,POWIAT RADOMSKI,WIERZBICA - OBSZAR WIEJSKI,Droga gminna,GMINNA,Jednojezdniowa dwukierunkowa,Odcinek prosty,Obszar zabudowany,21.0305277777778,51.2761388888889,Jezdnia,Dobre warunki atmosferyczne,Światło dzienne,Najechanie na pieszego,1,0,1,Lekko,N,,,,,,,,,,
EWK-104225232N,2016,2016-04-23,13,POWIAT RADOMSKI,WIERZBICA - OBSZAR WIEJSKI,Droga gminna,GMINNA,Jednojezdniowa dwukierunkowa,Odcinek prosty,Obszar zabudowany,21.0305277777778,51.2761388888889,Jezdnia,Dobre warunki atmosferyczne,Światło dzienne,Najechanie na pieszego,1,0,0,Nieokreślone (puste pole),N,,,,,,,,,,
EWK-104233810K,2016,2016-04-29,7,POWIAT ŻUROMIŃSKI,ŻUROMIN - OBSZAR MIEJSKI,Droga powiatowa,P,Jednojezdniowa dwukierunkowa,Odcinek prosty,Obszar zabudowany,19.9305277777778,53.0697777777778,Jezdnia,Dobre warunki atmosferyczne,Światło dzienne,Najechanie na pieszego,1,0,1,Lekko,N,,,,,,,,,,
EWK-104233810K,2016,2016-04-29,7,POWIAT ŻUROMIŃSKI,ŻUROMIN - OBSZAR MIEJSKI,Droga powiatowa,P,Jednojezdniowa dwukierunkowa,Odcinek prosty,Obszar zabudowany,19.9305277777778,53.0697777777778,Jezdnia,Dobre warunki atmosferyczne,Światło dzienne,Najechanie na pieszego,1,0,0,Nieokreślone (puste pole),N,,,,,,,,,,
EWK-104235739E,2016,2016-04-29,12,POWIAT OSTROŁĘKA,OSTROŁĘKA - OBSZAR MIEJSKI,Droga powiatowa,P5103W,Jednojezdniowa dwukierunkowa,Odcinek prosty,Obszar zabudowany,21.57525,53.1006111111111,Jezdnia,Dobre warunki atmosferyczne,Światło dzienne,Najechanie na pieszego,1,0,1,Lekko,N,,,,,,,,,,
EWK-104235739E,2016,2016-04-29,12,POWIAT OSTROŁĘKA,OSTROŁĘKA - OBSZAR MIEJSKI,Droga powiatowa,P5103W,Jednojezdniowa dwukierunkowa,Odcinek prosty,Obszar zabudowany,21.57525,53.1006111111111,Jezdnia,Dobre warunki atmosferyczne,Światło dzienne,Najechanie na pieszego,1,0,0,Nieokreślone (puste pole),N,,,,,,,,,,
EWK-104247968D,2016,2016-04-17,15,POWIAT GARWOLIŃSKI,ŁASKARZEW - OBSZAR WIEJSKI,Droga powiatowa,31324W,Jednojezdniowa dwukierunkowa,Odcinek prosty,Obszar zabudowany,21.5447222222222,51.8288888888889,Jezdnia,Dobre warunki atmosferyczne,Światło dzienne,Najechanie na pieszego,1,0,1,Ciężko,N,,,,,,,,,,
EWK-104247968D,2016,2016-04-17,15,POWIAT GARWOLIŃSKI,ŁASKARZEW - OBSZAR WIEJSKI,Droga powiatowa,31324W,Jednojezdniowa dwukierunkowa,Odcinek prosty,Obszar zabudowany,21.5447222222222,51.8288888888889,Jezdnia,Dobre warunki atmosferyczne,Światło dzienne,Najechanie na pieszego,1,0,0,Nieokreślone (puste pole),N,,,,,,,,,,
EWK-104284687L,2016,2016-05-10,19,POWIAT RADOMSKI,WIERZBICA - OBSZAR WIEJSKI,Droga wojewódzka,727,Jednojezdniowa dwukierunkowa,Odcinek prosty,Obszar zabudowany,21.0810277777778,51.2493888888889,Jezdnia,Dobre warunki atmosferyczne,Światło dzienne,Najechanie na pieszego,1,0,1,Lekko,N,,,,,,,,,,
EWK-104284687L,2016,2016-05-10,19,POWIAT RADOMSKI,WIERZBICA - OBSZAR WIEJSKI,Droga wojewódzka,727,Jednojezdniowa dwukierunkowa,Odcinek prosty,Obszar zabudowany,21.0810277777778,51.2493888888889,Jezdnia,Dobre warunki atmosferyczne,Światło dzienne,Najechanie na pieszego,1,0,0,Nieokreślone (puste pole),N,,,,,,,,,,
EWK-104407291H,2016,2016-05-31,11,POWIAT RADOMSKI,GÓZD - OBSZAR WIEJSKI,Nieokreślone (puste pole),,Jednojezdniowa dwukierunkowa,Odcinek prosty,Obszar zabudowany,21.3810833333333,51.3784722222222,Jezdnia,Dobre warunki atmosferyczne,Światło dzienne,Najechanie na pieszego,1,0,1,Ciężko,N,,,,,,,,,,
EWK-104407291H,2016,2016-05-31,11,POWIAT RADOMSKI,GÓZD - OBSZAR WIEJSKI,Nieokreślone (puste pole),,Jednojezdniowa dwukierunkowa,Odcinek prosty,Obszar zabudowany,21.3810833333333,51.3784722222222,Jezdnia,Dobre warunki atmosferyczne,Światło dzienne,Najechanie na pieszego,1,0,0,Nieokreślone (puste pole),N,,,,,,,,,,
EWK-104427819M,2016,2016-06-04,16,POWIAT KOZIENICKI,MAGNUSZEW - OBSZAR WIEJSKI,Droga krajowa,79,Jednojezdniowa dwukierunkowa,Odcinek prosty,Obszar niezabudowany,21.3106111111111,51.8304166666667,Jezdnia,Dobre warunki atmosferyczne,Światło dzienne,Najechanie na pieszego,1,0,1,Ciężko,N,,,,,,,,,,
EWK-104427819M,2016,2016-06-04,16,POWIAT KOZIENICKI,MAGNUSZEW - OBSZAR WIEJSKI,Droga krajowa,79,Jednojezdniowa dwukierunkowa,Odcinek prosty,Obszar niezabudowany,21.3106111111111,51.8304166666667,Jezdnia,Dobre warunki atmosferyczne,Światło dzienne,Najechanie na pieszego,1,0,0,Nieokreślone (puste pole),N,,,,,,,,,,
EWK-104437364R,2016,2016-06-07,11,POWIAT SZYDŁOWIECKI,SZYDŁOWIEC - OBSZAR MIEJSKI,Droga gminna,G400549W,Jednokierunkowa,Odcinek prosty,Obszar zabudowany,20.8578055555556,51.2246111111111,Jezdnia,Dobre warunki atmosferyczne,Światło dzienne,Najechanie na pieszego,1,0,1,Lekko,N,,,,,,,,,,
EWK-104437364R,2016,2016-06-07,11,POWIAT SZYDŁOWIECKI,SZYDŁOWIEC - OBSZAR MIEJSKI,Droga gminna,G400549W,Jednokierunkowa,Odcinek prosty,Obszar zabudowany,20.8578055555556,51.2246111111111,Jezdnia,Dobre warunki atmosferyczne,Światło dzienne,Najechanie na pieszego,1,0,0,Nieokreślone (puste pole),N,,,,,,,,,,
EWK-104441953P,2016,2016-05-25,12,POWIAT SOKOŁOWSKI,BIELANY - OBSZAR WIEJSKI,Droga krajowa,63,Jednojezdniowa dwukierunkowa,,Obszar zabudowany,22.2375,52.3239722222222,Jezdnia,Dobre warunki atmosferyczne,Światło dzienne,Najechanie na pieszego,1,0,1,Ciężko,N,,,,,,,,,,
EWK-104441953P,2016,2016-05-25,12,POWIAT SOKOŁOWSKI,BIELANY - OBSZAR WIEJSKI,Droga krajowa,63,Jednojezdniowa dwukierunkowa,,Obszar zabudowany,22.2375,52.3239722222222,Jezdnia,Dobre warunki atmosferyczne,Światło dzienne,Najechanie na pieszego,1,0,0,Nieokreślone (puste pole),N,,,,,,,,,,
EWK-104465215F,2016,2016-06-08,14,POWIAT OSTROŁĘCKI,GOWOROWO - OBSZAR WIEJSKI,Droga powiatowa,2547W,Jednojezdniowa dwukierunkowa,Odcinek prosty,Obszar zabudowany,21.4994166666667,52.8433888888889,Jezdnia,Dobre warunki atmosferyczne,Światło dzienne,Najechanie na pieszego,1,0,1,Ciężko,N,,,,,,,,,,
EWK-104465215F,2016,2016-06-08,14,POWIAT OSTROŁĘCKI,GOWOROWO - OBSZAR WIEJSKI,Droga powiatowa,2547W,Jednojezdniowa dwukierunkowa,Odcinek prosty,Obszar zabudowany,21.4994166666667,52.8433888888889,Jezdnia,Dobre warunki atmosferyczne,Światło dzienne,Najechanie na pieszego,1,0,0,Nieokreślone (puste pole),N,,,,,,,,,,
EWK-104482452W,2016,2016-06-14,15,POWIAT PŁOCKI,GĄBIN - OBSZAR WIEJSKI,Droga powiatowa,P6907W,Jednojezdniowa dwukierunkowa,Odcinek prosty,Obszar zabudowany,19.7266111111111,52.3583055555556,Jezdnia,Dobre warunki atmosferyczne,Światło dzienne,Najechanie na pieszego,1,0,1,Lekko,N,,,,,,,,,,
EWK-104482452W,2016,2016-06-14,15,POWIAT PŁOCKI,GĄBIN - OBSZAR WIEJSKI,Droga powiatowa,P6907W,Jednojezdniowa dwukierunkowa,Odcinek prosty,Obszar zabudowany,19.7266111111111,52.3583055555556,Jezdnia,Dobre warunki atmosferyczne,Światło dzienne,Najechanie na pieszego,1,0,0,Nieokreślone (puste pole),N,,,,,,,,,,
EWK-104515749U,2016,2016-06-18,8,POWIAT LIPSKI,SIENNO - OBSZAR WIEJSKI,Droga powiatowa,P,Jednojezdniowa dwukierunkowa,Odcinek prosty,Obszar zabudowany,21.4831111111111,51.1073888888889,Jezdnia,Dobre warunki atmosferyczne,Światło dzienne,Najechanie na pieszego,1,0,1,Ciężko,N,,,,,,,,,,
EWK-104515749U,2016,2016-06-18,8,POWIAT LIPSKI,SIENNO - OBSZAR WIEJSKI,Droga powiatowa,P,Jednojezdniowa dwukierunkowa,Odcinek prosty,Obszar zabudowany,21.4831111111111,51.1073888888889,Jezdnia,Dobre warunki atmosferyczne,Światło dzienne,Najechanie na pieszego,1,0,0,Nieokreślone (puste pole),N,,,,,,,,,,
EWK-104516604H,2016,2016-06-21,13,POWIAT PŁOCK,PŁOCK - OBSZAR MIEJSKI,Droga gminna,GMINNA,Jednojezdniowa dwukierunkowa,Odcinek prosty,Obszar zabudowany,19.7567777777778,52.5385555555556,Jezdnia,Dobre warunki atmosferyczne,Światło dzienne,Najechanie na pieszego,1,0,1,Lekko,N,,,,,,,,,,
EWK-104516604H,2016,2016-06-21,13,POWIAT PŁOCK,PŁOCK - OBSZAR MIEJSKI,Droga gminna,GMINNA,Jednojezdniowa dwukierunkowa,Odcinek prosty,Obszar zabudowany,19.7567777777778,52.5385555555556,Jezdnia,Dobre warunki atmosferyczne,Światło dzienne,Najechanie na pieszego,1,0,0,Nieokreślone (puste pole),N,,,,,,,,,,
EWK-104575566L,2016,2016-07-05,16,POWIAT SZYDŁOWIECKI,SZYDŁOWIEC - OBSZAR MIEJSKI,Droga powiatowa,P4015W,Jednojezdniowa dwukierunkowa,,Obszar zabudowany,20.86475,51.2205277777778,Jezdnia,Dobre warunki atmosferyczne,Światło dzienne,Najechanie na pieszego,1,0,1,Ciężko,N,,,,,,,,,,
EWK-104575566L,2016,2016-07-05,16,POWIAT SZYDŁOWIECKI,SZYDŁOWIEC - OBSZAR MIEJSKI,Droga powiatowa,P4015W,Jednojezdniowa dwukierunkowa,,Obszar zabudowany,20.86475,51.2205277777778,Jezdnia,Dobre warunki atmosferyczne,Światło dzienne,Najechanie na pieszego,1,0,0,Nieokreślone (puste pole),N,,,,,,,,,,
EWK-104590827C,2016,2016-07-07,11,POWIAT RADOMSKI,IŁŻA - OBSZAR MIEJSKI,Droga krajowa,9,Jednojezdniowa dwukierunkowa,Odcinek prosty,Obszar zabudowany,21.2506111111111,51.14325,Jezdnia,Dobre warunki atmosferyczne,Światło dzienne,Najechanie na pieszego,1,0,1,Ciężko,N,,,,,,,,,,
EWK-104590827C,2016,2016-07-07,11,POWIAT RADOMSKI,IŁŻA - OBSZAR MIEJSKI,Droga krajowa,9,Jednojezdniowa dwukierunkowa,Odcinek prosty,Obszar zabudowany,21.2506111111111,51.14325,Jezdnia,Dobre warunki atmosferyczne,Światło dzienne,Najechanie na pieszego,1,0,0,Nieokreślone (puste pole),N,,,,,,,,,,
EWK-104596298G,2016,2016-07-06,17,POWIAT SOKOŁOWSKI,JABŁONNA LACKA - OBSZAR WIEJSKI,Droga gminna,G390307W,Jednojezdniowa dwukierunkowa,Odcinek prosty,Obszar zabudowany,22.3736388888889,52.44,Jezdnia,Dobre warunki atmosferyczne,Światło dzienne,Najechanie na pieszego,1,0,1,Lekko,N,,,,,,,,,,
EWK-104596298G,2016,2016-07-06,17,POWIAT SOKOŁOWSKI,JABŁONNA LACKA - OBSZAR WIEJSKI,Droga gminna,G390307W,Jednojezdniowa dwukierunkowa,Odcinek prosty,Obszar zabudowany,22.3736388888889,52.44,Jezdnia,Dobre warunki atmosferyczne,Światło dzienne,Najechanie na pieszego,1,0,0,Nieokreślone (puste pole),N,,,,,,,,,,
EWK-104630841W,2016,2016-07-10,9,POWIAT GARWOLIŃSKI,BOROWIE - OBSZAR WIEJSKI,Droga powiatowa,P2234W,Jednojezdniowa dwukierunkowa,,Obszar zabudowany,21.8576944444444,51.9776111111111,Jezdnia,Dobre warunki atmosferyczne,Światło dzienne,Najechanie na pieszego,1,0,1,Lekko,N,,,,,,,,,,
EWK-104630841W,2016,2016-07-10,9,POWIAT GARWOLIŃSKI,BOROWIE - OBSZAR WIEJSKI,Droga powiatowa,P2234W,Jednojezdniowa dwukierunkowa,,Obszar zabudowany,21.8576944444444,51.9776111111111,Jezdnia,Dobre warunki atmosferyczne,Światło dzienne,Najechanie na pieszego,1,0,0,Nieokreślone (puste pole),N,,,,,,,,,,
EWK-104662380M,2016,2016-07-23,19,POWIAT RADOMSKI,PRZYTYK - OBSZAR WIEJSKI,Droga gminna,GMINNA,Jednojezdniowa dwukierunkowa,Odcinek prosty,Obszar zabudowany,20.9415,51.4631111111111,Jezdnia,Dobre warunki atmosferyczne,Światło dzienne,Najechanie na pieszego,1,0,2,Lekko,N,,,,,,,,,,
EWK-104667201K,2016,2016-07-25,11,POWIAT SZYDŁOWIECKI,SZYDŁOWIEC - OBSZAR WIEJSKI,Droga gminna,G400512W,Jednojezdniowa dwukierunkowa,Odcinek prosty,Obszar zabudowany,20.8885277777778,51.2694722222222,Jezdnia,Dobre warunki atmosferyczne,Światło dzienne,Najechanie na pieszego,1,0,1,Ciężko,N,,,,,,,,,,
EWK-104667201K,2016,2016-07-25,11,POWIAT SZYDŁOWIECKI,SZYDŁOWIEC - OBSZAR WIEJSKI,Droga gminna,G400512W,Jednojezdniowa dwukierunkowa,Odcinek prosty,Obszar zabudowany,20.8885277777778,51.2694722222222,Jezdnia,Dobre warunki atmosferyczne,Światło dzienne,Najechanie na pieszego,1,0,0,Nieokreślone (puste pole),N,,,,,,,,,,
EWK-104667800Y,2016,2016-07-25,10,POWIAT RADOM,RADOM - OBSZAR MIEJSKI,Droga gminna,GMINNA,Jednojezdniowa dwukierunkowa,Odcinek prosty,Obszar zabudowany,21.1887222222222,51.3739166666667,Jezdnia,Dobre warunki atmosferyczne,Światło dzienne,Najechanie na pieszego,1,0,1,Lekko,N,,,,,,,,,,
EWK-104667800Y,2016,2016-07-25,10,POWIAT RADOM,RADOM - OBSZAR MIEJSKI,Droga gminna,GMINNA,Jednojezdniowa dwukierunkowa,Odcinek prosty,Obszar zabudowany,21.1887222222222,51.3739166666667,Jezdnia,Dobre warunki atmosferyczne,Światło dzienne,Najechanie na pieszego,1,0,0,Nieokreślone (puste pole),N,,,,,,,,,,
EWK-104669739W,2016,2016-07-27,11,POWIAT PUŁTUSKI,PUŁTUSK - OBSZAR WIEJSKI,Droga powiatowa,P3238W  ,Jednojezdniowa dwukierunkowa,Odcinek prosty,Obszar zabudowany,21.0588888888889,52.76975,Jezdnia,Dobre warunki atmosferyczne,Światło dzienne,Najechanie na pieszego,1,0,1,Lekko,N,,,,,,,,,,
EWK-104669739W,2016,2016-07-27,11,POWIAT PUŁTUSKI,PUŁTUSK - OBSZAR WIEJSKI,Droga powiatowa,P3238W  ,Jednojezdniowa dwukierunkowa,Odcinek prosty,Obszar zabudowany,21.0588888888889,52.76975,Jezdnia,Dobre warunki atmosferyczne,Światło dzienne,Najechanie na pieszego,1,0,0,Nieokreślone (puste pole),N,,,,,,,,,,
EWK-104703645J,2016,2016-08-04,18,N,POWIAT MŁAWSKI, Wzniesienie,P2306W,Droga powiatowa,Odcinek prosty,Obszar niezabudowany,20.5260833333333,53.2077222222222,Jezdnia,Dobre warunki atmosferyczne,Światło dzienne,Najechanie na pieszego,1,0,1,Ciężko,Jednojezdniowa dwukierunkowa,,,,,,,,,,
EWK-104703645J,2016,2016-08-04,18,N,POWIAT MŁAWSKI, Wzniesienie,P2306W,Droga powiatowa,Odcinek prosty,Obszar niezabudowany,20.5260833333333,53.2077222222222,Jezdnia,Dobre warunki atmosferyczne,Światło dzienne,Najechanie na pieszego,1,0,0,Nieokreślone (puste pole),Jednojezdniowa dwukierunkowa,,,,,,,,,,
EWK-104717308E,2016,2016-08-09,8,POWIAT PŁOCK,PŁOCK - OBSZAR MIEJSKI,Droga krajowa,60,Dwie jezdnie jednokierunkowe,Odcinek prosty,Obszar zabudowany,19.7385,52.5385555555556,Jezdnia,Dobre warunki atmosferyczne,Światło dzienne,Najechanie na pieszego,1,0,1,Lekko,N,,,,,,,,,,
EWK-104717308E,2016,2016-08-09,8,POWIAT PŁOCK,PŁOCK - OBSZAR MIEJSKI,Droga krajowa,60,Dwie jezdnie jednokierunkowe,Odcinek prosty,Obszar zabudowany,19.7385,52.5385555555556,Jezdnia,Dobre warunki atmosferyczne,Światło dzienne,Najechanie na pieszego,1,0,0,Nieokreślone (puste pole),N,,,,,,,,,,
EWK-104717478G,2016,2016-08-09,17,POWIAT ŁOSICKI,PLATERÓW - OBSZAR WIEJSKI,Droga powiatowa,02105W,Jednojezdniowa dwukierunkowa,Odcinek prosty,Obszar zabudowany,22.80925,52.322,Jezdnia,Dobre warunki atmosferyczne,Światło dzienne,Najechanie na pieszego,1,0,1,Lekko,N,,,,,,,,,,
EWK-104717478G,2016,2016-08-09,17,POWIAT ŁOSICKI,PLATERÓW - OBSZAR WIEJSKI,Droga powiatowa,02105W,Jednojezdniowa dwukierunkowa,Odcinek prosty,Obszar zabudowany,22.80925,52.322,Jezdnia,Dobre warunki atmosferyczne,Światło dzienne,Najechanie na pieszego,1,0,0,Nieokreślone (puste pole),N,,,,,,,,,,
EWK-104757806E,2016,2016-08-20,11,POWIAT PŁOCKI,ŁĄCK - OBSZAR WIEJSKI,Droga powiatowa,P2974W,Jednojezdniowa dwukierunkowa,"Zakręt, łuk",Obszar niezabudowany,19.5820833333333,52.4908055555556,Jezdnia,Dobre warunki atmosferyczne,Światło dzienne,Najechanie na pieszego,1,0,1,Lekko,T,,,,,,,,,,
EWK-104757806E,2016,2016-08-20,11,POWIAT PŁOCKI,ŁĄCK - OBSZAR WIEJSKI,Droga powiatowa,P2974W,Jednojezdniowa dwukierunkowa,"Zakręt, łuk",Obszar niezabudowany,19.5820833333333,52.4908055555556,Jezdnia,Dobre warunki atmosferyczne,Światło dzienne,Najechanie na pieszego,1,0,0,Nieokreślone (puste pole),T,,,,,,,,,,
EWK-104784276N,2016,2016-08-28,16,POWIAT GRÓJECKI,PNIEWY - OBSZAR WIEJSKI,Droga gminna,GMINNA,Jednojezdniowa dwukierunkowa,Odcinek prosty,Obszar zabudowany,20.6790277777778,51.8884166666667,Jezdnia,Dobre warunki atmosferyczne,Światło dzienne,Najechanie na pieszego,1,0,1,Ciężko,N,,,,,,,,,,
EWK-104784276N,2016,2016-08-28,16,POWIAT GRÓJECKI,PNIEWY - OBSZAR WIEJSKI,Droga gminna,GMINNA,Jednojezdniowa dwukierunkowa,Odcinek prosty,Obszar zabudowany,20.6790277777778,51.8884166666667,Jezdnia,Dobre warunki atmosferyczne,Światło dzienne,Najechanie na pieszego,1,0,0,Nieokreślone (puste pole),N,,,,,,,,,,