IDKSIP,year,date,hour,district,district_commune,road_category,road_number,type_of_road,road_geometry,area,Longitude,Latitude,char_place_of_the_event,weather_conditions,lighting,type_of_accident,num_of_accidents,num_of_fatalities,num_of_injured,type_of_injury,is_offender_intoxicated,,,,,,,,,,
EWK-104797876T,2016,2016-08-13,12,POWIAT SOKOŁOWSKI,SABNIE - OBSZAR WIEJSKI,Droga krajowa,63,Jednojezdniowa dwukierunkowa,Odcinek prosty,Obszar zabudowany,22.3137222222222,52.5273055555556,Jezdnia,Dobre warunki atmosferyczne,Światło dzienne,Najechanie na pieszego,1,0,1,Lekko,N,,,,,,,,,,
EWK-104797876T,2016,2016-08-13,12,POWIAT SOKOŁOWSKI,SABNIE - OBSZAR WIEJSKI,Droga krajowa,63,Jednojezdniowa dwukierunkowa,Odcinek prosty,Obszar zabudowany,22.3137222222222,52.5273055555556,Jezdnia,Dobre warunki atmosferyczne,Światło dzienne,Najechanie na pieszego,1,0,0,Nieokreślone (puste pole),N,,,,,,,,,,
EWK-104810044F,2016,2016-09-05,16,POWIAT PŁOCK,PŁOCK - OBSZAR MIEJSKI,Droga gminna,GMINNA,Jednojezdniowa dwukierunkowa,Odcinek prosty,Obszar zabudowany,19.6966666666667,52.5469166666667,Jezdnia,Dobre warunki atmosferyczne,Światło dzienne,Najechanie na pieszego,1,0,1,Lekko,N,,,,,,,,,,
EWK-104810044F,2016,2016-09-05,16,POWIAT PŁOCK,PŁOCK - OBSZAR MIEJSKI,Droga gminna,GMINNA,Jednojezdniowa dwukierunkowa,Odcinek prosty,Obszar zabudowany,19.6966666666667,52.5469166666667,Jezdnia,Dobre warunki atmosferyczne,Światło dzienne,Najechanie na pieszego,1,0,0,Nieokreślone (puste pole),N,,,,,,,,,,
EWK-104810056K,2016,2016-09-02,9,POWIAT RADOM,RADOM - OBSZAR MIEJSKI,Droga powiatowa,P5347W,Jednojezdniowa dwukierunkowa,,Obszar zabudowany,21.165,51.3999444444444,Jezdnia,Dobre warunki atmosferyczne,Światło dzienne,Najechanie na pieszego,1,1,0,Nieokreślone (puste pole),N,,,,,,,,,,
EWK-104824824R,2016,2016-09-08,6,POWIAT KOZIENICKI,KOZIENICE - OBSZAR MIEJSKI,Droga gminna,G170564W,Jednojezdniowa dwukierunkowa,,Obszar zabudowany,21.5635555555556,51.5971944444445,Jezdnia,Dobre warunki atmosferyczne,Światło dzienne,Najechanie na pieszego,1,0,1,Ciężko,N,,,,,,,,,,
EWK-104824824R,2016,2016-09-08,6,POWIAT KOZIENICKI,KOZIENICE - OBSZAR MIEJSKI,Droga gminna,G170564W,Jednojezdniowa dwukierunkowa,,Obszar zabudowany,21.5635555555556,51.5971944444445,Jezdnia,Dobre warunki atmosferyczne,Światło dzienne,Najechanie na pieszego,1,0,0,Nieokreślone (puste pole),N,,,,,,,,,,
EWK-104829916M,2016,2016-09-09,15,POWIAT PŁOCK,PŁOCK - OBSZAR MIEJSKI,Droga krajowa,60,Dwie jezdnie jednokierunkowe,Odcinek prosty,Obszar zabudowany,19.7046111111111,52.5469722222222,Jezdnia,Dobre warunki atmosferyczne,Światło dzienne,Najechanie na pieszego,1,0,1,Ciężko,N,,,,,,,,,,
EWK-104829916M,2016,2016-09-09,15,POWIAT PŁOCK,PŁOCK - OBSZAR MIEJSKI,Droga krajowa,60,Dwie jezdnie jednokierunkowe,Odcinek prosty,Obszar zabudowany,19.7046111111111,52.5469722222222,Jezdnia,Dobre warunki atmosferyczne,Światło dzienne,Najechanie na pieszego,1,0,0,Nieokreślone (puste pole),N,,,,,,,,,,
EWK-104830059G,2016,2016-09-10,8,POWIAT KOZIENICKI,GARBATKA-LETNISKO - OBSZAR WIEJSKI,Droga wojewódzka,691,Jednojezdniowa dwukierunkowa,Odcinek prosty,Obszar zabudowany,21.6116388888889,51.4848611111111,Jezdnia,Dobre warunki atmosferyczne,Światło dzienne,Najechanie na pieszego,1,0,1,Lekko,N,,,,,,,,,,
EWK-104830059G,2016,2016-09-10,8,POWIAT KOZIENICKI,GARBATKA-LETNISKO - OBSZAR WIEJSKI,Droga wojewódzka,691,Jednojezdniowa dwukierunkowa,Odcinek prosty,Obszar zabudowany,21.6116388888889,51.4848611111111,Jezdnia,Dobre warunki atmosferyczne,Światło dzienne,Najechanie na pieszego,1,0,0,Nieokreślone (puste pole),N,,,,,,,,,,
EWK-104834443J,2016,2016-09-09,8,POWIAT PŁOŃSKI,PŁOŃSK - OBSZAR MIEJSKI,Droga powiatowa,P3021W,Jednojezdniowa dwukierunkowa,Odcinek prosty,Obszar zabudowany,20.3895,52.6308611111111,Jezdnia,Dobre warunki atmosferyczne,Światło dzienne,Najechanie na pieszego,1,0,1,Ciężko,N,,,,,,,,,,
EWK-104834443J,2016,2016-09-09,8,POWIAT PŁOŃSKI,PŁOŃSK - OBSZAR MIEJSKI,Droga powiatowa,P3021W,Jednojezdniowa dwukierunkowa,Odcinek prosty,Obszar zabudowany,20.3895,52.6308611111111,Jezdnia,Dobre warunki atmosferyczne,Światło dzienne,Najechanie na pieszego,1,0,0,Nieokreślone (puste pole),N,,,,,,,,,,
EWK-104861196N,2016,2016-09-15,6,POWIAT SIEDLECKI,WODYNIE - OBSZAR WIEJSKI,Droga wojewódzka,803,Jednojezdniowa dwukierunkowa,Odcinek prosty,Obszar zabudowany,22.0902777777778,52.0711944444445,Jezdnia,Dobre warunki atmosferyczne,Światło dzienne,Najechanie na pieszego,1,0,1,Lekko,N,,,,,,,,,,
EWK-104861196N,2016,2016-09-15,6,POWIAT SIEDLECKI,WODYNIE - OBSZAR WIEJSKI,Droga wojewódzka,803,Jednojezdniowa dwukierunkowa,Odcinek prosty,Obszar zabudowany,22.0902777777778,52.0711944444445,Jezdnia,Dobre warunki atmosferyczne,Światło dzienne,Najechanie na pieszego,1,0,0,Nieokreślone (puste pole),N,,,,,,,,,,
EWK-104880941Y,2016,2016-09-28,10,POWIAT RADOM,RADOM - OBSZAR MIEJSKI,Droga powiatowa,P5307W,Jednojezdniowa dwukierunkowa,,Obszar zabudowany,21.1494166666667,51.4093888888889,Jezdnia,Dobre warunki atmosferyczne,Światło dzienne,Najechanie na pieszego,1,0,1,Lekko,N,,,,,,,,,,
EWK-104880941Y,2016,2016-09-28,10,POWIAT RADOM,RADOM - OBSZAR MIEJSKI,Droga powiatowa,P5307W,Jednojezdniowa dwukierunkowa,,Obszar zabudowany,21.1494166666667,51.4093888888889,Jezdnia,Dobre warunki atmosferyczne,Światło dzienne,Najechanie na pieszego,1,0,0,Nieokreślone (puste pole),N,,,,,,,,,,
EWK-104908383C,2016,2016-10-11,12,POWIAT PRZASNYSKI,PRZASNYSZ - OBSZAR MIEJSKI,Droga gminna,G320714W,Jednokierunkowa,,Obszar zabudowany,20.8823055555556,53.0196111111111,Jezdnia,Dobre warunki atmosferyczne,Światło dzienne,Najechanie na pieszego,1,0,1,Ciężko,N,,,,,,,,,,
EWK-104908383C,2016,2016-10-11,12,POWIAT PRZASNYSKI,PRZASNYSZ - OBSZAR MIEJSKI,Droga gminna,G320714W,Jednokierunkowa,,Obszar zabudowany,20.8823055555556,53.0196111111111,Jezdnia,Dobre warunki atmosferyczne,Światło dzienne,Najechanie na pieszego,1,0,0,Nieokreślone (puste pole),N,,,,,,,,,,
EWK-104977733D,2016,2016-10-28,8,POWIAT RADOMSKI,PIONKI - OBSZAR MIEJSKI,Droga gminna,GMINNA,Jednojezdniowa dwukierunkowa,Odcinek prosty,Obszar zabudowany,21.4475555555556,51.4778888888889,Jezdnia,Dobre warunki atmosferyczne,Światło dzienne,Najechanie na pieszego,1,0,1,Lekko,N,,,,,,,,,,
EWK-104977733D,2016,2016-10-28,8,POWIAT RADOMSKI,PIONKI - OBSZAR MIEJSKI,Droga gminna,GMINNA,Jednojezdniowa dwukierunkowa,Odcinek prosty,Obszar zabudowany,21.4475555555556,51.4778888888889,Jezdnia,Dobre warunki atmosferyczne,Światło dzienne,Najechanie na pieszego,1,0,0,Nieokreślone (puste pole),N,,,,,,,,,,
EWK-105115264K,2016,2016-11-18,12,POWIAT OSTROWSKI,OSTRÓW MAZOWIECKA - OBSZAR WIEJSKI,Droga wojewódzka,627,Jednojezdniowa dwukierunkowa,Odcinek prosty,Obszar zabudowany,21.84475,52.8310555555556,Jezdnia,Dobre warunki atmosferyczne,Światło dzienne,Najechanie na pieszego,1,1,0,Nieokreślone (puste pole),N,,,,,,,,,,
EWK-105124879R,2016,2016-11-19,14,POWIAT RADOM,RADOM - OBSZAR MIEJSKI,Droga powiatowa,P5301W,Dwie jezdnie jednokierunkowe,Odcinek prosty,Obszar zabudowany,21.1604166666667,51.4130277777778,Jezdnia,Dobre warunki atmosferyczne,Światło dzienne,Najechanie na pieszego,1,0,1,Lekko,N,,,,,,,,,,
EWK-105124879R,2016,2016-11-19,14,POWIAT RADOM,RADOM - OBSZAR MIEJSKI,Droga powiatowa,P5301W,Dwie jezdnie jednokierunkowe,Odcinek prosty,Obszar zabudowany,21.1604166666667,51.4130277777778,Jezdnia,Dobre warunki atmosferyczne,Światło dzienne,Najechanie na pieszego,1,0,0,Nieokreślone (puste pole),N,,,,,,,,,,
EWK-105125815G,2016,2016-11-23,12,POWIAT RADOMSKI,IŁŻA - OBSZAR WIEJSKI,Droga gminna,GMINNA,Jednojezdniowa dwukierunkowa,Odcinek prosty,Obszar zabudowany,21.2070833333333,51.1921944444444,Jezdnia,Dobre warunki atmosferyczne,Światło dzienne,Najechanie na pieszego,1,0,1,Ciężko,T,,,,,,,,,,
EWK-105125815G,2016,2016-11-23,12,POWIAT RADOMSKI,IŁŻA - OBSZAR WIEJSKI,Droga gminna,GMINNA,Jednojezdniowa dwukierunkowa,Odcinek prosty,Obszar zabudowany,21.2070833333333,51.1921944444444,Jezdnia,Dobre warunki atmosferyczne,Światło dzienne,Najechanie na pieszego,1,0,0,Nieokreślone (puste pole),T,,,,,,,,,,
EWK-105296677N,2016,2016-12-21,9,POWIAT PŁOCKI,BODZANÓW - OBSZAR WIEJSKI,Droga gminna,GMINNA,Jednojezdniowa dwukierunkowa,Odcinek prosty,Obszar zabudowany,20.0306944444444,52.5246666666667,Jezdnia,Dobre warunki atmosferyczne,Światło dzienne,Najechanie na pieszego,1,0,1,Lekko,N,,,,,,,,,,
EWK-105296677N,2016,2016-12-21,9,POWIAT PŁOCKI,BODZANÓW - OBSZAR WIEJSKI,Droga gminna,GMINNA,Jednojezdniowa dwukierunkowa,Odcinek prosty,Obszar zabudowany,20.0306944444444,52.5246666666667,Jezdnia,Dobre warunki atmosferyczne,Światło dzienne,Najechanie na pieszego,1,0,0,Nieokreślone (puste pole),N,,,,,,,,,,
EWK-104835355Y,2016,2016-09-09,15,POWIAT GRÓJECKI,NOWE MIASTO NAD PILICĄ - OBSZAR MIEJSKI,Droga gminna,GMINNA,Jednojezdniowa dwukierunkowa,Odcinek prosty,Obszar zabudowany,20.5638888888889,51.6262222222222,"Parking, plac, MOP",Dobre warunki atmosferyczne,Światło dzienne,Najechanie na pieszego,1,0,1,Lekko,N,,,,,,,,,,
EWK-104835355Y,2016,2016-09-09,15,POWIAT GRÓJECKI,NOWE MIASTO NAD PILICĄ - OBSZAR MIEJSKI,Droga gminna,GMINNA,Jednojezdniowa dwukierunkowa,Odcinek prosty,Obszar zabudowany,20.5638888888889,51.6262222222222,"Parking, plac, MOP",Dobre warunki atmosferyczne,Światło dzienne,Najechanie na pieszego,1,0,0,Nieokreślone (puste pole),N,,,,,,,,,,
EWK-104366543Y,2016,2016-05-25,18,POWIAT KOZIENICKI,MAGNUSZEW - OBSZAR WIEJSKI,Inna,I2,Jednokierunkowa,Odcinek prosty,Obszar zabudowany,21.3990555555556,51.7721944444445,"Parking, plac, MOP (od 11.2015)",Dobre warunki atmosferyczne,Światło dzienne,Najechanie na pieszego,1,0,1,Lekko,N,,,,,,,,,,
EWK-104366543Y,2016,2016-05-25,18,POWIAT KOZIENICKI,MAGNUSZEW - OBSZAR WIEJSKI,Inna,I2,Jednokierunkowa,Odcinek prosty,Obszar zabudowany,21.3990555555556,51.7721944444445,"Parking, plac, MOP (od 11.2015)",Dobre warunki atmosferyczne,Światło dzienne,Najechanie na pieszego,1,0,0,Nieokreślone (puste pole),N,,,,,,,,,,
EWK-104024096Y,2016,2016-03-09,10,POWIAT PŁOCKI,MAŁA WIEŚ - OBSZAR WIEJSKI,Droga gminna,GMINNA,Jednojezdniowa dwukierunkowa,"Zakręt, łuk",Obszar zabudowany,20.1240555555556,52.45625,Pobocze,Dobre warunki atmosferyczne,Światło dzienne,Najechanie na pieszego,1,0,1,Lekko,N,,,,,,,,,,
EWK-104024096Y,2016,2016-03-09,10,POWIAT PŁOCKI,MAŁA WIEŚ - OBSZAR WIEJSKI,Droga gminna,GMINNA,Jednojezdniowa dwukierunkowa,"Zakręt, łuk",Obszar zabudowany,20.1240555555556,52.45625,Pobocze,Dobre warunki atmosferyczne,Światło dzienne,Najechanie na pieszego,1,0,0,Nieokreślone (puste pole),N,,,,,,,,,,
EWK-104830057A,2016,2016-09-11,2,POWIAT PŁOCKI,SŁUPNO - OBSZAR WIEJSKI,Droga gminna,GMINNA,Jednojezdniowa dwukierunkowa,Odcinek prosty,Obszar zabudowany,19.783,52.487,Pobocze,Dobre warunki atmosferyczne,Światło dzienne,Najechanie na pieszego,1,0,1,Lekko,N,,,,,,,,,,
EWK-104830057A,2016,2016-09-11,2,POWIAT PŁOCKI,SŁUPNO - OBSZAR WIEJSKI,Droga gminna,GMINNA,Jednojezdniowa dwukierunkowa,Odcinek prosty,Obszar zabudowany,19.783,52.487,Pobocze,Dobre warunki atmosferyczne,Światło dzienne,Najechanie na pieszego,1,0,0,Nieokreślone (puste pole),N,,,,,,,,,,
EWK-104197221L,2016,2016-04-18,17,POWIAT RADOM,RADOM - OBSZAR MIEJSKI,Droga powiatowa,P5301W,Jednojezdniowa dwukierunkowa,Odcinek prosty,Obszar zabudowany,21.1570277777778,51.4068055555556,Przejazd dla rowerzystów (od 11.2015),Dobre warunki atmosferyczne,Światło dzienne,Najechanie na pieszego,1,0,1,Lekko,T,,,,,,,,,,
EWK-104197221L,2016,2016-04-18,17,POWIAT RADOM,RADOM - OBSZAR MIEJSKI,Droga powiatowa,P5301W,Jednojezdniowa dwukierunkowa,Odcinek prosty,Obszar zabudowany,21.1570277777778,51.4068055555556,Przejazd dla rowerzystów (od 11.2015),Dobre warunki atmosferyczne,Światło dzienne,Najechanie na pieszego,1,0,0,Nieokreślone (puste pole),T,,,,,,,,,,
EWK-103765970L,2016,2016-01-10,10,POWIAT LIPSKI,LIPSKO - OBSZAR MIEJSKI,Droga krajowa,79,Jednojezdniowa dwukierunkowa,Odcinek prosty,Obszar zabudowany,21.64975,51.1580833333333,Przejście dla pieszych,Dobre warunki atmosferyczne,Światło dzienne,Najechanie na pieszego,1,0,1,Lekko,N,,,,,,,,,,
EWK-103765970L,2016,2016-01-10,10,POWIAT LIPSKI,LIPSKO - OBSZAR MIEJSKI,Droga krajowa,79,Jednojezdniowa dwukierunkowa,Odcinek prosty,Obszar zabudowany,21.64975,51.1580833333333,Przejście dla pieszych,Dobre warunki atmosferyczne,Światło dzienne,Najechanie na pieszego,1,0,0,Nieokreślone (puste pole),N,,,,,,,,,,
EWK-103853376M,2016,2016-02-05,8,POWIAT SIERPECKI,SIERPC - OBSZAR MIEJSKI,Droga krajowa,10,Jednojezdniowa dwukierunkowa,Odcinek prosty,Obszar zabudowany,19.6823888888889,52.8635,Przejście dla pieszych,Dobre warunki atmosferyczne,Światło dzienne,Najechanie na pieszego,1,1,0,Nieokreślone (puste pole),N,,,,,,,,,,
EWK-103911496A,2016,2016-02-05,15,POWIAT GARWOLIŃSKI,PILAWA - OBSZAR WIEJSKI,Droga krajowa,17,Jednojezdniowa dwukierunkowa,,Obszar zabudowany,21.5601111111111,51.97375,Przejście dla pieszych,Dobre warunki atmosferyczne,Światło dzienne,Najechanie na pieszego,1,0,1,Ciężko,N,,,,,,,,,,
EWK-103911496A,2016,2016-02-05,15,POWIAT GARWOLIŃSKI,PILAWA - OBSZAR WIEJSKI,Droga krajowa,17,Jednojezdniowa dwukierunkowa,,Obszar zabudowany,21.5601111111111,51.97375,Przejście dla pieszych,Dobre warunki atmosferyczne,Światło dzienne,Najechanie na pieszego,1,0,0,Nieokreślone (puste pole),N,,,,,,,,,,
EWK-103959590H,2016,2016-03-02,9,POWIAT RADOM,RADOM - OBSZAR MIEJSKI,Droga powiatowa,P5308W,Jednojezdniowa dwukierunkowa,,Obszar zabudowany,21.1653333333333,51.4096944444444,Przejście dla pieszych,Dobre warunki atmosferyczne,Światło dzienne,Najechanie na pieszego,1,0,1,Lekko,N,,,,,,,,,,
EWK-103959590H,2016,2016-03-02,9,POWIAT RADOM,RADOM - OBSZAR MIEJSKI,Droga powiatowa,P5308W,Jednojezdniowa dwukierunkowa,,Obszar zabudowany,21.1653333333333,51.4096944444444,Przejście dla pieszych,Dobre warunki atmosferyczne,Światło dzienne,Najechanie na pieszego,1,0,0,Nieokreślone (puste pole),N,,,,,,,,,,
EWK-104010403F,2016,2016-03-10,13,POWIAT SOKOŁOWSKI,SOKOŁÓW PODLASKI - OBSZAR MIEJSKI,Droga krajowa,62,Jednojezdniowa dwukierunkowa,Odcinek prosty,Obszar zabudowany,22.2420555555556,52.4070555555556,Przejście dla pieszych,Dobre warunki atmosferyczne,Światło dzienne,Najechanie na pieszego,1,0,1,Lekko,N,,,,,,,,,,
EWK-104010403F,2016,2016-03-10,13,POWIAT SOKOŁOWSKI,SOKOŁÓW PODLASKI - OBSZAR MIEJSKI,Droga krajowa,62,Jednojezdniowa dwukierunkowa,Odcinek prosty,Obszar zabudowany,22.2420555555556,52.4070555555556,Przejście dla pieszych,Dobre warunki atmosferyczne,Światło dzienne,Najechanie na pieszego,1,0,0,Nieokreślone (puste pole),N,,,,,,,,,,
EWK-104043725P,2016,2016-03-17,5,POWIAT GRÓJECKI,WARKA - OBSZAR MIEJSKI,Droga gminna,GMINNA,Jednojezdniowa dwukierunkowa,Odcinek prosty,Obszar zabudowany,21.1796666666667,51.7892222222222,Przejście dla pieszych,Dobre warunki atmosferyczne,Światło dzienne,Najechanie na pieszego,1,0,1,Lekko,N,,,,,,,,,,
EWK-104043725P,2016,2016-03-17,5,POWIAT GRÓJECKI,WARKA - OBSZAR MIEJSKI,Droga gminna,GMINNA,Jednojezdniowa dwukierunkowa,Odcinek prosty,Obszar zabudowany,21.1796666666667,51.7892222222222,Przejście dla pieszych,Dobre warunki atmosferyczne,Światło dzienne,Najechanie na pieszego,1,0,0,Nieokreślone (puste pole),N,,,,,,,,,,
EWK-104044158A,2016,2016-03-17,7,POWIAT RADOMSKI,SKARYSZEW - OBSZAR WIEJSKI,Droga krajowa,9,Jednojezdniowa dwukierunkowa,Odcinek prosty,Obszar zabudowany,21.2211666666667,51.3468333333333,Przejście dla pieszych,Dobre warunki atmosferyczne,Światło dzienne,Najechanie na pieszego,1,0,1,Lekko,N,,,,,,,,,,
EWK-104044158A,2016,2016-03-17,7,POWIAT RADOMSKI,SKARYSZEW - OBSZAR WIEJSKI,Droga krajowa,9,Jednojezdniowa dwukierunkowa,Odcinek prosty,Obszar zabudowany,21.2211666666667,51.3468333333333,Przejście dla pieszych,Dobre warunki atmosferyczne,Światło dzienne,Najechanie na pieszego,1,0,0,Nieokreślone (puste pole),N,,,,,,,,,,
EWK-104108353H,2016,2016-03-30,16,POWIAT RADOM,RADOM - OBSZAR MIEJSKI,Droga powiatowa,P5309W,Jednojezdniowa dwukierunkowa,,Obszar zabudowany,21.1614722222222,51.3978611111111,Przejście dla pieszych,Dobre warunki atmosferyczne,Światło dzienne,Najechanie na pieszego,1,0,1,Lekko,N,,,,,,,,,,
EWK-104108353H,2016,2016-03-30,16,POWIAT RADOM,RADOM - OBSZAR MIEJSKI,Droga powiatowa,P5309W,Jednojezdniowa dwukierunkowa,,Obszar zabudowany,21.1614722222222,51.3978611111111,Przejście dla pieszych,Dobre warunki atmosferyczne,Światło dzienne,Najechanie na pieszego,1,0,0,Nieokreślone (puste pole),N,,,,,,,,,,
EWK-104136097T,2016,2016-04-06,9,POWIAT GRÓJECKI,GRÓJEC - OBSZAR MIEJSKI,Droga powiatowa,P,Jednojezdniowa dwukierunkowa,Odcinek prosty,Obszar zabudowany,20.8700833333333,51.8656944444444,Przejście dla pieszych,Dobre warunki atmosferyczne,Światło dzienne,Najechanie na pieszego,1,0,1,Ciężko,N,,,,,,,,,,
EWK-104136097T,2016,2016-04-06,9,POWIAT GRÓJECKI,GRÓJEC - OBSZAR MIEJSKI,Droga powiatowa,P,Jednojezdniowa dwukierunkowa,Odcinek prosty,Obszar zabudowany,20.8700833333333,51.8656944444444,Przejście dla pieszych,Dobre warunki atmosferyczne,Światło dzienne,Najechanie na pieszego,1,0,0,Nieokreślone (puste pole),N,,,,,,,,,,
EWK-104160038P,2016,2016-04-01,16,POWIAT SOKOŁOWSKI,SOKOŁÓW PODLASKI - OBSZAR MIEJSKI,Droga krajowa,62,Jednojezdniowa dwukierunkowa,,Obszar zabudowany,22.2446944444444,52.4069166666667,Przejście dla pieszych,Dobre warunki atmosferyczne,Światło dzienne,Najechanie na pieszego,1,0,1,Lekko,N,,,,,,,,,,
EWK-104160038P,2016,2016-04-01,16,POWIAT SOKOŁOWSKI,SOKOŁÓW PODLASKI - OBSZAR MIEJSKI,Droga krajowa,62,Jednojezdniowa dwukierunkowa,,Obszar zabudowany,22.2446944444444,52.4069166666667,Przejście dla pieszych,Dobre warunki atmosferyczne,Światło dzienne,Najechanie na pieszego,1,0,0,Nieokreślone (puste pole),N,,,,,,,,,,
EWK-104189004Q,2016,2016-04-16,11,POWIAT SOCHACZEWSKI,IŁÓW - OBSZAR WIEJSKI,Droga wojewódzka,577,Jednojezdniowa dwukierunkowa,,Obszar zabudowany,20.2894166666667,52.2568333333333,Przejście dla pieszych,Dobre warunki atmosferyczne,Światło dzienne,Najechanie na pieszego,1,0,1,Lekko,N,,,,,,,,,,
EWK-104189004Q,2016,2016-04-16,11,POWIAT SOCHACZEWSKI,IŁÓW - OBSZAR WIEJSKI,Droga wojewódzka,577,Jednojezdniowa dwukierunkowa,,Obszar zabudowany,20.2894166666667,52.2568333333333,Przejście dla pieszych,Dobre warunki atmosferyczne,Światło dzienne,Najechanie na pieszego,1,0,0,Nieokreślone (puste pole),N,,,,,,,,,,
EWK-104227094Q,2016,2016-04-26,14,POWIAT OSTROWSKI,OSTRÓW MAZOWIECKA - OBSZAR MIEJSKI,Droga gminna,GMINNA,Jednojezdniowa dwukierunkowa,,Obszar zabudowany,21.8985555555556,52.8050277777778,Przejście dla pieszych,Dobre warunki atmosferyczne,Światło dzienne,Najechanie na pieszego,1,0,1,Lekko,N,,,,,,,,,,
EWK-104227094Q,2016,2016-04-26,14,POWIAT OSTROWSKI,OSTRÓW MAZOWIECKA - OBSZAR MIEJSKI,Droga gminna,GMINNA,Jednojezdniowa dwukierunkowa,,Obszar zabudowany,21.8985555555556,52.8050277777778,Przejście dla pieszych,Dobre warunki atmosferyczne,Światło dzienne,Najechanie na pieszego,1,0,0,Nieokreślone (puste pole),N,,,,,,,,,,
EWK-104227437Q,2016,2016-04-22,10,POWIAT WYSZKOWSKI,WYSZKÓW - OBSZAR MIEJSKI,Droga gminna,G440725W,Jednojezdniowa dwukierunkowa,Odcinek prosty,Obszar zabudowany,21.4629444444444,52.5979166666667,Przejście dla pieszych,Dobre warunki atmosferyczne,Światło dzienne,Najechanie na pieszego,1,0,1,Lekko,N,,,,,,,,,,
EWK-104227437Q,2016,2016-04-22,10,POWIAT WYSZKOWSKI,WYSZKÓW - OBSZAR MIEJSKI,Droga gminna,G440725W,Jednojezdniowa dwukierunkowa,Odcinek prosty,Obszar zabudowany,21.4629444444444,52.5979166666667,Przejście dla pieszych,Dobre warunki atmosferyczne,Światło dzienne,Najechanie na pieszego,1,0,0,Nieokreślone (puste pole),N,,,,,,,,,,
EWK-104229152L,2016,2016-04-26,17,POWIAT KOZIENICKI,KOZIENICE - OBSZAR MIEJSKI,Droga krajowa,48,Jednojezdniowa dwukierunkowa,,Obszar zabudowany,21.5490277777778,51.5916666666667,Przejście dla pieszych,Dobre warunki atmosferyczne,Światło dzienne,Najechanie na pieszego,1,0,1,Ciężko,N,,,,,,,,,,
EWK-104229152L,2016,2016-04-26,17,POWIAT KOZIENICKI,KOZIENICE - OBSZAR MIEJSKI,Droga krajowa,48,Jednojezdniowa dwukierunkowa,,Obszar zabudowany,21.5490277777778,51.5916666666667,Przejście dla pieszych,Dobre warunki atmosferyczne,Światło dzienne,Najechanie na pieszego,1,0,0,Nieokreślone (puste pole),N,,,,,,,,,,
EWK-104235752G,2016,2016-04-28,12,POWIAT RADOM,RADOM - OBSZAR MIEJSKI,Droga powiatowa,P5301W,Dwie jezdnie jednokierunkowe,,Obszar zabudowany,21.16275,51.4320833333333,Przejście dla pieszych,Dobre warunki atmosferyczne,Światło dzienne,Najechanie na pieszego,1,0,1,Lekko,N,,,,,,,,,,
EWK-104235752G,2016,2016-04-28,12,POWIAT RADOM,RADOM - OBSZAR MIEJSKI,Droga powiatowa,P5301W,Dwie jezdnie jednokierunkowe,,Obszar zabudowany,21.16275,51.4320833333333,Przejście dla pieszych,Dobre warunki atmosferyczne,Światło dzienne,Najechanie na pieszego,1,0,0,Nieokreślone (puste pole),N,,,,,,,,,,
EWK-104235773M,2016,2016-04-28,9,POWIAT RADOM,RADOM - OBSZAR MIEJSKI,Droga powiatowa,P5329W,Jednojezdniowa dwukierunkowa,,Obszar zabudowany,21.1766666666667,51.4145555555556,Przejście dla pieszych,Dobre warunki atmosferyczne,Światło dzienne,Najechanie na pieszego,1,0,1,Lekko,N,,,,,,,,,,
EWK-104235773M,2016,2016-04-28,9,POWIAT RADOM,RADOM - OBSZAR MIEJSKI,Droga powiatowa,P5329W,Jednojezdniowa dwukierunkowa,,Obszar zabudowany,21.1766666666667,51.4145555555556,Przejście dla pieszych,Dobre warunki atmosferyczne,Światło dzienne,Najechanie na pieszego,1,0,0,Nieokreślone (puste pole),N,,,,,,,,,,
EWK-104242160U,2016,2016-04-29,7,POWIAT RADOMSKI,PIONKI - OBSZAR MIEJSKI,Droga powiatowa,P3523W,Jednojezdniowa dwukierunkowa,Odcinek prosty,Obszar zabudowany,21.4473055555556,51.4743055555556,Przejście dla pieszych,Dobre warunki atmosferyczne,Światło dzienne,Najechanie na pieszego,1,1,0,Nieokreślone (puste pole),N,,,,,,,,,,
EWK-104272660F,2016,2016-05-06,9,POWIAT GOSTYNIŃSKI,GOSTYNIN - OBSZAR MIEJSKI,Droga powiatowa,P1460W,Jednojezdniowa dwukierunkowa,,Obszar zabudowany,19.4648333333333,52.4263888888889,Przejście dla pieszych,Dobre warunki atmosferyczne,Światło dzienne,Najechanie na pieszego,1,0,1,Ciężko,N,,,,,,,,,,
EWK-104272660F,2016,2016-05-06,9,POWIAT GOSTYNIŃSKI,GOSTYNIN - OBSZAR MIEJSKI,Droga powiatowa,P1460W,Jednojezdniowa dwukierunkowa,,Obszar zabudowany,19.4648333333333,52.4263888888889,Przejście dla pieszych,Dobre warunki atmosferyczne,Światło dzienne,Najechanie na pieszego,1,0,1,Lekko,N,,,,,,,,,,
EWK-104272660F,2016,2016-05-06,9,POWIAT GOSTYNIŃSKI,GOSTYNIN - OBSZAR MIEJSKI,Droga powiatowa,P1460W,Jednojezdniowa dwukierunkowa,,Obszar zabudowany,19.4648333333333,52.4263888888889,Przejście dla pieszych,Dobre warunki atmosferyczne,Światło dzienne,Najechanie na pieszego,1,0,0,Nieokreślone (puste pole),N,,,,,,,,,,