IDKSIP,year,date,hour,district,district_commune,road_category,road_number,type_of_road,road_geometry,area,Longitude,Latitude,char_place_of_the_event,weather_conditions,lighting,type_of_accident,num_of_accidents,num_of_fatalities,num_of_injured,type_of_injury,is_offender_intoxicated,,,,,,,,,,
EWK-105150867G,2016,2016-12-05,7,POWIAT PŁOCK,PŁOCK - OBSZAR MIEJSKI,Droga powiatowa,P0244T,Jednojezdniowa dwukierunkowa,,Obszar zabudowany,19.6981944444444,52.5429722222222,Przejście dla pieszych,Dobre warunki atmosferyczne,Światło dzienne,Najechanie na pieszego,1,0,1,Lekko,N,,,,,,,,,,
EWK-105150867G,2016,2016-12-05,7,POWIAT PŁOCK,PŁOCK - OBSZAR MIEJSKI,Droga powiatowa,P0244T,Jednojezdniowa dwukierunkowa,,Obszar zabudowany,19.6981944444444,52.5429722222222,Przejście dla pieszych,Dobre warunki atmosferyczne,Światło dzienne,Najechanie na pieszego,1,0,0,Nieokreślone (puste pole),N,,,,,,,,,,
EWK-105158439J,2016,2016-12-07,14,POWIAT RADOM,RADOM - OBSZAR MIEJSKI,Droga powiatowa,P5301W,Dwie jezdnie jednokierunkowe,Odcinek prosty,Obszar zabudowany,21.1631388888889,51.4348611111111,Przejście dla pieszych,Dobre warunki atmosferyczne,Światło dzienne,Najechanie na pieszego,1,0,2,Lekko,N,,,,,,,,,,
EWK-105158439J,2016,2016-12-07,14,POWIAT RADOM,RADOM - OBSZAR MIEJSKI,Droga powiatowa,P5301W,Dwie jezdnie jednokierunkowe,Odcinek prosty,Obszar zabudowany,21.1631388888889,51.4348611111111,Przejście dla pieszych,Dobre warunki atmosferyczne,Światło dzienne,Najechanie na pieszego,1,0,0,Nieokreślone (puste pole),N,,,,,,,,,,
EWK-105171629H,2016,2016-12-13,14,POWIAT ŻYRARDOWSKI,ŻYRARDÓW - OBSZAR MIEJSKI,Droga gminna,GMINNA,Jednojezdniowa dwukierunkowa,Odcinek prosty,Obszar zabudowany,20.4454444444444,52.0643611111111,Przejście dla pieszych,Dobre warunki atmosferyczne,Światło dzienne,Najechanie na pieszego,1,0,1,Ciężko,N,,,,,,,,,,
EWK-105171629H,2016,2016-12-13,14,POWIAT ŻYRARDOWSKI,ŻYRARDÓW - OBSZAR MIEJSKI,Droga gminna,GMINNA,Jednojezdniowa dwukierunkowa,Odcinek prosty,Obszar zabudowany,20.4454444444444,52.0643611111111,Przejście dla pieszych,Dobre warunki atmosferyczne,Światło dzienne,Najechanie na pieszego,1,0,0,Nieokreślone (puste pole),N,,,,,,,,,,
EWK-105285951H,2016,2016-12-16,8,POWIAT SOCHACZEWSKI,SOCHACZEW - OBSZAR MIEJSKI,Droga wojewódzka,705,Jednojezdniowa dwukierunkowa,Odcinek prosty,Obszar zabudowany,20.2499722222222,52.2396388888889,Przejście dla pieszych,Dobre warunki atmosferyczne,Światło dzienne,Najechanie na pieszego,1,0,1,Lekko,N,,,,,,,,,,
EWK-105285951H,2016,2016-12-16,8,POWIAT SOCHACZEWSKI,SOCHACZEW - OBSZAR MIEJSKI,Droga wojewódzka,705,Jednojezdniowa dwukierunkowa,Odcinek prosty,Obszar zabudowany,20.2499722222222,52.2396388888889,Przejście dla pieszych,Dobre warunki atmosferyczne,Światło dzienne,Najechanie na pieszego,1,0,0,Nieokreślone (puste pole),N,,,,,,,,,,
EWK-105291880E,2016,2016-12-19,11,POWIAT GRÓJECKI,MOGIELNICA - OBSZAR MIEJSKI,Droga wojewódzka,728,Jednojezdniowa dwukierunkowa,,Obszar zabudowany,20.7241111111111,51.6945277777778,Przejście dla pieszych,Dobre warunki atmosferyczne,Światło dzienne,Najechanie na pieszego,1,1,0,Nieokreślone (puste pole),N,,,,,,,,,,
EWK-105300711A,2016,2016-12-22,15,POWIAT CIECHANOWSKI,CIECHANÓW - OBSZAR MIEJSKI,Droga gminna,G120101W,Dwie jezdnie jednokierunkowe,Odcinek prosty,Obszar zabudowany,20.62925,52.8749722222222,Przejście dla pieszych,Dobre warunki atmosferyczne,Światło dzienne,Najechanie na pieszego,1,0,1,Ciężko,N,,,,,,,,,,
EWK-105300711A,2016,2016-12-22,15,POWIAT CIECHANOWSKI,CIECHANÓW - OBSZAR MIEJSKI,Droga gminna,G120101W,Dwie jezdnie jednokierunkowe,Odcinek prosty,Obszar zabudowany,20.62925,52.8749722222222,Przejście dla pieszych,Dobre warunki atmosferyczne,Światło dzienne,Najechanie na pieszego,1,0,0,Nieokreślone (puste pole),N,,,,,,,,,,
EWK-105308149E,2016,2016-12-21,6,POWIAT OSTROWSKI,OSTRÓW MAZOWIECKA - OBSZAR MIEJSKI,Droga gminna,GMINNA,Jednojezdniowa dwukierunkowa,,Obszar zabudowany,21.8949166666667,52.8249722222222,Przejście dla pieszych,Dobre warunki atmosferyczne,Światło dzienne,Najechanie na pieszego,1,0,1,Lekko,N,,,,,,,,,,
EWK-105308149E,2016,2016-12-21,6,POWIAT OSTROWSKI,OSTRÓW MAZOWIECKA - OBSZAR MIEJSKI,Droga gminna,GMINNA,Jednojezdniowa dwukierunkowa,,Obszar zabudowany,21.8949166666667,52.8249722222222,Przejście dla pieszych,Dobre warunki atmosferyczne,Światło dzienne,Najechanie na pieszego,1,0,0,Nieokreślone (puste pole),N,,,,,,,,,,
EWK-103944077P,2016,2016-02-27,11,POWIAT GRÓJECKI,BELSK DUŻY - OBSZAR WIEJSKI,Droga krajowa,S7,Ekspresowa,Odcinek prosty,Obszar niezabudowany,20.8919166666667,51.7925833333333,"Roboty drogowe, oznakowanie tymczasowe",Dobre warunki atmosferyczne,Światło dzienne,Najechanie na pieszego,1,2,0,Nieokreślone (puste pole),N,,,,,,,,,,
EWK-104808308G,2016,2016-09-01,11,POWIAT RADOM,RADOM - OBSZAR MIEJSKI,Droga krajowa,12,Jednojezdniowa dwukierunkowa,,Obszar zabudowany,21.132,51.3896666666667,"Wjazd, wyjazd z posesji, pola",Dobre warunki atmosferyczne,Światło dzienne,Najechanie na pieszego,1,0,1,Ciężko,N,,,,,,,,,,
EWK-104808308G,2016,2016-09-01,11,POWIAT RADOM,RADOM - OBSZAR MIEJSKI,Droga krajowa,12,Jednojezdniowa dwukierunkowa,,Obszar zabudowany,21.132,51.3896666666667,"Wjazd, wyjazd z posesji, pola",Dobre warunki atmosferyczne,Światło dzienne,Najechanie na pieszego,1,0,0,Nieokreślone (puste pole),N,,,,,,,,,,
EWK-104814297H,2016,2016-09-02,19,POWIAT ŻUROMIŃSKI,ŻUROMIN - OBSZAR MIEJSKI,Droga powiatowa,P4620W,Jednojezdniowa dwukierunkowa,Odcinek prosty,Obszar zabudowany,19.8546111111111,53.1304166666667,Jezdnia,Dobre warunki atmosferyczne,"Świt, zmrok",Najechanie na pieszego,1,0,1,Ciężko,N,,,,,,,,,,
EWK-104814297H,2016,2016-09-02,19,POWIAT ŻUROMIŃSKI,ŻUROMIN - OBSZAR MIEJSKI,Droga powiatowa,P4620W,Jednojezdniowa dwukierunkowa,Odcinek prosty,Obszar zabudowany,19.8546111111111,53.1304166666667,Jezdnia,Dobre warunki atmosferyczne,"Świt, zmrok",Najechanie na pieszego,1,0,0,Nieokreślone (puste pole),N,,,,,,,,,,
EWK-104830029L,2016,2016-09-09,19,POWIAT GRÓJECKI,WARKA - OBSZAR WIEJSKI,Droga powiatowa,P,Jednojezdniowa dwukierunkowa,Odcinek prosty,Obszar zabudowany,21.1297222222222,51.7866111111111,Jezdnia,Dobre warunki atmosferyczne,"Świt, zmrok",Najechanie na pieszego,1,0,1,Lekko,N,,,,,,,,,,
EWK-104830029L,2016,2016-09-09,19,POWIAT GRÓJECKI,WARKA - OBSZAR WIEJSKI,Droga powiatowa,P,Jednojezdniowa dwukierunkowa,Odcinek prosty,Obszar zabudowany,21.1297222222222,51.7866111111111,Jezdnia,Dobre warunki atmosferyczne,"Świt, zmrok",Najechanie na pieszego,1,0,0,Nieokreślone (puste pole),N,,,,,,,,,,
EWK-104845338D,2016,2016-09-13,20,POWIAT GRÓJECKI,PNIEWY - OBSZAR WIEJSKI,Droga krajowa,50,Jednojezdniowa dwukierunkowa,Odcinek prosty,Obszar niezabudowany,20.6806111111111,51.9308611111111,Jezdnia,Dobre warunki atmosferyczne,"Świt, zmrok",Najechanie na pieszego,1,0,1,Ciężko,N,,,,,,,,,,
EWK-104845338D,2016,2016-09-13,20,POWIAT GRÓJECKI,PNIEWY - OBSZAR WIEJSKI,Droga krajowa,50,Jednojezdniowa dwukierunkowa,Odcinek prosty,Obszar niezabudowany,20.6806111111111,51.9308611111111,Jezdnia,Dobre warunki atmosferyczne,"Świt, zmrok",Najechanie na pieszego,1,0,0,Nieokreślone (puste pole),N,,,,,,,,,,
EWK-104857379G,2016,2016-09-18,19,POWIAT SIERPECKI,ZAWIDZ - OBSZAR WIEJSKI,Droga wojewódzka,561,Jednojezdniowa dwukierunkowa,"Zakręt, łuk",Obszar niezabudowany,19.9030833333333,52.8970277777778,Jezdnia,Dobre warunki atmosferyczne,"Świt, zmrok",Najechanie na pieszego,1,0,2,Ciężko,N,,,,,,,,,,
EWK-104991497X,2016,2016-10-28,6,POWIAT GARWOLIŃSKI,PARYSÓW - OBSZAR WIEJSKI,Nieokreślone (puste pole),,Jednojezdniowa dwukierunkowa,,Obszar zabudowany,21.6802777777778,51.9747222222222,Jezdnia,Dobre warunki atmosferyczne,"Świt, zmrok",Najechanie na pieszego,1,0,1,Lekko,N,,,,,,,,,,
EWK-104991497X,2016,2016-10-28,6,POWIAT GARWOLIŃSKI,PARYSÓW - OBSZAR WIEJSKI,Nieokreślone (puste pole),,Jednojezdniowa dwukierunkowa,,Obszar zabudowany,21.6802777777778,51.9747222222222,Jezdnia,Dobre warunki atmosferyczne,"Świt, zmrok",Najechanie na pieszego,1,0,0,Nieokreślone (puste pole),N,,,,,,,,,,
EWK-105003981N,2016,2016-11-06,18,POWIAT MŁAWSKI,SZYDŁOWO - OBSZAR WIEJSKI,Droga gminna,GMINNA,Jednojezdniowa dwukierunkowa,Odcinek prosty,Obszar zabudowany,20.4322222222222,53.1253055555556,Jezdnia,Dobre warunki atmosferyczne,"Świt, zmrok",Najechanie na pieszego,1,0,1,Lekko,N,,,,,,,,,,
EWK-105003981N,2016,2016-11-06,18,POWIAT MŁAWSKI,SZYDŁOWO - OBSZAR WIEJSKI,Droga gminna,GMINNA,Jednojezdniowa dwukierunkowa,Odcinek prosty,Obszar zabudowany,20.4322222222222,53.1253055555556,Jezdnia,Dobre warunki atmosferyczne,"Świt, zmrok",Najechanie na pieszego,1,0,0,Nieokreślone (puste pole),N,,,,,,,,,,
EWK-105055383E,2016,2016-11-07,20,POWIAT SIERPECKI,ZAWIDZ - OBSZAR WIEJSKI,Droga wojewódzka,561,Jednojezdniowa dwukierunkowa,Odcinek prosty,Obszar niezabudowany,19.8628333333333,52.8083333333333,Jezdnia,Dobre warunki atmosferyczne,"Świt, zmrok",Najechanie na pieszego,1,0,1,Ciężko,T,,,,,,,,,,
EWK-105055383E,2016,2016-11-07,20,POWIAT SIERPECKI,ZAWIDZ - OBSZAR WIEJSKI,Droga wojewódzka,561,Jednojezdniowa dwukierunkowa,Odcinek prosty,Obszar niezabudowany,19.8628333333333,52.8083333333333,Jezdnia,Dobre warunki atmosferyczne,"Świt, zmrok",Najechanie na pieszego,1,0,0,Nieokreślone (puste pole),T,,,,,,,,,,
EWK-105146723N,2016,2016-12-05,6,POWIAT RADOMSKI,WIERZBICA - OBSZAR WIEJSKI,Droga gminna,GMINNA,Jednojezdniowa dwukierunkowa,Odcinek prosty,Obszar zabudowany,21.1718055555556,51.2253333333333,Jezdnia,Dobre warunki atmosferyczne,"Świt, zmrok",Najechanie na pieszego,1,0,1,Lekko,N,,,,,,,,,,
EWK-105146723N,2016,2016-12-05,6,POWIAT RADOMSKI,WIERZBICA - OBSZAR WIEJSKI,Droga gminna,GMINNA,Jednojezdniowa dwukierunkowa,Odcinek prosty,Obszar zabudowany,21.1718055555556,51.2253333333333,Jezdnia,Dobre warunki atmosferyczne,"Świt, zmrok",Najechanie na pieszego,1,0,0,Nieokreślone (puste pole),N,,,,,,,,,,
EWK-105293023T,2016,2016-10-23,19,POWIAT SOCHACZEWSKI,TERESIN - OBSZAR WIEJSKI,Droga powiatowa,3848N,Jednojezdniowa dwukierunkowa,Odcinek prosty,Obszar zabudowany,20.4391944444444,52.2169722222222,Jezdnia,Dobre warunki atmosferyczne,"Świt, zmrok",Najechanie na pieszego,1,1,0,Nieokreślone (puste pole),N,,,,,,,,,,
EWK-105296893T,2016,2016-12-08,15,POWIAT RADOM,RADOM - OBSZAR MIEJSKI,Droga powiatowa,P5312W,Jednojezdniowa dwukierunkowa,,Obszar zabudowany,21.1589444444444,51.4058333333333,Jezdnia,Dobre warunki atmosferyczne,"Świt, zmrok",Najechanie na pieszego,1,0,1,Lekko,N,,,,,,,,,,
EWK-105296893T,2016,2016-12-08,15,POWIAT RADOM,RADOM - OBSZAR MIEJSKI,Droga powiatowa,P5312W,Jednojezdniowa dwukierunkowa,,Obszar zabudowany,21.1589444444444,51.4058333333333,Jezdnia,Dobre warunki atmosferyczne,"Świt, zmrok",Najechanie na pieszego,1,0,0,Nieokreślone (puste pole),N,,,,,,,,,,
EWK-104912865X,2016,2016-10-13,19,POWIAT PRZYSUSKI,PRZYSUCHA - OBSZAR MIEJSKI,Droga gminna,G330632W,Jednojezdniowa dwukierunkowa,Odcinek prosty,Obszar zabudowany,20.6234444444444,51.3590833333333,"Parking, plac, MOP",Dobre warunki atmosferyczne,"Świt, zmrok",Najechanie na pieszego,1,0,2,Lekko,N,,,,,,,,,,
EWK-104912865X,2016,2016-10-13,19,POWIAT PRZYSUSKI,PRZYSUCHA - OBSZAR MIEJSKI,Droga gminna,G330632W,Jednojezdniowa dwukierunkowa,Odcinek prosty,Obszar zabudowany,20.6234444444444,51.3590833333333,"Parking, plac, MOP",Dobre warunki atmosferyczne,"Świt, zmrok",Najechanie na pieszego,1,0,0,Nieokreślone (puste pole),N,,,,,,,,,,
EWK-104682921H,2016,2016-07-30,21,POWIAT PŁOCKI,SŁUBICE - OBSZAR WIEJSKI,Droga wojewódzka,575,Jednojezdniowa dwukierunkowa,Odcinek prosty,Obszar zabudowany,19.8404722222222,52.4085555555556,Pobocze,Dobre warunki atmosferyczne,"Świt, zmrok",Najechanie na pieszego,1,0,1,Ciężko,N,,,,,,,,,,
EWK-104682921H,2016,2016-07-30,21,POWIAT PŁOCKI,SŁUBICE - OBSZAR WIEJSKI,Droga wojewódzka,575,Jednojezdniowa dwukierunkowa,Odcinek prosty,Obszar zabudowany,19.8404722222222,52.4085555555556,Pobocze,Dobre warunki atmosferyczne,"Świt, zmrok",Najechanie na pieszego,1,0,0,Nieokreślone (puste pole),N,,,,,,,,,,
EWK-104684478F,2016,2016-07-31,4,POWIAT RADOMSKI,JEDLIŃSK - OBSZAR WIEJSKI,Droga krajowa,7,Dwie jezdnie jednokierunkowe,Odcinek prosty,Obszar niezabudowany,21.1269444444444,51.4810833333333,Przejście dla pieszych,Dobre warunki atmosferyczne,"Świt, zmrok",Najechanie na pieszego,1,0,1,Lekko,N,,,,,,,,,,
EWK-104684478F,2016,2016-07-31,4,POWIAT RADOMSKI,JEDLIŃSK - OBSZAR WIEJSKI,Droga krajowa,7,Dwie jezdnie jednokierunkowe,Odcinek prosty,Obszar niezabudowany,21.1269444444444,51.4810833333333,Przejście dla pieszych,Dobre warunki atmosferyczne,"Świt, zmrok",Najechanie na pieszego,1,0,0,Nieokreślone (puste pole),N,,,,,,,,,,
EWK-104833329L,2016,2016-09-11,19,POWIAT PŁOCK,PŁOCK - OBSZAR MIEJSKI,Droga krajowa,60,Dwie jezdnie jednokierunkowe,Odcinek prosty,Obszar niezabudowany,19.7066111111111,52.5464722222222,Przejście dla pieszych,Dobre warunki atmosferyczne,"Świt, zmrok",Najechanie na pieszego,1,0,1,Ciężko,T,,,,,,,,,,
EWK-104833329L,2016,2016-09-11,19,POWIAT PŁOCK,PŁOCK - OBSZAR MIEJSKI,Droga krajowa,60,Dwie jezdnie jednokierunkowe,Odcinek prosty,Obszar niezabudowany,19.7066111111111,52.5464722222222,Przejście dla pieszych,Dobre warunki atmosferyczne,"Świt, zmrok",Najechanie na pieszego,1,0,0,Nieokreślone (puste pole),T,,,,,,,,,,
EWK-104912235W,2016,2016-10-13,18,POWIAT PRZASNYSKI,PRZASNYSZ - OBSZAR MIEJSKI,Droga wojewódzka,544,Jednojezdniowa dwukierunkowa,,Obszar zabudowany,20.9129444444444,53.0197777777778,Przejście dla pieszych,Dobre warunki atmosferyczne,"Świt, zmrok",Najechanie na pieszego,1,0,3,Ciężko,N,,,,,,,,,,
EWK-104912235W,2016,2016-10-13,18,POWIAT PRZASNYSKI,PRZASNYSZ - OBSZAR MIEJSKI,Droga wojewódzka,544,Jednojezdniowa dwukierunkowa,,Obszar zabudowany,20.9129444444444,53.0197777777778,Przejście dla pieszych,Dobre warunki atmosferyczne,"Świt, zmrok",Najechanie na pieszego,1,0,0,Nieokreślone (puste pole),N,,,,,,,,,,
EWK-104912776P,2016,2016-10-14,7,POWIAT OSTROŁĘKA,OSTROŁĘKA - OBSZAR MIEJSKI,Droga powiatowa,P5102W,Dwie jezdnie jednokierunkowe,Odcinek prosty,Obszar zabudowany,21.5866666666667,53.0798888888889,Przejście dla pieszych,Dobre warunki atmosferyczne,"Świt, zmrok",Najechanie na pieszego,1,0,1,Ciężko,N,,,,,,,,,,
EWK-104912776P,2016,2016-10-14,7,POWIAT OSTROŁĘKA,OSTROŁĘKA - OBSZAR MIEJSKI,Droga powiatowa,P5102W,Dwie jezdnie jednokierunkowe,Odcinek prosty,Obszar zabudowany,21.5866666666667,53.0798888888889,Przejście dla pieszych,Dobre warunki atmosferyczne,"Świt, zmrok",Najechanie na pieszego,1,0,0,Nieokreślone (puste pole),N,,,,,,,,,,
EWK-104917601T,2016,2016-10-14,6,POWIAT PŁOCK,PŁOCK - OBSZAR MIEJSKI,Droga gminna,GMINNA,Jednojezdniowa dwukierunkowa,,Obszar zabudowany,19.6722222222222,52.6089444444444,Przejście dla pieszych,Dobre warunki atmosferyczne,"Świt, zmrok",Najechanie na pieszego,1,0,1,Lekko,N,,,,,,,,,,
EWK-104917601T,2016,2016-10-14,6,POWIAT PŁOCK,PŁOCK - OBSZAR MIEJSKI,Droga gminna,GMINNA,Jednojezdniowa dwukierunkowa,,Obszar zabudowany,19.6722222222222,52.6089444444444,Przejście dla pieszych,Dobre warunki atmosferyczne,"Świt, zmrok",Najechanie na pieszego,1,0,0,Nieokreślone (puste pole),N,,,,,,,,,,
EWK-105126902N,2016,2016-11-23,16,POWIAT OSTROWSKI,OSTRÓW MAZOWIECKA - OBSZAR MIEJSKI,Droga gminna,GMINNA,Jednojezdniowa dwukierunkowa,,Obszar zabudowany,21.8986111111111,52.8050555555556,Przejście dla pieszych,Dobre warunki atmosferyczne,"Świt, zmrok",Najechanie na pieszego,1,0,1,Lekko,N,,,,,,,,,,
EWK-105126902N,2016,2016-11-23,16,POWIAT OSTROWSKI,OSTRÓW MAZOWIECKA - OBSZAR MIEJSKI,Droga gminna,GMINNA,Jednojezdniowa dwukierunkowa,,Obszar zabudowany,21.8986111111111,52.8050555555556,Przejście dla pieszych,Dobre warunki atmosferyczne,"Świt, zmrok",Najechanie na pieszego,1,0,0,Nieokreślone (puste pole),N,,,,,,,,,,
EWK-105157935K,2016,2016-12-09,6,POWIAT PRZASNYSKI,PRZASNYSZ - OBSZAR MIEJSKI,Droga wojewódzka,544,Jednojezdniowa dwukierunkowa,Odcinek prosty,Obszar zabudowany,20.8926388888889,53.0205833333333,Przejście dla pieszych,Dobre warunki atmosferyczne,"Świt, zmrok",Najechanie na pieszego,1,0,1,Lekko,N,,,,,,,,,,
EWK-105157935K,2016,2016-12-09,6,POWIAT PRZASNYSKI,PRZASNYSZ - OBSZAR MIEJSKI,Droga wojewódzka,544,Jednojezdniowa dwukierunkowa,Odcinek prosty,Obszar zabudowany,20.8926388888889,53.0205833333333,Przejście dla pieszych,Dobre warunki atmosferyczne,"Świt, zmrok",Najechanie na pieszego,1,0,0,Nieokreślone (puste pole),N,,,,,,,,,,
EWK-105171822P,2016,2016-12-13,16,POWIAT PRZASNYSKI,PRZASNYSZ - OBSZAR WIEJSKI,Droga powiatowa,3238W,Jednojezdniowa dwukierunkowa,"Zakręt, łuk",Obszar zabudowany,20.9413333333333,52.9827222222222,Przejście dla pieszych,Dobre warunki atmosferyczne,"Świt, zmrok",Najechanie na pieszego,1,0,1,Lekko,N,,,,,,,,,,
EWK-105171822P,2016,2016-12-13,16,POWIAT PRZASNYSKI,PRZASNYSZ - OBSZAR WIEJSKI,Droga powiatowa,3238W,Jednojezdniowa dwukierunkowa,"Zakręt, łuk",Obszar zabudowany,20.9413333333333,52.9827222222222,Przejście dla pieszych,Dobre warunki atmosferyczne,"Świt, zmrok",Najechanie na pieszego,1,0,0,Nieokreślone (puste pole),N,,,,,,,,,,
EWK-104769406A,2016,2016-08-19,22,POWIAT ŻUROMIŃSKI,ŻUROMIN - OBSZAR MIEJSKI,Droga powiatowa,P4627W,Jednojezdniowa dwukierunkowa,Odcinek prosty,Obszar niezabudowany,19.9431388888889,53.047,Jezdnia,Dobre warunki atmosferyczne,Noc - droga nieoświetlona,Najechanie na pojazd unieruchomiony,1,0,1,Lekko,N,,,,,,,,,,
EWK-104769406A,2016,2016-08-19,22,POWIAT ŻUROMIŃSKI,ŻUROMIN - OBSZAR MIEJSKI,Droga powiatowa,P4627W,Jednojezdniowa dwukierunkowa,Odcinek prosty,Obszar niezabudowany,19.9431388888889,53.047,Jezdnia,Dobre warunki atmosferyczne,Noc - droga nieoświetlona,Najechanie na pojazd unieruchomiony,1,0,0,Nieokreślone (puste pole),N,,,,,,,,,,
EWK-103853649L,2016,2016-02-08,14,POWIAT RADOM,RADOM - OBSZAR MIEJSKI,Droga gminna,G530298W,Jednojezdniowa dwukierunkowa,Odcinek prosty,Obszar zabudowany,21.1761944444444,51.4045277777778,Przystanek komunikacji publicznej,Dobre warunki atmosferyczne,Światło dzienne,Zdarzenie z pasażerem,1,0,1,Lekko,N,,,,,,,,,,
EWK-103853649L,2016,2016-02-08,14,POWIAT RADOM,RADOM - OBSZAR MIEJSKI,Droga gminna,G530298W,Jednojezdniowa dwukierunkowa,Odcinek prosty,Obszar zabudowany,21.1761944444444,51.4045277777778,Przystanek komunikacji publicznej,Dobre warunki atmosferyczne,Światło dzienne,Zdarzenie z pasażerem,1,0,0,Nieokreślone (puste pole),N,,,,,,,,,,
EWK-104630677U,2016,2016-07-17,11,POWIAT LIPSKI,CIEPIELÓW - OBSZAR WIEJSKI,Droga powiatowa,P,Jednojezdniowa dwukierunkowa,,Obszar zabudowany,21.4123333333333,51.1988333333333,Jezdnia,Dobre warunki atmosferyczne,Światło dzienne,Zderzenie pojazdów boczne,1,0,1,Ciężko,N,,,,,,,,,,
EWK-104630677U,2016,2016-07-17,11,POWIAT LIPSKI,CIEPIELÓW - OBSZAR WIEJSKI,Droga powiatowa,P,Jednojezdniowa dwukierunkowa,,Obszar zabudowany,21.4123333333333,51.1988333333333,Jezdnia,Dobre warunki atmosferyczne,Światło dzienne,Zderzenie pojazdów boczne,1,0,0,Nieokreślone (puste pole),N,,,,,,,,,,
EWK-104845097F,2016,2016-09-09,17,POWIAT RADOM,RADOM - OBSZAR MIEJSKI,Droga gminna,G530154W,Jednojezdniowa dwukierunkowa,,Obszar zabudowany,21.1361111111111,51.3649444444445,Przejazd dla rowerzystów,Dobre warunki atmosferyczne,Światło dzienne,Zderzenie pojazdów boczne,1,0,1,Ciężko,N,,,,,,,,,,
EWK-104845097F,2016,2016-09-09,17,POWIAT RADOM,RADOM - OBSZAR MIEJSKI,Droga gminna,G530154W,Jednojezdniowa dwukierunkowa,,Obszar zabudowany,21.1361111111111,51.3649444444445,Przejazd dla rowerzystów,Dobre warunki atmosferyczne,Światło dzienne,Zderzenie pojazdów boczne,1,0,1,Lekko,N,,,,,,,,,,
EWK-104845097F,2016,2016-09-09,17,POWIAT RADOM,RADOM - OBSZAR MIEJSKI,Droga gminna,G530154W,Jednojezdniowa dwukierunkowa,,Obszar zabudowany,21.1361111111111,51.3649444444445,Przejazd dla rowerzystów,Dobre warunki atmosferyczne,Światło dzienne,Zderzenie pojazdów boczne,1,0,0,Nieokreślone (puste pole),N,,,,,,,,,,
EWK-103825230Q,2016,2016-01-28,15,POWIAT WYSZKOWSKI,BRAŃSZCZYK - OBSZAR WIEJSKI,Droga krajowa,8,Jednojezdniowa dwukierunkowa,,Obszar niezabudowany,21.59825,52.68825,Jezdnia,Dobre warunki atmosferyczne,Światło dzienne,Zderzenie pojazdów tylne,1,0,2,Lekko,N,,,,,,,,,,
EWK-103825230Q,2016,2016-01-28,15,POWIAT WYSZKOWSKI,BRAŃSZCZYK - OBSZAR WIEJSKI,Droga krajowa,8,Jednojezdniowa dwukierunkowa,,Obszar niezabudowany,21.59825,52.68825,Jezdnia,Dobre warunki atmosferyczne,Światło dzienne,Zderzenie pojazdów tylne,1,0,0,Nieokreślone (puste pole),N,,,,,,,,,,
EWK-103808609H,2016,2016-01-27,15,POWIAT ŻYRARDOWSKI,ŻYRARDÓW - OBSZAR MIEJSKI,Droga wojewódzka,719,Jednojezdniowa dwukierunkowa,Odcinek prosty,Obszar zabudowany,20.4492222222222,52.04975,Przejście dla pieszych,Dobre warunki atmosferyczne,Światło dzienne,Zderzenie pojazdów tylne,1,0,1,Lekko,N,,,,,,,,,,
EWK-103808609H,2016,2016-01-27,15,POWIAT ŻYRARDOWSKI,ŻYRARDÓW - OBSZAR MIEJSKI,Droga wojewódzka,719,Jednojezdniowa dwukierunkowa,Odcinek prosty,Obszar zabudowany,20.4492222222222,52.04975,Przejście dla pieszych,Dobre warunki atmosferyczne,Światło dzienne,Zderzenie pojazdów tylne,1,0,0,Nieokreślone (puste pole),N,,,,,,,,,,
EWK-104929993K,2016,2016-10-23,0,POWIAT MŁAWSKI,WIŚNIEWO - OBSZAR WIEJSKI,Droga gminna,G231031W,Jednojezdniowa dwukierunkowa,Odcinek prosty,Obszar niezabudowany,20.2493888888889,53.0155833333333,Jezdnia,"Mgła, dym",Noc - droga nieoświetlona,Najechanie na pieszego,1,0,1,Lekko,N,,,,,,,,,,
EWK-104929993K,2016,2016-10-23,0,POWIAT MŁAWSKI,WIŚNIEWO - OBSZAR WIEJSKI,Droga gminna,G231031W,Jednojezdniowa dwukierunkowa,Odcinek prosty,Obszar niezabudowany,20.2493888888889,53.0155833333333,Jezdnia,"Mgła, dym",Noc - droga nieoświetlona,Najechanie na pieszego,1,0,0,Nieokreślone (puste pole),N,,,,,,,,,,
EWK-105130114U,2016,2016-11-25,19,POWIAT ŻYRARDOWSKI,ŻYRARDÓW - OBSZAR MIEJSKI,Droga gminna,GMINNA,Jednojezdniowa dwukierunkowa,,Obszar zabudowany,20.44475,52.0591666666667,Przejście dla pieszych,"Mgła, dym",Noc - droga oświetlona,Najechanie na pieszego,1,0,1,Lekko,N,,,,,,,,,,
EWK-105130114U,2016,2016-11-25,19,POWIAT ŻYRARDOWSKI,ŻYRARDÓW - OBSZAR MIEJSKI,Droga gminna,GMINNA,Jednojezdniowa dwukierunkowa,,Obszar zabudowany,20.44475,52.0591666666667,Przejście dla pieszych,"Mgła, dym",Noc - droga oświetlona,Najechanie na pieszego,1,0,0,Nieokreślone (puste pole),N,,,,,,,,,,
EWK-104982966P,2016,2016-10-23,6,POWIAT GARWOLIŃSKI,WILGA - OBSZAR WIEJSKI,Droga wojewódzka,801,Jednojezdniowa dwukierunkowa,Odcinek prosty,Obszar niezabudowany,21.3543055555556,51.8711666666667,Jezdnia,"Mgła, dym","Świt, zmrok",Najechanie na pieszego,1,0,1,Lekko,T,,,,,,,,,,