IDKSIP,year,date,hour,district,district_commune,road_category,road_number,type_of_road,road_geometry,area,Longitude,Latitude,char_place_of_the_event,weather_conditions,lighting,type_of_accident,num_of_accidents,num_of_fatalities,num_of_injured,type_of_injury,is_offender_intoxicated,,,,,,,,,,
EWK-104977973W,2016,2016-10-28,17,POWIAT OSTROWSKI,OSTRÓW MAZOWIECKA - OBSZAR MIEJSKI,Droga gminna,GMINNA,Jednojezdniowa dwukierunkowa,,Obszar zabudowany,21.892,52.8029444444444,Przejście dla pieszych,Opady deszczu,Noc - droga oświetlona,Najechanie na pieszego,1,0,0,Nieokreślone (puste pole),N,,,,,,,,,,
EWK-104978015Y,2016,2016-10-28,19,POWIAT OSTROWSKI,OSTRÓW MAZOWIECKA - OBSZAR MIEJSKI,Droga gminna,GMINNA,Jednojezdniowa dwukierunkowa,,Obszar zabudowany,21.8950277777778,52.8246666666667,Przejście dla pieszych,Opady deszczu,Noc - droga oświetlona,Najechanie na pieszego,1,0,1,Lekko,N,,,,,,,,,,
EWK-104978015Y,2016,2016-10-28,19,POWIAT OSTROWSKI,OSTRÓW MAZOWIECKA - OBSZAR MIEJSKI,Droga gminna,GMINNA,Jednojezdniowa dwukierunkowa,,Obszar zabudowany,21.8950277777778,52.8246666666667,Przejście dla pieszych,Opady deszczu,Noc - droga oświetlona,Najechanie na pieszego,1,0,0,Nieokreślone (puste pole),N,,,,,,,,,,
EWK-105018350U,2016,2016-10-09,20,POWIAT SOKOŁOWSKI,SOKOŁÓW PODLASKI - OBSZAR MIEJSKI,Droga powiatowa,P3954W,Jednojezdniowa dwukierunkowa,Odcinek prosty,Obszar zabudowany,22.2418055555556,52.4203611111111,Przejście dla pieszych,Opady deszczu,Noc - droga oświetlona,Najechanie na pieszego,1,0,1,Lekko,N,,,,,,,,,,
EWK-105018350U,2016,2016-10-09,20,POWIAT SOKOŁOWSKI,SOKOŁÓW PODLASKI - OBSZAR MIEJSKI,Droga powiatowa,P3954W,Jednojezdniowa dwukierunkowa,Odcinek prosty,Obszar zabudowany,22.2418055555556,52.4203611111111,Przejście dla pieszych,Opady deszczu,Noc - droga oświetlona,Najechanie na pieszego,1,0,0,Nieokreślone (puste pole),N,,,,,,,,,,
EWK-105019159N,2016,2016-11-07,16,POWIAT PUŁTUSKI,PUŁTUSK - OBSZAR MIEJSKI,Droga gminna,G340483W,Jednojezdniowa dwukierunkowa,Odcinek prosty,Obszar zabudowany,21.07625,52.7110833333333,Przejście dla pieszych,Opady deszczu,Noc - droga oświetlona,Najechanie na pieszego,1,0,1,Lekko,N,,,,,,,,,,
EWK-105019159N,2016,2016-11-07,16,POWIAT PUŁTUSKI,PUŁTUSK - OBSZAR MIEJSKI,Droga gminna,G340483W,Jednojezdniowa dwukierunkowa,Odcinek prosty,Obszar zabudowany,21.07625,52.7110833333333,Przejście dla pieszych,Opady deszczu,Noc - droga oświetlona,Najechanie na pieszego,1,0,0,Nieokreślone (puste pole),N,,,,,,,,,,
EWK-105024320Q,2016,2016-10-12,18,POWIAT SOKOŁOWSKI,SOKOŁÓW PODLASKI - OBSZAR MIEJSKI,Droga krajowa,62,Jednojezdniowa dwukierunkowa,Odcinek prosty,Obszar zabudowany,22.2357777777778,52.4069444444444,Przejście dla pieszych,Opady deszczu,Noc - droga oświetlona,Najechanie na pieszego,1,0,1,Lekko,N,,,,,,,,,,
EWK-105024320Q,2016,2016-10-12,18,POWIAT SOKOŁOWSKI,SOKOŁÓW PODLASKI - OBSZAR MIEJSKI,Droga krajowa,62,Jednojezdniowa dwukierunkowa,Odcinek prosty,Obszar zabudowany,22.2357777777778,52.4069444444444,Przejście dla pieszych,Opady deszczu,Noc - droga oświetlona,Najechanie na pieszego,1,0,0,Nieokreślone (puste pole),N,,,,,,,,,,
EWK-105160019U,2016,2016-12-09,17,POWIAT RADOM,RADOM - OBSZAR MIEJSKI,Droga powiatowa,P5339W,Jednojezdniowa dwukierunkowa,,Obszar zabudowany,21.1543333333333,51.4115,Przejście dla pieszych,Opady deszczu,Noc - droga oświetlona,Najechanie na pieszego,1,0,1,Lekko,N,,,,,,,,,,
EWK-105160019U,2016,2016-12-09,17,POWIAT RADOM,RADOM - OBSZAR MIEJSKI,Droga powiatowa,P5339W,Jednojezdniowa dwukierunkowa,,Obszar zabudowany,21.1543333333333,51.4115,Przejście dla pieszych,Opady deszczu,Noc - droga oświetlona,Najechanie na pieszego,1,0,0,Nieokreślone (puste pole),N,,,,,,,,,,
EWK-105162795C,2016,2016-12-10,6,POWIAT CIECHANOWSKI,GLINOJECK - OBSZAR MIEJSKI,Droga krajowa,60,Jednojezdniowa dwukierunkowa,Odcinek prosty,Obszar zabudowany,20.2928888888889,52.8195555555556,Przejście dla pieszych,Opady deszczu,Noc - droga oświetlona,Najechanie na pieszego,1,1,0,Nieokreślone (puste pole),N,,,,,,,,,,
EWK-105191728T,2016,2016-12-14,16,POWIAT RADOM,RADOM - OBSZAR MIEJSKI,Droga powiatowa,P5301W,Dwie jezdnie jednokierunkowe,,Obszar zabudowany,21.1656944444444,51.4564722222222,Przejście dla pieszych,Opady deszczu,Noc - droga oświetlona,Najechanie na pieszego,1,0,1,Lekko,N,,,,,,,,,,
EWK-105191728T,2016,2016-12-14,16,POWIAT RADOM,RADOM - OBSZAR MIEJSKI,Droga powiatowa,P5301W,Dwie jezdnie jednokierunkowe,,Obszar zabudowany,21.1656944444444,51.4564722222222,Przejście dla pieszych,Opady deszczu,Noc - droga oświetlona,Najechanie na pieszego,1,0,0,Nieokreślone (puste pole),N,,,,,,,,,,
EWK-105311134J,2016,2016-12-27,17,POWIAT RADOM,RADOM - OBSZAR MIEJSKI,Droga krajowa,12,Dwie jezdnie jednokierunkowe,Odcinek prosty,Obszar zabudowany,21.1284444444444,51.3904722222222,Przejście dla pieszych,Opady deszczu,Noc - droga oświetlona,Najechanie na pieszego,1,0,1,Ciężko,N,,,,,,,,,,
EWK-105311134J,2016,2016-12-27,17,POWIAT RADOM,RADOM - OBSZAR MIEJSKI,Droga krajowa,12,Dwie jezdnie jednokierunkowe,Odcinek prosty,Obszar zabudowany,21.1284444444444,51.3904722222222,Przejście dla pieszych,Opady deszczu,Noc - droga oświetlona,Najechanie na pieszego,1,0,0,Nieokreślone (puste pole),N,,,,,,,,,,
EWK-103913059P,2016,2016-02-19,17,POWIAT RADOMSKI,SKARYSZEW - OBSZAR WIEJSKI,Droga krajowa,9,Jednojezdniowa dwukierunkowa,Odcinek prosty,Obszar zabudowany,21.2067222222222,51.3583888888889,"Wjazd, wyjazd z posesji, pola",Opady deszczu,Noc - droga oświetlona,Najechanie na pieszego,1,0,1,Ciężko,T,,,,,,,,,,
EWK-103913059P,2016,2016-02-19,17,POWIAT RADOMSKI,SKARYSZEW - OBSZAR WIEJSKI,Droga krajowa,9,Jednojezdniowa dwukierunkowa,Odcinek prosty,Obszar zabudowany,21.2067222222222,51.3583888888889,"Wjazd, wyjazd z posesji, pola",Opady deszczu,Noc - droga oświetlona,Najechanie na pieszego,1,0,0,Nieokreślone (puste pole),T,,,,,,,,,,
EWK-103744039W,2016,2016-01-11,16,POWIAT RADOM,RADOM - OBSZAR MIEJSKI,Droga powiatowa,P5312W,Jednojezdniowa dwukierunkowa,,Obszar zabudowany,21.16125,51.4062777777778,Przejście dla pieszych,Opady deszczu,"Zmrok, świt",Najechanie na pieszego,1,0,1,Ciężko,N,,,,,,,,,,
EWK-103744039W,2016,2016-01-11,16,POWIAT RADOM,RADOM - OBSZAR MIEJSKI,Droga powiatowa,P5312W,Jednojezdniowa dwukierunkowa,,Obszar zabudowany,21.16125,51.4062777777778,Przejście dla pieszych,Opady deszczu,"Zmrok, świt",Najechanie na pieszego,1,0,0,Nieokreślone (puste pole),N,,,,,,,,,,
EWK-104412767T,2016,2016-05-14,19,POWIAT SIEDLCE,SIEDLCE - OBSZAR MIEJSKI,Nieokreślone (puste pole),,Jednojezdniowa dwukierunkowa,Odcinek prosty,Obszar zabudowany,22.2735555555556,52.1639444444445,Przejście dla pieszych,Opady deszczu,"Zmrok, świt",Najechanie na pieszego,1,0,1,Lekko,N,,,,,,,,,,
EWK-104412767T,2016,2016-05-14,19,POWIAT SIEDLCE,SIEDLCE - OBSZAR MIEJSKI,Nieokreślone (puste pole),,Jednojezdniowa dwukierunkowa,Odcinek prosty,Obszar zabudowany,22.2735555555556,52.1639444444445,Przejście dla pieszych,Opady deszczu,"Zmrok, świt",Najechanie na pieszego,1,0,0,Nieokreślone (puste pole),N,,,,,,,,,,
EWK-103806438C,2016,2016-01-27,13,POWIAT SIEDLCE,SIEDLCE - OBSZAR MIEJSKI,Droga wojewódzka,W628,Jednojezdniowa dwukierunkowa,,Obszar zabudowany,22.2555833333333,52.158,"Chodnik, droga dla pieszych",Opady deszczu,Światło dzienne,Najechanie na pieszego,1,0,1,Ciężko,N,,,,,,,,,,
EWK-103806438C,2016,2016-01-27,13,POWIAT SIEDLCE,SIEDLCE - OBSZAR MIEJSKI,Droga wojewódzka,W628,Jednojezdniowa dwukierunkowa,,Obszar zabudowany,22.2555833333333,52.158,"Chodnik, droga dla pieszych",Opady deszczu,Światło dzienne,Najechanie na pieszego,1,0,0,Nieokreślone (puste pole),N,,,,,,,,,,
EWK-104725711J,2016,2016-08-10,9,POWIAT CIECHANOWSKI,CIECHANÓW - OBSZAR MIEJSKI,Droga gminna,G121181W,Jednojezdniowa dwukierunkowa,Odcinek prosty,Obszar zabudowany,20.5965555555556,52.8820833333333,Jezdnia,Opady deszczu,Światło dzienne,Najechanie na pieszego,1,0,1,Lekko,N,,,,,,,,,,
EWK-104725711J,2016,2016-08-10,9,POWIAT CIECHANOWSKI,CIECHANÓW - OBSZAR MIEJSKI,Droga gminna,G121181W,Jednojezdniowa dwukierunkowa,Odcinek prosty,Obszar zabudowany,20.5965555555556,52.8820833333333,Jezdnia,Opady deszczu,Światło dzienne,Najechanie na pieszego,1,0,0,Nieokreślone (puste pole),N,,,,,,,,,,
EWK-105160710M,2016,2016-12-10,10,POWIAT WYSZKOWSKI,WYSZKÓW - OBSZAR MIEJSKI,Droga gminna,G440565W,Jednojezdniowa dwukierunkowa,Odcinek prosty,Obszar zabudowany,21.4474722222222,52.5875277777778,Jezdnia,Opady deszczu,Światło dzienne,Najechanie na pieszego,1,0,1,Ciężko,N,,,,,,,,,,
EWK-105160710M,2016,2016-12-10,10,POWIAT WYSZKOWSKI,WYSZKÓW - OBSZAR MIEJSKI,Droga gminna,G440565W,Jednojezdniowa dwukierunkowa,Odcinek prosty,Obszar zabudowany,21.4474722222222,52.5875277777778,Jezdnia,Opady deszczu,Światło dzienne,Najechanie na pieszego,1,0,0,Nieokreślone (puste pole),N,,,,,,,,,,
EWK-103828683X,2016,2016-02-02,13,POWIAT CIECHANOWSKI,CIECHANÓW - OBSZAR MIEJSKI,Droga krajowa,60,Jednojezdniowa dwukierunkowa,,Obszar zabudowany,20.6305555555556,52.8813888888889,Przejście dla pieszych,Opady deszczu,Światło dzienne,Najechanie na pieszego,1,0,2,Lekko,N,,,,,,,,,,
EWK-103828683X,2016,2016-02-02,13,POWIAT CIECHANOWSKI,CIECHANÓW - OBSZAR MIEJSKI,Droga krajowa,60,Jednojezdniowa dwukierunkowa,,Obszar zabudowany,20.6305555555556,52.8813888888889,Przejście dla pieszych,Opady deszczu,Światło dzienne,Najechanie na pieszego,1,0,0,Nieokreślone (puste pole),N,,,,,,,,,,
EWK-104433781P,2016,2016-06-04,12,POWIAT SIERPECKI,SIERPC - OBSZAR MIEJSKI,Droga wojewódzka,541,Jednojezdniowa dwukierunkowa,,Obszar zabudowany,19.6633333333333,52.8506111111111,Przejście dla pieszych,Opady deszczu,Światło dzienne,Najechanie na pieszego,1,0,2,Lekko,N,,,,,,,,,,
EWK-104590578M,2016,2016-07-09,11,POWIAT GOSTYNIŃSKI,SANNIKI - OBSZAR WIEJSKI,Droga wojewódzka,577,Jednojezdniowa dwukierunkowa,Odcinek prosty,Obszar zabudowany,19.8548333333333,52.3361111111111,Przejście dla pieszych,Opady deszczu,Światło dzienne,Najechanie na pieszego,1,0,1,Lekko,N,,,,,,,,,,
EWK-104590578M,2016,2016-07-09,11,POWIAT GOSTYNIŃSKI,SANNIKI - OBSZAR WIEJSKI,Droga wojewódzka,577,Jednojezdniowa dwukierunkowa,Odcinek prosty,Obszar zabudowany,19.8548333333333,52.3361111111111,Przejście dla pieszych,Opady deszczu,Światło dzienne,Najechanie na pieszego,1,0,0,Nieokreślone (puste pole),N,,,,,,,,,,
EWK-104673409F,2016,2016-07-27,14,POWIAT RADOM,RADOM - OBSZAR MIEJSKI,Droga powiatowa,P5301W,Jednojezdniowa dwukierunkowa,,Obszar zabudowany,21.1567222222222,51.4063333333333,Przejście dla pieszych,Opady deszczu,Światło dzienne,Najechanie na pieszego,1,0,1,Lekko,N,,,,,,,,,,
EWK-104673409F,2016,2016-07-27,14,POWIAT RADOM,RADOM - OBSZAR MIEJSKI,Droga powiatowa,P5301W,Jednojezdniowa dwukierunkowa,,Obszar zabudowany,21.1567222222222,51.4063333333333,Przejście dla pieszych,Opady deszczu,Światło dzienne,Najechanie na pieszego,1,0,0,Nieokreślone (puste pole),N,,,,,,,,,,
EWK-104680749Y,2016,2016-07-29,17,POWIAT PRZASNYSKI,CHORZELE - OBSZAR MIEJSKI,Droga krajowa,57,Jednojezdniowa dwukierunkowa,Odcinek prosty,Obszar zabudowany,20.8970833333333,53.2571388888889,Przejście dla pieszych,Opady deszczu,Światło dzienne,Najechanie na pieszego,1,0,1,Ciężko,N,,,,,,,,,,
EWK-104680749Y,2016,2016-07-29,17,POWIAT PRZASNYSKI,CHORZELE - OBSZAR MIEJSKI,Droga krajowa,57,Jednojezdniowa dwukierunkowa,Odcinek prosty,Obszar zabudowany,20.8970833333333,53.2571388888889,Przejście dla pieszych,Opady deszczu,Światło dzienne,Najechanie na pieszego,1,0,0,Nieokreślone (puste pole),N,,,,,,,,,,
EWK-104692546P,2016,2016-07-31,17,POWIAT KOZIENICKI,KOZIENICE - OBSZAR MIEJSKI,Droga krajowa,79,Jednojezdniowa dwukierunkowa,,Obszar zabudowany,21.5473611111111,51.5813055555556,Przejście dla pieszych,Opady deszczu,Światło dzienne,Najechanie na pieszego,1,0,1,Lekko,N,,,,,,,,,,
EWK-104692546P,2016,2016-07-31,17,POWIAT KOZIENICKI,KOZIENICE - OBSZAR MIEJSKI,Droga krajowa,79,Jednojezdniowa dwukierunkowa,,Obszar zabudowany,21.5473611111111,51.5813055555556,Przejście dla pieszych,Opady deszczu,Światło dzienne,Najechanie na pieszego,1,0,0,Nieokreślone (puste pole),N,,,,,,,,,,
EWK-104890284P,2016,2016-10-03,15,POWIAT PŁOŃSKI,PŁOŃSK - OBSZAR MIEJSKI,Droga powiatowa,P3077W,Jednojezdniowa dwukierunkowa,Odcinek prosty,Obszar zabudowany,20.3799166666667,52.6203888888889,Przejście dla pieszych,Opady deszczu,Światło dzienne,Najechanie na pieszego,1,0,1,Ciężko,N,,,,,,,,,,
EWK-104890284P,2016,2016-10-03,15,POWIAT PŁOŃSKI,PŁOŃSK - OBSZAR MIEJSKI,Droga powiatowa,P3077W,Jednojezdniowa dwukierunkowa,Odcinek prosty,Obszar zabudowany,20.3799166666667,52.6203888888889,Przejście dla pieszych,Opady deszczu,Światło dzienne,Najechanie na pieszego,1,0,0,Nieokreślone (puste pole),N,,,,,,,,,,
EWK-104911493X,2016,2016-10-12,14,POWIAT RADOM,RADOM - OBSZAR MIEJSKI,Droga powiatowa,P5302W,Jednojezdniowa dwukierunkowa,,Obszar zabudowany,21.147,51.4075555555556,Przejście dla pieszych,Opady deszczu,Światło dzienne,Najechanie na pieszego,1,0,1,Lekko,N,,,,,,,,,,
EWK-104911493X,2016,2016-10-12,14,POWIAT RADOM,RADOM - OBSZAR MIEJSKI,Droga powiatowa,P5302W,Jednojezdniowa dwukierunkowa,,Obszar zabudowany,21.147,51.4075555555556,Przejście dla pieszych,Opady deszczu,Światło dzienne,Najechanie na pieszego,1,0,0,Nieokreślone (puste pole),N,,,,,,,,,,
EWK-105120051J,2016,2016-11-17,8,POWIAT SIEDLCE,SIEDLCE - OBSZAR MIEJSKI,Droga gminna,GMINNA,Jednojezdniowa dwukierunkowa,"Zakręt, łuk",Obszar zabudowany,22.2830555555556,52.1695555555556,Przejście dla pieszych,Opady deszczu,Światło dzienne,Najechanie na pieszego,1,0,1,Lekko,N,,,,,,,,,,
EWK-105120051J,2016,2016-11-17,8,POWIAT SIEDLCE,SIEDLCE - OBSZAR MIEJSKI,Droga gminna,GMINNA,Jednojezdniowa dwukierunkowa,"Zakręt, łuk",Obszar zabudowany,22.2830555555556,52.1695555555556,Przejście dla pieszych,Opady deszczu,Światło dzienne,Najechanie na pieszego,1,0,0,Nieokreślone (puste pole),N,,,,,,,,,,
EWK-105142375J,2016,2016-12-01,14,POWIAT KOZIENICKI,KOZIENICE - OBSZAR MIEJSKI,Droga gminna,G170829W,Jednojezdniowa dwukierunkowa,,Obszar zabudowany,21.5466388888889,51.6055555555556,Przejście dla pieszych,Opady deszczu,Światło dzienne,Najechanie na pieszego,1,0,1,Lekko,N,,,,,,,,,,
EWK-105142375J,2016,2016-12-01,14,POWIAT KOZIENICKI,KOZIENICE - OBSZAR MIEJSKI,Droga gminna,G170829W,Jednojezdniowa dwukierunkowa,,Obszar zabudowany,21.5466388888889,51.6055555555556,Przejście dla pieszych,Opady deszczu,Światło dzienne,Najechanie na pieszego,1,0,0,Nieokreślone (puste pole),N,,,,,,,,,,
EWK-104990900N,2016,2016-11-02,19,POWIAT BIAŁOBRZESKI,STROMIEC - OBSZAR WIEJSKI,Droga krajowa,48,Jednojezdniowa dwukierunkowa,Odcinek prosty,Obszar niezabudowany,21.2233333333333,51.6223611111111,Jezdnia,Opady deszczu,"Świt, zmrok",Najechanie na pieszego,1,0,1,Lekko,N,,,,,,,,,,
EWK-104990900N,2016,2016-11-02,19,POWIAT BIAŁOBRZESKI,STROMIEC - OBSZAR WIEJSKI,Droga krajowa,48,Jednojezdniowa dwukierunkowa,Odcinek prosty,Obszar niezabudowany,21.2233333333333,51.6223611111111,Jezdnia,Opady deszczu,"Świt, zmrok",Najechanie na pieszego,1,0,0,Nieokreślone (puste pole),N,,,,,,,,,,
EWK-105302078N,2016,2016-12-14,4,POWIAT WYSZKOWSKI,BRAŃSZCZYK - OBSZAR WIEJSKI,Droga gminna,G440126W,Jednojezdniowa dwukierunkowa,"Zakręt, łuk",Obszar zabudowany,21.6043333333333,52.6923888888889,Jezdnia,Opady deszczu,"Świt, zmrok",Najechanie na pieszego,1,0,1,Lekko,N,,,,,,,,,,
EWK-105302078N,2016,2016-12-14,4,POWIAT WYSZKOWSKI,BRAŃSZCZYK - OBSZAR WIEJSKI,Droga gminna,G440126W,Jednojezdniowa dwukierunkowa,"Zakręt, łuk",Obszar zabudowany,21.6043333333333,52.6923888888889,Jezdnia,Opady deszczu,"Świt, zmrok",Najechanie na pieszego,1,0,0,Nieokreślone (puste pole),N,,,,,,,,,,
EWK-104907741L,2016,2016-10-11,16,POWIAT GRÓJECKI,PNIEWY - OBSZAR WIEJSKI,Droga krajowa,50,Jednojezdniowa dwukierunkowa,Odcinek prosty,Obszar niezabudowany,20.7244444444444,51.9126944444444,Przejście dla pieszych,Opady deszczu,"Świt, zmrok",Najechanie na pieszego,1,0,1,Ciężko,N,,,,,,,,,,
EWK-104907741L,2016,2016-10-11,16,POWIAT GRÓJECKI,PNIEWY - OBSZAR WIEJSKI,Droga krajowa,50,Jednojezdniowa dwukierunkowa,Odcinek prosty,Obszar niezabudowany,20.7244444444444,51.9126944444444,Przejście dla pieszych,Opady deszczu,"Świt, zmrok",Najechanie na pieszego,1,0,0,Nieokreślone (puste pole),N,,,,,,,,,,
EWK-104908198H,2016,2016-10-05,18,POWIAT SIEDLCE,SIEDLCE - OBSZAR MIEJSKI,Nieokreślone (puste pole),,Jednojezdniowa dwukierunkowa,Odcinek prosty,Obszar zabudowany,22.2735277777778,52.1698333333333,Przejście dla pieszych,Opady deszczu,"Świt, zmrok",Najechanie na pieszego,1,0,1,Lekko,N,,,,,,,,,,
EWK-104908198H,2016,2016-10-05,18,POWIAT SIEDLCE,SIEDLCE - OBSZAR MIEJSKI,Nieokreślone (puste pole),,Jednojezdniowa dwukierunkowa,Odcinek prosty,Obszar zabudowany,22.2735277777778,52.1698333333333,Przejście dla pieszych,Opady deszczu,"Świt, zmrok",Najechanie na pieszego,1,0,0,Nieokreślone (puste pole),N,,,,,,,,,,
EWK-104925195C,2016,2016-10-20,17,POWIAT SIERPECKI,SIERPC - OBSZAR MIEJSKI,Droga wojewódzka,541,Jednojezdniowa dwukierunkowa,Odcinek prosty,Obszar zabudowany,19.6709722222222,52.8531666666667,Przejście dla pieszych,Opady deszczu,"Świt, zmrok",Najechanie na pieszego,1,0,1,Ciężko,N,,,,,,,,,,
EWK-104925195C,2016,2016-10-20,17,POWIAT SIERPECKI,SIERPC - OBSZAR MIEJSKI,Droga wojewódzka,541,Jednojezdniowa dwukierunkowa,Odcinek prosty,Obszar zabudowany,19.6709722222222,52.8531666666667,Przejście dla pieszych,Opady deszczu,"Świt, zmrok",Najechanie na pieszego,1,0,0,Nieokreślone (puste pole),N,,,,,,,,,,
EWK-105167587E,2016,2016-12-12,7,POWIAT RADOMSKI,PIONKI - OBSZAR WIEJSKI,Droga wojewódzka,737,Jednojezdniowa dwukierunkowa,Odcinek prosty,Obszar niezabudowany,21.3888888888889,51.5003055555556,Jezdnia,Opady deszczu,"Świt, zmrok",Zderzenie pojazdów czołowe,1,0,3,Lekko,N,,,,,,,,,,
EWK-105167587E,2016,2016-12-12,7,POWIAT RADOMSKI,PIONKI - OBSZAR WIEJSKI,Droga wojewódzka,737,Jednojezdniowa dwukierunkowa,Odcinek prosty,Obszar niezabudowany,21.3888888888889,51.5003055555556,Jezdnia,Opady deszczu,"Świt, zmrok",Zderzenie pojazdów czołowe,1,0,0,Nieokreślone (puste pole),N,,,,,,,,,,
EWK-105065047G,2016,2016-11-15,19,POWIAT OSTROŁĘKA,OSTROŁĘKA - OBSZAR MIEJSKI,Droga powiatowa,P5101W,Dwie jezdnie jednokierunkowe,Odcinek prosty,Obszar zabudowany,21.5792222222222,53.0760555555556,Jezdnia,"Opady deszczu; Opady śniegu, gradu",Noc - droga oświetlona,Najechanie na pieszego,1,0,1,Lekko,N,,,,,,,,,,
EWK-105065047G,2016,2016-11-15,19,POWIAT OSTROŁĘKA,OSTROŁĘKA - OBSZAR MIEJSKI,Droga powiatowa,P5101W,Dwie jezdnie jednokierunkowe,Odcinek prosty,Obszar zabudowany,21.5792222222222,53.0760555555556,Jezdnia,"Opady deszczu; Opady śniegu, gradu",Noc - droga oświetlona,Najechanie na pieszego,1,0,0,Nieokreślone (puste pole),N,,,,,,,,,,
EWK-103923188U,2016,2016-02-24,18,POWIAT GRÓJECKI,GRÓJEC - OBSZAR MIEJSKI,Droga powiatowa,P,Jednojezdniowa dwukierunkowa,Odcinek prosty,Obszar zabudowany,20.8756111111111,51.8664166666667,Przejście dla pieszych,"Opady deszczu; Opady śniegu, gradu",Noc - droga oświetlona,Najechanie na pieszego,1,0,1,Lekko,N,,,,,,,,,,
EWK-103923188U,2016,2016-02-24,18,POWIAT GRÓJECKI,GRÓJEC - OBSZAR MIEJSKI,Droga powiatowa,P,Jednojezdniowa dwukierunkowa,Odcinek prosty,Obszar zabudowany,20.8756111111111,51.8664166666667,Przejście dla pieszych,"Opady deszczu; Opady śniegu, gradu",Noc - droga oświetlona,Najechanie na pieszego,1,0,0,Nieokreślone (puste pole),N,,,,,,,,,,
EWK-105142436C,2016,2016-12-01,16,POWIAT KOZIENICKI,KOZIENICE - OBSZAR MIEJSKI,Droga krajowa,48,Jednojezdniowa dwukierunkowa,,Obszar zabudowany,21.549,51.5916666666667,Przejście dla pieszych,"Opady deszczu; Opady śniegu, gradu",Noc - droga oświetlona,Najechanie na pieszego,1,0,1,Lekko,N,,,,,,,,,,
EWK-105142436C,2016,2016-12-01,16,POWIAT KOZIENICKI,KOZIENICE - OBSZAR MIEJSKI,Droga krajowa,48,Jednojezdniowa dwukierunkowa,,Obszar zabudowany,21.549,51.5916666666667,Przejście dla pieszych,"Opady deszczu; Opady śniegu, gradu",Noc - droga oświetlona,Najechanie na pieszego,1,0,0,Nieokreślone (puste pole),N,,,,,,,,,,
EWK-105142856A,2016,2016-12-01,15,POWIAT RADOM,RADOM - OBSZAR MIEJSKI,Droga powiatowa,P5302W,Dwie jezdnie jednokierunkowe,,Obszar zabudowany,21.1426666666667,51.4091388888889,Przejście dla pieszych,"Opady deszczu; Opady śniegu, gradu",Noc - droga oświetlona,Najechanie na pieszego,1,0,1,Lekko,N,,,,,,,,,,
EWK-105142856A,2016,2016-12-01,15,POWIAT RADOM,RADOM - OBSZAR MIEJSKI,Droga powiatowa,P5302W,Dwie jezdnie jednokierunkowe,,Obszar zabudowany,21.1426666666667,51.4091388888889,Przejście dla pieszych,"Opady deszczu; Opady śniegu, gradu",Noc - droga oświetlona,Najechanie na pieszego,1,0,0,Nieokreślone (puste pole),N,,,,,,,,,,
EWK-103864222G,2016,2016-02-11,13,POWIAT SZYDŁOWIECKI,MIRÓW - OBSZAR WIEJSKI,Droga powiatowa,4016W,Jednojezdniowa dwukierunkowa,,Obszar zabudowany,21.0076944444444,51.1718055555556,Pobocze,"Opady deszczu; Opady śniegu, gradu",Światło dzienne,Zderzenie pojazdów boczne,1,0,1,Lekko,N,,,,,,,,,,
EWK-103864222G,2016,2016-02-11,13,POWIAT SZYDŁOWIECKI,MIRÓW - OBSZAR WIEJSKI,Droga powiatowa,4016W,Jednojezdniowa dwukierunkowa,,Obszar zabudowany,21.0076944444444,51.1718055555556,Pobocze,"Opady deszczu; Opady śniegu, gradu",Światło dzienne,Zderzenie pojazdów boczne,1,0,0,Nieokreślone (puste pole),N,,,,,,,,,,
EWK-103779255U,2016,2016-01-21,17,POWIAT KOZIENICKI,SIECIECHÓW - OBSZAR WIEJSKI,Droga krajowa,48,Jednojezdniowa dwukierunkowa,Odcinek prosty,Obszar zabudowany,21.8138888888889,51.5419444444444,Jezdnia,"Opady śniegu, gradu",Noc - droga oświetlona,Najechanie na pieszego,1,1,0,Nieokreślone (puste pole),T,,,,,,,,,,
EWK-105140341K,2016,2016-12-01,8,POWIAT RADOM,RADOM - OBSZAR MIEJSKI,Droga wojewódzka,740,Jednojezdniowa dwukierunkowa,,Obszar zabudowany,21.1061944444444,51.4091388888889,Jezdnia,"Opady śniegu, gradu",Światło dzienne,Najechanie na pieszego,1,0,1,Lekko,N,,,,,,,,,,
EWK-105140341K,2016,2016-12-01,8,POWIAT RADOM,RADOM - OBSZAR MIEJSKI,Droga wojewódzka,740,Jednojezdniowa dwukierunkowa,,Obszar zabudowany,21.1061944444444,51.4091388888889,Jezdnia,"Opady śniegu, gradu",Światło dzienne,Najechanie na pieszego,1,0,0,Nieokreślone (puste pole),N,,,,,,,,,,
EWK-105152891D,2016,2016-12-06,9,POWIAT GARWOLIŃSKI,GÓRZNO - OBSZAR WIEJSKI,Droga powiatowa,31330W,Jednojezdniowa dwukierunkowa,Odcinek prosty,Obszar zabudowany,21.6961944444444,51.9079444444444,Jezdnia,"Opady śniegu, gradu",Światło dzienne,Najechanie na pieszego,1,1,0,Nieokreślone (puste pole),N,,,,,,,,,,