IDKSIP,year,date,hour,district,district_commune,road_category,road_number,type_of_road,road_geometry,area,Longitude,Latitude,char_place_of_the_event,weather_conditions,lighting,type_of_accident,num_of_accidents,num_of_fatalities,num_of_injured,type_of_injury,is_offender_intoxicated,,,,,,,,,,
EWK-103959252G,2016,2016-03-01,11,POWIAT PŁOCK,PŁOCK - OBSZAR MIEJSKI,Droga gminna,GMINNA,Jednojezdniowa dwukierunkowa,"Zakręt, łuk",Obszar zabudowany,19.683,52.5481944444444,Przejście dla pieszych,"Opady śniegu, gradu",Światło dzienne,Najechanie na pieszego,1,0,1,Lekko,N,,,,,,,,,,
EWK-103959252G,2016,2016-03-01,11,POWIAT PŁOCK,PŁOCK - OBSZAR MIEJSKI,Droga gminna,GMINNA,Jednojezdniowa dwukierunkowa,"Zakręt, łuk",Obszar zabudowany,19.683,52.5481944444444,Przejście dla pieszych,"Opady śniegu, gradu",Światło dzienne,Najechanie na pieszego,1,0,0,Nieokreślone (puste pole),N,,,,,,,,,,
EWK-105174809H,2016,2016-12-14,9,POWIAT ŁOSICKI,ŁOSICE - OBSZAR MIEJSKI,Droga wojewódzka,698,Jednojezdniowa dwukierunkowa,Odcinek prosty,Obszar zabudowany,22.7042222222222,52.2115277777778,Przejście dla pieszych,"Opady śniegu, gradu",Światło dzienne,Najechanie na pieszego,1,0,1,Ciężko,N,,,,,,,,,,
EWK-105174809H,2016,2016-12-14,9,POWIAT ŁOSICKI,ŁOSICE - OBSZAR MIEJSKI,Droga wojewódzka,698,Jednojezdniowa dwukierunkowa,Odcinek prosty,Obszar zabudowany,22.7042222222222,52.2115277777778,Przejście dla pieszych,"Opady śniegu, gradu",Światło dzienne,Najechanie na pieszego,1,0,0,Nieokreślone (puste pole),N,,,,,,,,,,
EWK-105065788R,2016,2016-11-15,17,POWIAT SIERPECKI,SIERPC - OBSZAR MIEJSKI,Droga wojewódzka,541,Jednojezdniowa dwukierunkowa,Odcinek prosty,Obszar zabudowany,19.6757777777778,52.8585,"Chodnik, droga dla pieszych","Opady śniegu, gradu","Świt, zmrok",Najechanie na pieszego,1,0,1,Ciężko,N,,,,,,,,,,
EWK-105065788R,2016,2016-11-15,17,POWIAT SIERPECKI,SIERPC - OBSZAR MIEJSKI,Droga wojewódzka,541,Jednojezdniowa dwukierunkowa,Odcinek prosty,Obszar zabudowany,19.6757777777778,52.8585,"Chodnik, droga dla pieszych","Opady śniegu, gradu","Świt, zmrok",Najechanie na pieszego,1,0,0,Nieokreślone (puste pole),N,,,,,,,,,,
EWK-105150875Y,2016,2016-12-02,7,POWIAT RADOM,RADOM - OBSZAR MIEJSKI,Droga powiatowa,P5320W,Jednojezdniowa dwukierunkowa,Odcinek prosty,Obszar zabudowany,21.1669722222222,51.3974166666667,Przejście dla pieszych,"Opady śniegu, gradu","Świt, zmrok",Najechanie na pieszego,1,0,1,Ciężko,N,,,,,,,,,,
EWK-105150875Y,2016,2016-12-02,7,POWIAT RADOM,RADOM - OBSZAR MIEJSKI,Droga powiatowa,P5320W,Jednojezdniowa dwukierunkowa,Odcinek prosty,Obszar zabudowany,21.1669722222222,51.3974166666667,Przejście dla pieszych,"Opady śniegu, gradu","Świt, zmrok",Najechanie na pieszego,1,0,0,Nieokreślone (puste pole),N,,,,,,,,,,
EWK-103785588P,2016,2016-01-23,10,POWIAT GRÓJECKI,GRÓJEC - OBSZAR MIEJSKI,Droga gminna,GMINNA,Jednojezdniowa dwukierunkowa,Odcinek prosty,Obszar zabudowany,20.8655555555556,51.8644444444444,"Chodnik, droga dla pieszych",Oślepiające słońce,Światło dzienne,Najechanie na pieszego,1,0,1,Lekko,N,,,,,,,,,,
EWK-103785588P,2016,2016-01-23,10,POWIAT GRÓJECKI,GRÓJEC - OBSZAR MIEJSKI,Droga gminna,GMINNA,Jednojezdniowa dwukierunkowa,Odcinek prosty,Obszar zabudowany,20.8655555555556,51.8644444444444,"Chodnik, droga dla pieszych",Oślepiające słońce,Światło dzienne,Najechanie na pieszego,1,0,0,Nieokreślone (puste pole),N,,,,,,,,,,
EWK-104532685H,2016,2016-06-24,9,POWIAT PUŁTUSKI,GZY - OBSZAR WIEJSKI,Droga powiatowa,P3426W,Jednojezdniowa dwukierunkowa,Odcinek prosty,Obszar zabudowany,20.9428611111111,52.7392222222222,Jezdnia,Oślepiające słońce,Światło dzienne,Najechanie na pieszego,1,0,1,Lekko,N,,,,,,,,,,
EWK-104532685H,2016,2016-06-24,9,POWIAT PUŁTUSKI,GZY - OBSZAR WIEJSKI,Droga powiatowa,P3426W,Jednojezdniowa dwukierunkowa,Odcinek prosty,Obszar zabudowany,20.9428611111111,52.7392222222222,Jezdnia,Oślepiające słońce,Światło dzienne,Najechanie na pieszego,1,0,0,Nieokreślone (puste pole),N,,,,,,,,,,
EWK-104562238R,2016,2016-07-01,10,POWIAT BIAŁOBRZESKI,WYŚMIERZYCE - OBSZAR WIEJSKI,Droga krajowa,48,Jednojezdniowa dwukierunkowa,"Zakręt, łuk",Obszar niezabudowany,20.8366666666667,51.6283333333333,Jezdnia,Oślepiające słońce,Światło dzienne,Najechanie na pieszego,1,0,1,Lekko,N,,,,,,,,,,
EWK-104562238R,2016,2016-07-01,10,POWIAT BIAŁOBRZESKI,WYŚMIERZYCE - OBSZAR WIEJSKI,Droga krajowa,48,Jednojezdniowa dwukierunkowa,"Zakręt, łuk",Obszar niezabudowany,20.8366666666667,51.6283333333333,Jezdnia,Oślepiające słońce,Światło dzienne,Najechanie na pieszego,1,0,0,Nieokreślone (puste pole),N,,,,,,,,,,
EWK-104635091F,2016,2016-07-21,20,POWIAT ŁOSICKI,ŁOSICE - OBSZAR WIEJSKI,Droga powiatowa,02310W,Jednojezdniowa dwukierunkowa,Odcinek prosty,Obszar niezabudowany,22.7041666666667,52.1824722222222,Jezdnia,Oślepiające słońce,Światło dzienne,Najechanie na pieszego,1,0,2,Lekko,N,,,,,,,,,,
EWK-104635091F,2016,2016-07-21,20,POWIAT ŁOSICKI,ŁOSICE - OBSZAR WIEJSKI,Droga powiatowa,02310W,Jednojezdniowa dwukierunkowa,Odcinek prosty,Obszar niezabudowany,22.7041666666667,52.1824722222222,Jezdnia,Oślepiające słońce,Światło dzienne,Najechanie na pieszego,1,0,0,Nieokreślone (puste pole),N,,,,,,,,,,
EWK-104668512K,2016,2016-07-26,10,POWIAT PŁOŃSKI,RACIĄŻ - OBSZAR WIEJSKI,Droga powiatowa,P3743W,Jednojezdniowa dwukierunkowa,,Obszar niezabudowany,20.0389166666667,52.7973888888889,Jezdnia,Oślepiające słońce,Światło dzienne,Najechanie na pieszego,1,0,1,Ciężko,N,,,,,,,,,,
EWK-104668512K,2016,2016-07-26,10,POWIAT PŁOŃSKI,RACIĄŻ - OBSZAR WIEJSKI,Droga powiatowa,P3743W,Jednojezdniowa dwukierunkowa,,Obszar niezabudowany,20.0389166666667,52.7973888888889,Jezdnia,Oślepiające słońce,Światło dzienne,Najechanie na pieszego,1,0,0,Nieokreślone (puste pole),N,,,,,,,,,,
EWK-104813177P,2016,2016-09-01,16,POWIAT ŻYRARDOWSKI,MSZCZONÓW - OBSZAR MIEJSKI,Droga gminna,GMINNA,Jednokierunkowa,,Obszar zabudowany,20.5163055555556,51.9741111111111,Jezdnia,Oślepiające słońce,Światło dzienne,Najechanie na pieszego,1,0,1,Lekko,N,,,,,,,,,,
EWK-104813177P,2016,2016-09-01,16,POWIAT ŻYRARDOWSKI,MSZCZONÓW - OBSZAR MIEJSKI,Droga gminna,GMINNA,Jednokierunkowa,,Obszar zabudowany,20.5163055555556,51.9741111111111,Jezdnia,Oślepiające słońce,Światło dzienne,Najechanie na pieszego,1,0,0,Nieokreślone (puste pole),N,,,,,,,,,,
EWK-105021992N,2016,2016-11-08,15,POWIAT PŁOCKI,DROBIN - OBSZAR MIEJSKI,Droga gminna,GMINNA,Jednojezdniowa dwukierunkowa,Odcinek prosty,Obszar zabudowany,19.9986944444444,52.7385555555556,Jezdnia,Oślepiające słońce,Światło dzienne,Najechanie na pieszego,1,0,1,Lekko,N,,,,,,,,,,
EWK-105021992N,2016,2016-11-08,15,POWIAT PŁOCKI,DROBIN - OBSZAR MIEJSKI,Droga gminna,GMINNA,Jednojezdniowa dwukierunkowa,Odcinek prosty,Obszar zabudowany,19.9986944444444,52.7385555555556,Jezdnia,Oślepiające słońce,Światło dzienne,Najechanie na pieszego,1,0,0,Nieokreślone (puste pole),N,,,,,,,,,,
EWK-104129104F,2016,2016-04-02,13,POWIAT RADOM,RADOM - OBSZAR MIEJSKI,Droga powiatowa,P5347W,Jednokierunkowa,,Obszar zabudowany,21.14075,51.4046666666667,Przejście dla pieszych,Oślepiające słońce,Światło dzienne,Najechanie na pieszego,1,0,1,Lekko,N,,,,,,,,,,
EWK-104129104F,2016,2016-04-02,13,POWIAT RADOM,RADOM - OBSZAR MIEJSKI,Droga powiatowa,P5347W,Jednokierunkowa,,Obszar zabudowany,21.14075,51.4046666666667,Przejście dla pieszych,Oślepiające słońce,Światło dzienne,Najechanie na pieszego,1,0,0,Nieokreślone (puste pole),N,,,,,,,,,,
EWK-104192278Q,2016,2016-04-18,16,POWIAT PŁOCK,PŁOCK - OBSZAR MIEJSKI,Droga krajowa,62,Dwie jezdnie jednokierunkowe,Odcinek prosty,Obszar zabudowany,19.7625833333333,52.5462777777778,Przejście dla pieszych,Oślepiające słońce,Światło dzienne,Najechanie na pieszego,1,0,1,Ciężko,N,,,,,,,,,,
EWK-104192278Q,2016,2016-04-18,16,POWIAT PŁOCK,PŁOCK - OBSZAR MIEJSKI,Droga krajowa,62,Dwie jezdnie jednokierunkowe,Odcinek prosty,Obszar zabudowany,19.7625833333333,52.5462777777778,Przejście dla pieszych,Oślepiające słońce,Światło dzienne,Najechanie na pieszego,1,0,0,Nieokreślone (puste pole),N,,,,,,,,,,
EWK-104590293E,2016,2016-07-07,18,POWIAT OSTROWSKI,OSTRÓW MAZOWIECKA - OBSZAR MIEJSKI,Droga gminna,GMINNA,Jednojezdniowa dwukierunkowa,,Obszar zabudowany,21.8918888888889,52.803,Przejście dla pieszych,Oślepiające słońce,Światło dzienne,Najechanie na pieszego,1,0,1,Ciężko,N,,,,,,,,,,
EWK-104590293E,2016,2016-07-07,18,POWIAT OSTROWSKI,OSTRÓW MAZOWIECKA - OBSZAR MIEJSKI,Droga gminna,GMINNA,Jednojezdniowa dwukierunkowa,,Obszar zabudowany,21.8918888888889,52.803,Przejście dla pieszych,Oślepiające słońce,Światło dzienne,Najechanie na pieszego,1,0,0,Nieokreślone (puste pole),N,,,,,,,,,,
EWK-104668242G,2016,2016-07-26,18,POWIAT SIEDLCE,SIEDLCE - OBSZAR MIEJSKI,Nieokreślone (puste pole),,Dwie jezdnie jednokierunkowe,Odcinek prosty,Obszar zabudowany,22.2711388888889,52.1804166666667,Przejście dla pieszych,Oślepiające słońce,Światło dzienne,Najechanie na pieszego,1,0,1,Lekko,N,,,,,,,,,,
EWK-104668242G,2016,2016-07-26,18,POWIAT SIEDLCE,SIEDLCE - OBSZAR MIEJSKI,Nieokreślone (puste pole),,Dwie jezdnie jednokierunkowe,Odcinek prosty,Obszar zabudowany,22.2711388888889,52.1804166666667,Przejście dla pieszych,Oślepiające słońce,Światło dzienne,Najechanie na pieszego,1,0,0,Nieokreślone (puste pole),N,,,,,,,,,,
EWK-104687104H,2016,2016-07-24,13,POWIAT GARWOLIŃSKI,ŻELECHÓW - OBSZAR MIEJSKI,Droga wojewódzka,807,Jednojezdniowa dwukierunkowa,,Obszar zabudowany,21.90925,51.8096944444444,Przejście dla pieszych,Oślepiające słońce,Światło dzienne,Najechanie na pieszego,1,0,2,Lekko,N,,,,,,,,,,
EWK-104687104H,2016,2016-07-24,13,POWIAT GARWOLIŃSKI,ŻELECHÓW - OBSZAR MIEJSKI,Droga wojewódzka,807,Jednojezdniowa dwukierunkowa,,Obszar zabudowany,21.90925,51.8096944444444,Przejście dla pieszych,Oślepiające słońce,Światło dzienne,Najechanie na pieszego,1,0,0,Nieokreślone (puste pole),N,,,,,,,,,,
EWK-104840293Q,2016,2016-09-09,8,POWIAT ŻYRARDOWSKI,ŻYRARDÓW - OBSZAR MIEJSKI,Droga gminna,GMINNA,Jednokierunkowa,,Obszar zabudowany,20.4466944444444,52.0553333333333,Przejście dla pieszych,Oślepiające słońce,Światło dzienne,Najechanie na pieszego,1,0,1,Lekko,N,,,,,,,,,,
EWK-104840293Q,2016,2016-09-09,8,POWIAT ŻYRARDOWSKI,ŻYRARDÓW - OBSZAR MIEJSKI,Droga gminna,GMINNA,Jednokierunkowa,,Obszar zabudowany,20.4466944444444,52.0553333333333,Przejście dla pieszych,Oślepiające słońce,Światło dzienne,Najechanie na pieszego,1,0,0,Nieokreślone (puste pole),N,,,,,,,,,,
EWK-104862969N,2016,2016-09-19,17,POWIAT WYSZKOWSKI,WYSZKÓW - OBSZAR MIEJSKI,Droga gminna,GMINNA,Jednojezdniowa dwukierunkowa,,Obszar zabudowany,21.4556666666667,52.5948333333333,Przejście dla pieszych,Oślepiające słońce,Światło dzienne,Najechanie na pieszego,1,0,1,Lekko,N,,,,,,,,,,
EWK-104862969N,2016,2016-09-19,17,POWIAT WYSZKOWSKI,WYSZKÓW - OBSZAR MIEJSKI,Droga gminna,GMINNA,Jednojezdniowa dwukierunkowa,,Obszar zabudowany,21.4556666666667,52.5948333333333,Przejście dla pieszych,Oślepiające słońce,Światło dzienne,Najechanie na pieszego,1,0,0,Nieokreślone (puste pole),N,,,,,,,,,,
EWK-105137808P,2016,2016-11-29,13,POWIAT WYSZKOWSKI,WYSZKÓW - OBSZAR MIEJSKI,Droga gminna,G440565W,Jednojezdniowa dwukierunkowa,Odcinek prosty,Obszar zabudowany,21.4604722222222,52.5902222222222,Przejście dla pieszych,Oślepiające słońce,Światło dzienne,Najechanie na pieszego,1,0,1,Ciężko,N,,,,,,,,,,
EWK-105137808P,2016,2016-11-29,13,POWIAT WYSZKOWSKI,WYSZKÓW - OBSZAR MIEJSKI,Droga gminna,G440565W,Jednojezdniowa dwukierunkowa,Odcinek prosty,Obszar zabudowany,21.4604722222222,52.5902222222222,Przejście dla pieszych,Oślepiające słońce,Światło dzienne,Najechanie na pieszego,1,0,0,Nieokreślone (puste pole),N,,,,,,,,,,
EWK-105146912T,2016,2016-12-03,11,POWIAT RADOM,RADOM - OBSZAR MIEJSKI,Droga krajowa,12,Dwie jezdnie jednokierunkowe,,Obszar zabudowany,21.1429166666667,51.3910833333333,Przejście dla pieszych,Oślepiające słońce,Światło dzienne,Najechanie na pieszego,1,0,2,Lekko,N,,,,,,,,,,
EWK-105146912T,2016,2016-12-03,11,POWIAT RADOM,RADOM - OBSZAR MIEJSKI,Droga krajowa,12,Dwie jezdnie jednokierunkowe,,Obszar zabudowany,21.1429166666667,51.3910833333333,Przejście dla pieszych,Oślepiające słońce,Światło dzienne,Najechanie na pieszego,1,0,0,Nieokreślone (puste pole),N,,,,,,,,,,
EWK-104921898L,2016,2016-10-19,10,POWIAT SOKOŁOWSKI,SOKOŁÓW PODLASKI - OBSZAR MIEJSKI,Droga krajowa,62,Jednojezdniowa dwukierunkowa,Odcinek prosty,Obszar zabudowany,22.2412777777778,52.4072777777778,Przejście dla pieszych,Pochmurno,Światło dzienne,Inne,1,0,1,Lekko,N,,,,,,,,,,
EWK-104921898L,2016,2016-10-19,10,POWIAT SOKOŁOWSKI,SOKOŁÓW PODLASKI - OBSZAR MIEJSKI,Droga krajowa,62,Jednojezdniowa dwukierunkowa,Odcinek prosty,Obszar zabudowany,22.2412777777778,52.4072777777778,Przejście dla pieszych,Pochmurno,Światło dzienne,Inne,1,0,0,Nieokreślone (puste pole),N,,,,,,,,,,
EWK-103744131T,2016,2016-01-11,3,POWIAT RADOMSKI,SKARYSZEW - OBSZAR WIEJSKI,Droga gminna,GMINNA,Jednojezdniowa dwukierunkowa,Odcinek prosty,Obszar zabudowany,21.3314722222222,51.2881666666667,Jezdnia,Pochmurno,Noc - droga nieoświetlona,Najechanie na pieszego,1,0,1,Lekko,N,,,,,,,,,,
EWK-103744131T,2016,2016-01-11,3,POWIAT RADOMSKI,SKARYSZEW - OBSZAR WIEJSKI,Droga gminna,GMINNA,Jednojezdniowa dwukierunkowa,Odcinek prosty,Obszar zabudowany,21.3314722222222,51.2881666666667,Jezdnia,Pochmurno,Noc - droga nieoświetlona,Najechanie na pieszego,1,0,0,Nieokreślone (puste pole),N,,,,,,,,,,
EWK-103795272F,2016,2016-01-23,0,POWIAT RADOMSKI,JASTRZĘBIA - OBSZAR WIEJSKI,Droga powiatowa,P3517W,Jednojezdniowa dwukierunkowa,Odcinek prosty,Obszar niezabudowany,21.2495833333333,51.4664166666667,Jezdnia,Pochmurno,Noc - droga nieoświetlona,Najechanie na pieszego,1,0,1,Lekko,N,,,,,,,,,,
EWK-103795272F,2016,2016-01-23,0,POWIAT RADOMSKI,JASTRZĘBIA - OBSZAR WIEJSKI,Droga powiatowa,P3517W,Jednojezdniowa dwukierunkowa,Odcinek prosty,Obszar niezabudowany,21.2495833333333,51.4664166666667,Jezdnia,Pochmurno,Noc - droga nieoświetlona,Najechanie na pieszego,1,0,0,Nieokreślone (puste pole),N,,,,,,,,,,
EWK-103823026R,2016,2016-01-31,23,POWIAT WYSZKOWSKI,BRAŃSZCZYK - OBSZAR WIEJSKI,Droga krajowa,8,Jednojezdniowa dwukierunkowa,,Obszar niezabudowany,21.5545555555556,52.6485833333333,Jezdnia,Pochmurno,Noc - droga nieoświetlona,Najechanie na pieszego,1,1,0,Nieokreślone (puste pole),T,,,,,,,,,,
EWK-104033764Y,2016,2016-03-15,18,POWIAT RADOMSKI,PRZYTYK - OBSZAR WIEJSKI,Droga gminna,GMINNA,Jednojezdniowa dwukierunkowa,Odcinek prosty,Obszar zabudowany,20.9161388888889,51.5108888888889,Jezdnia,Pochmurno,Noc - droga nieoświetlona,Najechanie na pieszego,1,0,1,Ciężko,N,,,,,,,,,,
EWK-104033764Y,2016,2016-03-15,18,POWIAT RADOMSKI,PRZYTYK - OBSZAR WIEJSKI,Droga gminna,GMINNA,Jednojezdniowa dwukierunkowa,Odcinek prosty,Obszar zabudowany,20.9161388888889,51.5108888888889,Jezdnia,Pochmurno,Noc - droga nieoświetlona,Najechanie na pieszego,1,1,0,Nieokreślone (puste pole),N,,,,,,,,,,
EWK-104417262P,2016,2016-05-07,21,POWIAT GARWOLIŃSKI,PARYSÓW - OBSZAR WIEJSKI,Droga wojewódzka,805,Jednojezdniowa dwukierunkowa,Odcinek prosty,Obszar niezabudowany,21.6826388888889,51.9650833333333,Jezdnia,Pochmurno,Noc - droga nieoświetlona,Najechanie na pieszego,1,0,1,Lekko,T,,,,,,,,,,
EWK-104417262P,2016,2016-05-07,21,POWIAT GARWOLIŃSKI,PARYSÓW - OBSZAR WIEJSKI,Droga wojewódzka,805,Jednojezdniowa dwukierunkowa,Odcinek prosty,Obszar niezabudowany,21.6826388888889,51.9650833333333,Jezdnia,Pochmurno,Noc - droga nieoświetlona,Najechanie na pieszego,1,0,0,Nieokreślone (puste pole),T,,,,,,,,,,
EWK-104735743P,2016,2016-08-13,21,POWIAT ZWOLEŃSKI,PRZYŁĘK - OBSZAR WIEJSKI,Droga gminna,GMINNA,Jednojezdniowa dwukierunkowa,Odcinek prosty,Obszar niezabudowany,21.7061666666667,51.36025,Jezdnia,Pochmurno,Noc - droga nieoświetlona,Najechanie na pieszego,1,0,1,Lekko,N,,,,,,,,,,
EWK-104735743P,2016,2016-08-13,21,POWIAT ZWOLEŃSKI,PRZYŁĘK - OBSZAR WIEJSKI,Droga gminna,GMINNA,Jednojezdniowa dwukierunkowa,Odcinek prosty,Obszar niezabudowany,21.7061666666667,51.36025,Jezdnia,Pochmurno,Noc - droga nieoświetlona,Najechanie na pieszego,1,0,0,Nieokreślone (puste pole),N,,,,,,,,,,
EWK-104786534R,2016,2016-08-28,3,POWIAT WYSZKOWSKI,RZĄŚNIK - OBSZAR WIEJSKI,Droga powiatowa,P2648W,Jednojezdniowa dwukierunkowa,"Zakręt, łuk",Obszar niezabudowany,21.3810833333333,52.7652222222222,Jezdnia,Pochmurno,Noc - droga nieoświetlona,Najechanie na pieszego,1,0,1,Lekko,N,,,,,,,,,,
EWK-104786534R,2016,2016-08-28,3,POWIAT WYSZKOWSKI,RZĄŚNIK - OBSZAR WIEJSKI,Droga powiatowa,P2648W,Jednojezdniowa dwukierunkowa,"Zakręt, łuk",Obszar niezabudowany,21.3810833333333,52.7652222222222,Jezdnia,Pochmurno,Noc - droga nieoświetlona,Najechanie na pieszego,1,0,0,Nieokreślone (puste pole),N,,,,,,,,,,
EWK-105018736R,2016,2016-11-05,18,POWIAT GARWOLIŃSKI,BOROWIE - OBSZAR WIEJSKI,Droga krajowa,76,Jednojezdniowa dwukierunkowa,Odcinek prosty,Obszar zabudowany,21.8131666666667,51.9598611111111,Jezdnia,Pochmurno,Noc - droga nieoświetlona,Najechanie na pieszego,1,1,0,Nieokreślone (puste pole),N,,,,,,,,,,
EWK-105133351K,2016,2016-11-27,3,POWIAT OSTROŁĘKA,OSTROŁĘKA - OBSZAR MIEJSKI,Nieokreślone (puste pole),,Jednojezdniowa dwukierunkowa,Odcinek prosty,Obszar zabudowany,21.595,53.0778333333333,Jezdnia,Pochmurno,Noc - droga nieoświetlona,Najechanie na pieszego,1,0,1,Lekko,N,,,,,,,,,,
EWK-105133351K,2016,2016-11-27,3,POWIAT OSTROŁĘKA,OSTROŁĘKA - OBSZAR MIEJSKI,Nieokreślone (puste pole),,Jednojezdniowa dwukierunkowa,Odcinek prosty,Obszar zabudowany,21.595,53.0778333333333,Jezdnia,Pochmurno,Noc - droga nieoświetlona,Najechanie na pieszego,1,0,0,Nieokreślone (puste pole),N,,,,,,,,,,
EWK-105145732Y,2016,2016-12-02,18,POWIAT CIECHANOWSKI,GOŁYMIN-OŚRODEK - OBSZAR WIEJSKI,Droga krajowa,60,Jednojezdniowa dwukierunkowa,Odcinek prosty,Obszar niezabudowany,20.8130833333333,52.8318888888889,Jezdnia,Pochmurno,Noc - droga nieoświetlona,Najechanie na pieszego,1,1,0,Nieokreślone (puste pole),N,,,,,,,,,,
EWK-105158460T,2016,2016-12-08,19,POWIAT RADOM,RADOM - OBSZAR MIEJSKI,Droga gminna,G530132W,Jednojezdniowa dwukierunkowa,Odcinek prosty,Obszar zabudowany,21.1591111111111,51.4244722222222,Jezdnia,Pochmurno,Noc - droga nieoświetlona,Najechanie na pieszego,1,0,1,Lekko,N,,,,,,,,,,
EWK-105158460T,2016,2016-12-08,19,POWIAT RADOM,RADOM - OBSZAR MIEJSKI,Droga gminna,G530132W,Jednojezdniowa dwukierunkowa,Odcinek prosty,Obszar zabudowany,21.1591111111111,51.4244722222222,Jezdnia,Pochmurno,Noc - droga nieoświetlona,Najechanie na pieszego,1,0,0,Nieokreślone (puste pole),N,,,,,,,,,,
EWK-105175834G,2016,2016-12-14,6,POWIAT SIEDLECKI,MOKOBODY - OBSZAR WIEJSKI,Droga wojewódzka,696,Jednojezdniowa dwukierunkowa,Odcinek prosty,Obszar niezabudowany,22.1049722222222,52.3200555555556,Jezdnia,Pochmurno,Noc - droga nieoświetlona,Najechanie na pieszego,1,1,0,Nieokreślone (puste pole),N,,,,,,,,,,
EWK-105123224T,2016,2016-11-17,16,POWIAT CIECHANOWSKI,OPINOGÓRA GÓRNA - OBSZAR WIEJSKI,Droga krajowa,60,Jednojezdniowa dwukierunkowa,Odcinek prosty,Obszar niezabudowany,20.6604166666667,52.8801111111111,Przejście dla pieszych,Pochmurno,Noc - droga nieoświetlona,Najechanie na pieszego,1,0,1,Ciężko,N,,,,,,,,,,
EWK-105123224T,2016,2016-11-17,16,POWIAT CIECHANOWSKI,OPINOGÓRA GÓRNA - OBSZAR WIEJSKI,Droga krajowa,60,Jednojezdniowa dwukierunkowa,Odcinek prosty,Obszar niezabudowany,20.6604166666667,52.8801111111111,Przejście dla pieszych,Pochmurno,Noc - droga nieoświetlona,Najechanie na pieszego,1,0,0,Nieokreślone (puste pole),N,,,,,,,,,,
EWK-104731199U,2016,2016-08-06,2,POWIAT OSTROŁĘCKI,KADZIDŁO - OBSZAR WIEJSKI,Droga gminna,GMINNA,Jednojezdniowa dwukierunkowa,Odcinek prosty,Obszar zabudowany,21.4558611111111,53.2405833333333,"Wjazd, wyjazd z posesji, pola",Pochmurno,Noc - droga nieoświetlona,Najechanie na pieszego,1,0,1,Ciężko,N,,,,,,,,,,
EWK-104731199U,2016,2016-08-06,2,POWIAT OSTROŁĘCKI,KADZIDŁO - OBSZAR WIEJSKI,Droga gminna,GMINNA,Jednojezdniowa dwukierunkowa,Odcinek prosty,Obszar zabudowany,21.4558611111111,53.2405833333333,"Wjazd, wyjazd z posesji, pola",Pochmurno,Noc - droga nieoświetlona,Najechanie na pieszego,1,0,0,Nieokreślone (puste pole),N,,,,,,,,,,
EWK-103733328X,2016,2016-01-09,18,POWIAT PRZYSUSKI,BORKOWICE - OBSZAR WIEJSKI,Droga wojewódzka,727,Jednojezdniowa dwukierunkowa,Odcinek prosty,Obszar zabudowany,20.7280833333333,51.3185,Jezdnia,Pochmurno,Noc - droga oświetlona,Najechanie na pieszego,1,0,2,Lekko,N,,,,,,,,,,
EWK-103733328X,2016,2016-01-09,18,POWIAT PRZYSUSKI,BORKOWICE - OBSZAR WIEJSKI,Droga wojewódzka,727,Jednojezdniowa dwukierunkowa,Odcinek prosty,Obszar zabudowany,20.7280833333333,51.3185,Jezdnia,Pochmurno,Noc - droga oświetlona,Najechanie na pieszego,1,0,0,Nieokreślone (puste pole),N,,,,,,,,,,
EWK-103769468R,2016,2016-01-18,17,POWIAT PŁOCK,PŁOCK - OBSZAR MIEJSKI,Droga gminna,GMINNA,Jednojezdniowa dwukierunkowa,Odcinek prosty,Obszar zabudowany,19.7631944444444,52.5152777777778,Jezdnia,Pochmurno,Noc - droga oświetlona,Najechanie na pieszego,1,0,1,Ciężko,N,,,,,,,,,,
EWK-103769468R,2016,2016-01-18,17,POWIAT PŁOCK,PŁOCK - OBSZAR MIEJSKI,Droga gminna,GMINNA,Jednojezdniowa dwukierunkowa,Odcinek prosty,Obszar zabudowany,19.7631944444444,52.5152777777778,Jezdnia,Pochmurno,Noc - droga oświetlona,Najechanie na pieszego,1,0,0,Nieokreślone (puste pole),N,,,,,,,,,,
EWK-103883834M,2016,2016-02-14,18,POWIAT OSTROŁĘCKI,RZEKUŃ - OBSZAR WIEJSKI,Droga powiatowa,2550W,Jednojezdniowa dwukierunkowa,Odcinek prosty,Obszar zabudowany,21.6326666666667,53.0551666666667,Jezdnia,Pochmurno,Noc - droga oświetlona,Najechanie na pieszego,1,0,1,Ciężko,N,,,,,,,,,,
EWK-103883834M,2016,2016-02-14,18,POWIAT OSTROŁĘCKI,RZEKUŃ - OBSZAR WIEJSKI,Droga powiatowa,2550W,Jednojezdniowa dwukierunkowa,Odcinek prosty,Obszar zabudowany,21.6326666666667,53.0551666666667,Jezdnia,Pochmurno,Noc - droga oświetlona,Najechanie na pieszego,1,0,0,Nieokreślone (puste pole),N,,,,,,,,,,
EWK-104877570M,2016,2016-09-20,19,POWIAT GARWOLIŃSKI,ŻELECHÓW - OBSZAR WIEJSKI,Droga powiatowa,31328W,Jednojezdniowa dwukierunkowa,Odcinek prosty,Obszar zabudowany,21.7914166666667,51.8239444444445,Jezdnia,Pochmurno,Noc - droga oświetlona,Najechanie na pieszego,1,1,0,Nieokreślone (puste pole),N,,,,,,,,,,
EWK-104919985K,2016,2016-10-17,20,POWIAT KOZIENICKI,GŁOWACZÓW - OBSZAR WIEJSKI,Droga krajowa,48,Jednojezdniowa dwukierunkowa,Odcinek prosty,Obszar zabudowany,21.2721944444444,51.6082777777778,Jezdnia,Pochmurno,Noc - droga oświetlona,Najechanie na pieszego,1,1,0,Nieokreślone (puste pole),N,,,,,,,,,,