IDKSIP,year,date,hour,district,district_commune,road_category,road_number,type_of_road,road_geometry,area,Longitude,Latitude,char_place_of_the_event,weather_conditions,lighting,type_of_accident,num_of_accidents,num_of_fatalities,num_of_injured,type_of_injury,is_offender_intoxicated,,,,,,,,,,
EWK-104983988E,2016,2016-10-28,5,POWIAT RADOMSKI,JEDLIŃSK - OBSZAR WIEJSKI,Droga gminna,GMINNA,Jednojezdniowa dwukierunkowa,Odcinek prosty,Obszar zabudowany,21.2568888888889,51.6778333333333,Jezdnia,Pochmurno,Noc - droga oświetlona,Najechanie na pieszego,1,0,1,Ciężko,N,,,,,,,,,,
EWK-104983988E,2016,2016-10-28,5,POWIAT RADOMSKI,JEDLIŃSK - OBSZAR WIEJSKI,Droga gminna,GMINNA,Jednojezdniowa dwukierunkowa,Odcinek prosty,Obszar zabudowany,21.2568888888889,51.6778333333333,Jezdnia,Pochmurno,Noc - droga oświetlona,Najechanie na pieszego,1,0,0,Nieokreślone (puste pole),N,,,,,,,,,,
EWK-104998612D,2016,2016-11-04,17,POWIAT PŁOCKI,STARA BIAŁA - OBSZAR WIEJSKI,Droga gminna,GMINNA,Jednojezdniowa dwukierunkowa,Odcinek prosty,Obszar zabudowany,19.6311944444444,52.5933888888889,Jezdnia,Pochmurno,Noc - droga oświetlona,Najechanie na pieszego,1,1,0,Nieokreślone (puste pole),N,,,,,,,,,,
EWK-105119885W,2016,2016-11-20,17,POWIAT OSTROŁĘCKI,CZERWIN - OBSZAR WIEJSKI,Droga gminna,G250309W,Jednojezdniowa dwukierunkowa,Odcinek prosty,Obszar zabudowany,21.7751944444444,52.9113611111111,Jezdnia,Pochmurno,Noc - droga oświetlona,Najechanie na pieszego,1,0,1,Ciężko,N,,,,,,,,,,
EWK-105119885W,2016,2016-11-20,17,POWIAT OSTROŁĘCKI,CZERWIN - OBSZAR WIEJSKI,Droga gminna,G250309W,Jednojezdniowa dwukierunkowa,Odcinek prosty,Obszar zabudowany,21.7751944444444,52.9113611111111,Jezdnia,Pochmurno,Noc - droga oświetlona,Najechanie na pieszego,1,0,0,Nieokreślone (puste pole),N,,,,,,,,,,
EWK-105173091D,2016,2016-12-10,18,POWIAT RADOM,RADOM - OBSZAR MIEJSKI,Droga powiatowa,P3564W,Jednojezdniowa dwukierunkowa,Odcinek prosty,Obszar zabudowany,21.1496666666667,51.3958333333333,Jezdnia,Pochmurno,Noc - droga oświetlona,Najechanie na pieszego,1,0,1,Lekko,N,,,,,,,,,,
EWK-105173091D,2016,2016-12-10,18,POWIAT RADOM,RADOM - OBSZAR MIEJSKI,Droga powiatowa,P3564W,Jednojezdniowa dwukierunkowa,Odcinek prosty,Obszar zabudowany,21.1496666666667,51.3958333333333,Jezdnia,Pochmurno,Noc - droga oświetlona,Najechanie na pieszego,1,0,0,Nieokreślone (puste pole),N,,,,,,,,,,
EWK-103742174C,2016,2016-01-08,17,POWIAT ŻYRARDOWSKI,ŻYRARDÓW - OBSZAR MIEJSKI,Droga gminna,GMINNA,Jednojezdniowa dwukierunkowa,Odcinek prosty,Obszar zabudowany,20.44475,52.0591388888889,Przejście dla pieszych,Pochmurno,Noc - droga oświetlona,Najechanie na pieszego,1,0,1,Lekko,N,,,,,,,,,,
EWK-103742174C,2016,2016-01-08,17,POWIAT ŻYRARDOWSKI,ŻYRARDÓW - OBSZAR MIEJSKI,Droga gminna,GMINNA,Jednojezdniowa dwukierunkowa,Odcinek prosty,Obszar zabudowany,20.44475,52.0591388888889,Przejście dla pieszych,Pochmurno,Noc - droga oświetlona,Najechanie na pieszego,1,0,0,Nieokreślone (puste pole),N,,,,,,,,,,
EWK-103748737G,2016,2016-01-14,17,POWIAT PŁOŃSKI,PŁOŃSK - OBSZAR MIEJSKI,Droga powiatowa,P3078W,Jednojezdniowa dwukierunkowa,,Obszar zabudowany,20.3698888888889,52.6205277777778,Przejście dla pieszych,Pochmurno,Noc - droga oświetlona,Najechanie na pieszego,1,0,1,Ciężko,N,,,,,,,,,,
EWK-103748737G,2016,2016-01-14,17,POWIAT PŁOŃSKI,PŁOŃSK - OBSZAR MIEJSKI,Droga powiatowa,P3078W,Jednojezdniowa dwukierunkowa,,Obszar zabudowany,20.3698888888889,52.6205277777778,Przejście dla pieszych,Pochmurno,Noc - droga oświetlona,Najechanie na pieszego,1,0,0,Nieokreślone (puste pole),N,,,,,,,,,,
EWK-103805080R,2016,2016-01-26,19,POWIAT RADOM,RADOM - OBSZAR MIEJSKI,Droga gminna,G530183W,Jednojezdniowa dwukierunkowa,Odcinek prosty,Obszar zabudowany,21.1582222222222,51.379,Przejście dla pieszych,Pochmurno,Noc - droga oświetlona,Najechanie na pieszego,1,0,1,Lekko,N,,,,,,,,,,
EWK-103805080R,2016,2016-01-26,19,POWIAT RADOM,RADOM - OBSZAR MIEJSKI,Droga gminna,G530183W,Jednojezdniowa dwukierunkowa,Odcinek prosty,Obszar zabudowany,21.1582222222222,51.379,Przejście dla pieszych,Pochmurno,Noc - droga oświetlona,Najechanie na pieszego,1,0,0,Nieokreślone (puste pole),N,,,,,,,,,,
EWK-103851333H,2016,2016-02-08,5,POWIAT MŁAWSKI,MŁAWA - OBSZAR MIEJSKI,Droga powiatowa,P4640W,Jednojezdniowa dwukierunkowa,Odcinek prosty,Obszar zabudowany,20.3748888888889,53.11325,Przejście dla pieszych,Pochmurno,Noc - droga oświetlona,Najechanie na pieszego,1,0,1,Lekko,N,,,,,,,,,,
EWK-103851333H,2016,2016-02-08,5,POWIAT MŁAWSKI,MŁAWA - OBSZAR MIEJSKI,Droga powiatowa,P4640W,Jednojezdniowa dwukierunkowa,Odcinek prosty,Obszar zabudowany,20.3748888888889,53.11325,Przejście dla pieszych,Pochmurno,Noc - droga oświetlona,Najechanie na pieszego,1,0,0,Nieokreślone (puste pole),N,,,,,,,,,,
EWK-103943659A,2016,2016-02-26,20,POWIAT PUŁTUSKI,PUŁTUSK - OBSZAR MIEJSKI,Droga krajowa,61,Jednojezdniowa dwukierunkowa,Odcinek prosty,Obszar zabudowany,21.1046111111111,52.7086388888889,Przejście dla pieszych,Pochmurno,Noc - droga oświetlona,Najechanie na pieszego,1,0,1,Lekko,N,,,,,,,,,,
EWK-103943659A,2016,2016-02-26,20,POWIAT PUŁTUSKI,PUŁTUSK - OBSZAR MIEJSKI,Droga krajowa,61,Jednojezdniowa dwukierunkowa,Odcinek prosty,Obszar zabudowany,21.1046111111111,52.7086388888889,Przejście dla pieszych,Pochmurno,Noc - droga oświetlona,Najechanie na pieszego,1,0,0,Nieokreślone (puste pole),N,,,,,,,,,,
EWK-104089327J,2016,2016-03-25,20,POWIAT SOCHACZEWSKI,SOCHACZEW - OBSZAR MIEJSKI,Droga powiatowa,3840W,Jednojezdniowa dwukierunkowa,,Obszar zabudowany,20.2478888888889,52.2413611111111,Przejście dla pieszych,Pochmurno,Noc - droga oświetlona,Najechanie na pieszego,1,0,1,Lekko,N,,,,,,,,,,
EWK-104089327J,2016,2016-03-25,20,POWIAT SOCHACZEWSKI,SOCHACZEW - OBSZAR MIEJSKI,Droga powiatowa,3840W,Jednojezdniowa dwukierunkowa,,Obszar zabudowany,20.2478888888889,52.2413611111111,Przejście dla pieszych,Pochmurno,Noc - droga oświetlona,Najechanie na pieszego,1,0,0,Nieokreślone (puste pole),N,,,,,,,,,,
EWK-104102876N,2016,2016-03-29,20,POWIAT OSTROŁĘCKI,RZEKUŃ - OBSZAR WIEJSKI,Droga wojewódzka,627,Jednojezdniowa dwukierunkowa,Odcinek prosty,Obszar zabudowany,21.6314444444444,53.0566666666667,Przejście dla pieszych,Pochmurno,Noc - droga oświetlona,Najechanie na pieszego,1,0,1,Lekko,N,,,,,,,,,,
EWK-104102876N,2016,2016-03-29,20,POWIAT OSTROŁĘCKI,RZEKUŃ - OBSZAR WIEJSKI,Droga wojewódzka,627,Jednojezdniowa dwukierunkowa,Odcinek prosty,Obszar zabudowany,21.6314444444444,53.0566666666667,Przejście dla pieszych,Pochmurno,Noc - droga oświetlona,Najechanie na pieszego,1,0,0,Nieokreślone (puste pole),N,,,,,,,,,,
EWK-104879697X,2016,2016-09-24,22,POWIAT OSTROŁĘKA,OSTROŁĘKA - OBSZAR MIEJSKI,Droga krajowa,61,Jednojezdniowa dwukierunkowa,Odcinek prosty,Obszar zabudowany,21.5992222222222,53.0956388888889,Przejście dla pieszych,Pochmurno,Noc - droga oświetlona,Najechanie na pieszego,1,0,1,Lekko,N,,,,,,,,,,
EWK-104879697X,2016,2016-09-24,22,POWIAT OSTROŁĘKA,OSTROŁĘKA - OBSZAR MIEJSKI,Droga krajowa,61,Jednojezdniowa dwukierunkowa,Odcinek prosty,Obszar zabudowany,21.5992222222222,53.0956388888889,Przejście dla pieszych,Pochmurno,Noc - droga oświetlona,Najechanie na pieszego,1,0,0,Nieokreślone (puste pole),N,,,,,,,,,,
EWK-104904355P,2016,2016-10-08,22,POWIAT RADOM,RADOM - OBSZAR MIEJSKI,Droga krajowa,7,Jednojezdniowa dwukierunkowa,Odcinek prosty,Obszar zabudowany,21.0971388888889,51.389,Przejście dla pieszych,Pochmurno,Noc - droga oświetlona,Najechanie na pieszego,1,0,1,Ciężko,N,,,,,,,,,,
EWK-104904355P,2016,2016-10-08,22,POWIAT RADOM,RADOM - OBSZAR MIEJSKI,Droga krajowa,7,Jednojezdniowa dwukierunkowa,Odcinek prosty,Obszar zabudowany,21.0971388888889,51.389,Przejście dla pieszych,Pochmurno,Noc - droga oświetlona,Najechanie na pieszego,1,0,0,Nieokreślone (puste pole),N,,,,,,,,,,
EWK-104911617E,2016,2016-10-12,12,POWIAT RADOM,RADOM - OBSZAR MIEJSKI,Nieokreślone (puste pole),,Jednojezdniowa dwukierunkowa,,Obszar zabudowany,21.1764444444444,51.4141944444444,Przejście dla pieszych,Pochmurno,Noc - droga oświetlona,Najechanie na pieszego,1,0,1,Lekko,N,,,,,,,,,,
EWK-104911617E,2016,2016-10-12,12,POWIAT RADOM,RADOM - OBSZAR MIEJSKI,Nieokreślone (puste pole),,Jednojezdniowa dwukierunkowa,,Obszar zabudowany,21.1764444444444,51.4141944444444,Przejście dla pieszych,Pochmurno,Noc - droga oświetlona,Najechanie na pieszego,1,0,0,Nieokreślone (puste pole),N,,,,,,,,,,
EWK-105090446Q,2016,2016-11-17,16,POWIAT OSTROWSKI,OSTRÓW MAZOWIECKA - OBSZAR WIEJSKI,Droga krajowa,8,Jednojezdniowa dwukierunkowa,Odcinek prosty,Obszar niezabudowany,21.7098888888889,52.7198333333333,Przejście dla pieszych,Pochmurno,Noc - droga oświetlona,Najechanie na pieszego,1,1,0,Nieokreślone (puste pole),N,,,,,,,,,,
EWK-105101725U,2016,2016-11-17,18,POWIAT PŁOCK,PŁOCK - OBSZAR MIEJSKI,Droga gminna,GMINNA,Dwie jezdnie jednokierunkowe,"Zakręt, łuk",Obszar zabudowany,19.7489722222222,52.5453611111111,Przejście dla pieszych,Pochmurno,Noc - droga oświetlona,Najechanie na pieszego,1,0,1,Ciężko,N,,,,,,,,,,
EWK-105101725U,2016,2016-11-17,18,POWIAT PŁOCK,PŁOCK - OBSZAR MIEJSKI,Droga gminna,GMINNA,Dwie jezdnie jednokierunkowe,"Zakręt, łuk",Obszar zabudowany,19.7489722222222,52.5453611111111,Przejście dla pieszych,Pochmurno,Noc - droga oświetlona,Najechanie na pieszego,1,0,0,Nieokreślone (puste pole),N,,,,,,,,,,
EWK-105128042C,2016,2016-11-25,5,POWIAT RADOM,RADOM - OBSZAR MIEJSKI,Droga krajowa,7,Jednojezdniowa dwukierunkowa,Odcinek prosty,Obszar zabudowany,21.1114722222222,51.3991388888889,Przejście dla pieszych,Pochmurno,Noc - droga oświetlona,Najechanie na pieszego,1,0,1,Ciężko,N,,,,,,,,,,
EWK-105128042C,2016,2016-11-25,5,POWIAT RADOM,RADOM - OBSZAR MIEJSKI,Droga krajowa,7,Jednojezdniowa dwukierunkowa,Odcinek prosty,Obszar zabudowany,21.1114722222222,51.3991388888889,Przejście dla pieszych,Pochmurno,Noc - droga oświetlona,Najechanie na pieszego,1,0,0,Nieokreślone (puste pole),N,,,,,,,,,,
EWK-105173132G,2016,2016-12-11,17,POWIAT RADOM,RADOM - OBSZAR MIEJSKI,Droga powiatowa,P5347W,Jednojezdniowa dwukierunkowa,,Obszar zabudowany,21.1749722222222,51.3997222222222,Przejście dla pieszych,Pochmurno,Noc - droga oświetlona,Najechanie na pieszego,1,0,1,Ciężko,N,,,,,,,,,,
EWK-105173132G,2016,2016-12-11,17,POWIAT RADOM,RADOM - OBSZAR MIEJSKI,Droga powiatowa,P5347W,Jednojezdniowa dwukierunkowa,,Obszar zabudowany,21.1749722222222,51.3997222222222,Przejście dla pieszych,Pochmurno,Noc - droga oświetlona,Najechanie na pieszego,1,0,0,Nieokreślone (puste pole),N,,,,,,,,,,
EWK-103746519T,2016,2016-01-13,7,POWIAT WYSZKOWSKI,WYSZKÓW - OBSZAR MIEJSKI,Droga krajowa,62,Jednojezdniowa dwukierunkowa,Odcinek prosty,Obszar zabudowany,21.4530833333333,52.5894166666667,Jezdnia,Pochmurno,"Zmrok, świt",Najechanie na pieszego,1,0,1,Lekko,N,,,,,,,,,,
EWK-103746519T,2016,2016-01-13,7,POWIAT WYSZKOWSKI,WYSZKÓW - OBSZAR MIEJSKI,Droga krajowa,62,Jednojezdniowa dwukierunkowa,Odcinek prosty,Obszar zabudowany,21.4530833333333,52.5894166666667,Jezdnia,Pochmurno,"Zmrok, świt",Najechanie na pieszego,1,0,0,Nieokreślone (puste pole),N,,,,,,,,,,
EWK-103764809P,2016,2016-01-15,16,POWIAT LIPSKI,SIENNO - OBSZAR WIEJSKI,Droga powiatowa,P1923W,Jednojezdniowa dwukierunkowa,Odcinek prosty,Obszar zabudowany,21.4654166666667,51.0965833333333,Jezdnia,Pochmurno,"Zmrok, świt",Najechanie na pieszego,1,0,1,Ciężko,N,,,,,,,,,,
EWK-103764809P,2016,2016-01-15,16,POWIAT LIPSKI,SIENNO - OBSZAR WIEJSKI,Droga powiatowa,P1923W,Jednojezdniowa dwukierunkowa,Odcinek prosty,Obszar zabudowany,21.4654166666667,51.0965833333333,Jezdnia,Pochmurno,"Zmrok, świt",Najechanie na pieszego,1,0,0,Nieokreślone (puste pole),N,,,,,,,,,,
EWK-103928634P,2016,2016-02-25,5,POWIAT MŁAWSKI,WIECZFNIA KOŚCIELNA - OBSZAR WIEJSKI,Droga krajowa,7,Jednojezdniowa dwukierunkowa,Odcinek prosty,Obszar zabudowany,20.4124722222222,53.1622222222222,Jezdnia,Pochmurno,"Zmrok, świt",Najechanie na pieszego,1,0,1,Ciężko,N,,,,,,,,,,
EWK-103928634P,2016,2016-02-25,5,POWIAT MŁAWSKI,WIECZFNIA KOŚCIELNA - OBSZAR WIEJSKI,Droga krajowa,7,Jednojezdniowa dwukierunkowa,Odcinek prosty,Obszar zabudowany,20.4124722222222,53.1622222222222,Jezdnia,Pochmurno,"Zmrok, świt",Najechanie na pieszego,1,0,0,Nieokreślone (puste pole),N,,,,,,,,,,
EWK-103744143H,2016,2016-01-09,5,POWIAT RADOM,RADOM - OBSZAR MIEJSKI,Droga wojewódzka,744,Jednojezdniowa dwukierunkowa,,Obszar zabudowany,21.1286111111111,51.3791388888889,Przejście dla pieszych,Pochmurno,"Zmrok, świt",Najechanie na pieszego,1,0,1,Lekko,N,,,,,,,,,,
EWK-103744143H,2016,2016-01-09,5,POWIAT RADOM,RADOM - OBSZAR MIEJSKI,Droga wojewódzka,744,Jednojezdniowa dwukierunkowa,,Obszar zabudowany,21.1286111111111,51.3791388888889,Przejście dla pieszych,Pochmurno,"Zmrok, świt",Najechanie na pieszego,1,0,0,Nieokreślone (puste pole),N,,,,,,,,,,
EWK-103795241F,2016,2016-01-22,8,POWIAT SIEDLCE,SIEDLCE - OBSZAR MIEJSKI,Droga wojewódzka,W628,Jednojezdniowa dwukierunkowa,Odcinek prosty,Obszar zabudowany,22.2888055555556,52.1719444444444,"Chodnik, droga dla pieszych",Pochmurno,Światło dzienne,Najechanie na pieszego,1,0,1,Lekko,N,,,,,,,,,,
EWK-103795241F,2016,2016-01-22,8,POWIAT SIEDLCE,SIEDLCE - OBSZAR MIEJSKI,Droga wojewódzka,W628,Jednojezdniowa dwukierunkowa,Odcinek prosty,Obszar zabudowany,22.2888055555556,52.1719444444444,"Chodnik, droga dla pieszych",Pochmurno,Światło dzienne,Najechanie na pieszego,1,0,0,Nieokreślone (puste pole),N,,,,,,,,,,
EWK-104516606P,2016,2016-06-21,5,POWIAT SIERPECKI,SIERPC - OBSZAR MIEJSKI,Droga powiatowa,P3770W,Jednojezdniowa dwukierunkowa,Odcinek prosty,Obszar zabudowany,19.6639722222222,52.8585277777778,"Chodnik, droga dla pieszych",Pochmurno,Światło dzienne,Najechanie na pieszego,1,0,1,Lekko,N,,,,,,,,,,
EWK-104516606P,2016,2016-06-21,5,POWIAT SIERPECKI,SIERPC - OBSZAR MIEJSKI,Droga powiatowa,P3770W,Jednojezdniowa dwukierunkowa,Odcinek prosty,Obszar zabudowany,19.6639722222222,52.8585277777778,"Chodnik, droga dla pieszych",Pochmurno,Światło dzienne,Najechanie na pieszego,1,0,0,Nieokreślone (puste pole),N,,,,,,,,,,
EWK-104927163M,2016,2016-10-20,10,POWIAT RADOM,RADOM - OBSZAR MIEJSKI,Droga powiatowa,P5339W,Jednojezdniowa dwukierunkowa,,Obszar zabudowany,21.1595555555556,51.4058055555556,"Chodnik, droga dla pieszych",Pochmurno,Światło dzienne,Najechanie na pieszego,1,0,3,Lekko,N,,,,,,,,,,
EWK-104927163M,2016,2016-10-20,10,POWIAT RADOM,RADOM - OBSZAR MIEJSKI,Droga powiatowa,P5339W,Jednojezdniowa dwukierunkowa,,Obszar zabudowany,21.1595555555556,51.4058055555556,"Chodnik, droga dla pieszych",Pochmurno,Światło dzienne,Najechanie na pieszego,1,0,0,Nieokreślone (puste pole),N,,,,,,,,,,
EWK-105018649R,2016,2016-11-07,14,POWIAT RADOM,RADOM - OBSZAR MIEJSKI,Droga powiatowa,P5301W,Jednojezdniowa dwukierunkowa,Odcinek prosty,Obszar zabudowany,21.1585833333333,51.4096944444444,"Chodnik, droga dla pieszych",Pochmurno,Światło dzienne,Najechanie na pieszego,1,0,1,Lekko,N,,,,,,,,,,
EWK-105018649R,2016,2016-11-07,14,POWIAT RADOM,RADOM - OBSZAR MIEJSKI,Droga powiatowa,P5301W,Jednojezdniowa dwukierunkowa,Odcinek prosty,Obszar zabudowany,21.1585833333333,51.4096944444444,"Chodnik, droga dla pieszych",Pochmurno,Światło dzienne,Najechanie na pieszego,1,0,0,Nieokreślone (puste pole),N,,,,,,,,,,
EWK-103884414Y,2016,2016-02-15,14,POWIAT RADOM,RADOM - OBSZAR MIEJSKI,Droga powiatowa,P5301W,Jednojezdniowa dwukierunkowa,Odcinek prosty,Obszar zabudowany,21.1585833333333,51.4096944444444,Jezdnia,Pochmurno,Światło dzienne,Najechanie na pieszego,1,0,1,Lekko,N,,,,,,,,,,
EWK-103884414Y,2016,2016-02-15,14,POWIAT RADOM,RADOM - OBSZAR MIEJSKI,Droga powiatowa,P5301W,Jednojezdniowa dwukierunkowa,Odcinek prosty,Obszar zabudowany,21.1585833333333,51.4096944444444,Jezdnia,Pochmurno,Światło dzienne,Najechanie na pieszego,1,0,0,Nieokreślone (puste pole),N,,,,,,,,,,
EWK-103928570U,2016,2016-02-25,13,POWIAT RADOMSKI,KOWALA - OBSZAR WIEJSKI,Droga gminna,GMINNA,Jednojezdniowa dwukierunkowa,Odcinek prosty,Obszar niezabudowany,21.1495555555556,51.33175,Jezdnia,Pochmurno,Światło dzienne,Najechanie na pieszego,1,0,1,Ciężko,N,,,,,,,,,,
EWK-103928570U,2016,2016-02-25,13,POWIAT RADOMSKI,KOWALA - OBSZAR WIEJSKI,Droga gminna,GMINNA,Jednojezdniowa dwukierunkowa,Odcinek prosty,Obszar niezabudowany,21.1495555555556,51.33175,Jezdnia,Pochmurno,Światło dzienne,Najechanie na pieszego,1,0,0,Nieokreślone (puste pole),N,,,,,,,,,,
EWK-104922037M,2016,2016-10-19,14,POWIAT BIAŁOBRZESKI,PROMNA - OBSZAR WIEJSKI,Droga powiatowa,P1638W,Jednojezdniowa dwukierunkowa,Spadek,Obszar niezabudowany,20.8581111111111,51.6739166666667,Jezdnia,Pochmurno,Światło dzienne,Najechanie na pieszego,1,1,0,Nieokreślone (puste pole),N,,,,,,,,,,
EWK-105067111U,2016,2016-11-16,11,POWIAT SOCHACZEWSKI,SOCHACZEW - OBSZAR MIEJSKI,Droga gminna,GMINNA,Jednojezdniowa dwukierunkowa,Odcinek prosty,Obszar zabudowany,20.2604722222222,52.2397222222222,Jezdnia,Pochmurno,Światło dzienne,Najechanie na pieszego,1,0,1,Lekko,N,,,,,,,,,,
EWK-105067111U,2016,2016-11-16,11,POWIAT SOCHACZEWSKI,SOCHACZEW - OBSZAR MIEJSKI,Droga gminna,GMINNA,Jednojezdniowa dwukierunkowa,Odcinek prosty,Obszar zabudowany,20.2604722222222,52.2397222222222,Jezdnia,Pochmurno,Światło dzienne,Najechanie na pieszego,1,0,0,Nieokreślone (puste pole),N,,,,,,,,,,
EWK-105300035E,2016,2016-12-22,14,POWIAT PŁOCK,PŁOCK - OBSZAR MIEJSKI,Droga gminna,GMINNA,Jednojezdniowa dwukierunkowa,,Obszar zabudowany,19.7012222222222,52.5560555555556,Jezdnia,Pochmurno,Światło dzienne,Najechanie na pieszego,1,0,1,Lekko,N,,,,,,,,,,
EWK-105300035E,2016,2016-12-22,14,POWIAT PŁOCK,PŁOCK - OBSZAR MIEJSKI,Droga gminna,GMINNA,Jednojezdniowa dwukierunkowa,,Obszar zabudowany,19.7012222222222,52.5560555555556,Jezdnia,Pochmurno,Światło dzienne,Najechanie na pieszego,1,0,0,Nieokreślone (puste pole),N,,,,,,,,,,
EWK-103949128K,2016,2016-02-29,11,POWIAT GOSTYNIŃSKI,GOSTYNIN - OBSZAR WIEJSKI,Droga powiatowa,P1409W,Jednojezdniowa dwukierunkowa,Odcinek prosty,Obszar zabudowany,19.3703888888889,52.4393333333333,Pobocze,Pochmurno,Światło dzienne,Najechanie na pieszego,1,0,1,Lekko,N,,,,,,,,,,
EWK-103949128K,2016,2016-02-29,11,POWIAT GOSTYNIŃSKI,GOSTYNIN - OBSZAR WIEJSKI,Droga powiatowa,P1409W,Jednojezdniowa dwukierunkowa,Odcinek prosty,Obszar zabudowany,19.3703888888889,52.4393333333333,Pobocze,Pochmurno,Światło dzienne,Najechanie na pieszego,1,0,0,Nieokreślone (puste pole),N,,,,,,,,,,
EWK-103823550W,2016,2016-01-29,14,POWIAT OSTROŁĘCKI,MYSZYNIEC - OBSZAR MIEJSKI,Droga krajowa,53,Jednojezdniowa dwukierunkowa,Odcinek prosty,Obszar zabudowany,21.3471944444444,53.3812777777778,Przejście dla pieszych,Pochmurno,Światło dzienne,Najechanie na pieszego,1,1,0,Nieokreślone (puste pole),N,,,,,,,,,,
EWK-103887940X,2016,2016-02-16,8,POWIAT OSTROŁĘKA,OSTROŁĘKA - OBSZAR MIEJSKI,Droga powiatowa,P5102W,Dwie jezdnie jednokierunkowe,Odcinek prosty,Obszar zabudowany,21.5866944444444,53.0799444444445,Przejście dla pieszych,Pochmurno,Światło dzienne,Najechanie na pieszego,1,0,1,Lekko,N,,,,,,,,,,
EWK-103887940X,2016,2016-02-16,8,POWIAT OSTROŁĘKA,OSTROŁĘKA - OBSZAR MIEJSKI,Droga powiatowa,P5102W,Dwie jezdnie jednokierunkowe,Odcinek prosty,Obszar zabudowany,21.5866944444444,53.0799444444445,Przejście dla pieszych,Pochmurno,Światło dzienne,Najechanie na pieszego,1,0,0,Nieokreślone (puste pole),N,,,,,,,,,,
EWK-104001304K,2016,2016-03-07,8,POWIAT PŁOCK,PŁOCK - OBSZAR MIEJSKI,Droga gminna,GMINNA,Dwie jezdnie jednokierunkowe,,Obszar zabudowany,19.7588333333333,52.5407222222222,Przejście dla pieszych,Pochmurno,Światło dzienne,Najechanie na pieszego,1,0,2,Lekko,N,,,,,,,,,,
EWK-104001304K,2016,2016-03-07,8,POWIAT PŁOCK,PŁOCK - OBSZAR MIEJSKI,Droga gminna,GMINNA,Dwie jezdnie jednokierunkowe,,Obszar zabudowany,19.7588333333333,52.5407222222222,Przejście dla pieszych,Pochmurno,Światło dzienne,Najechanie na pieszego,1,0,0,Nieokreślone (puste pole),N,,,,,,,,,,
EWK-104166349M,2016,2016-04-12,11,POWIAT PŁOCKI,NOWY DUNINÓW - OBSZAR WIEJSKI,Droga krajowa,62,Jednojezdniowa dwukierunkowa,,Obszar zabudowany,19.4794166666667,52.5825,Przejście dla pieszych,Pochmurno,Światło dzienne,Najechanie na pieszego,1,1,0,Nieokreślone (puste pole),N,,,,,,,,,,
EWK-104170345G,2016,2016-04-11,7,POWIAT RADOM,RADOM - OBSZAR MIEJSKI,Droga powiatowa,P5339W,Jednojezdniowa dwukierunkowa,,Obszar zabudowany,21.1543611111111,51.4115,Przejście dla pieszych,Pochmurno,Światło dzienne,Najechanie na pieszego,1,0,1,Ciężko,N,,,,,,,,,,
EWK-104170345G,2016,2016-04-11,7,POWIAT RADOM,RADOM - OBSZAR MIEJSKI,Droga powiatowa,P5339W,Jednojezdniowa dwukierunkowa,,Obszar zabudowany,21.1543611111111,51.4115,Przejście dla pieszych,Pochmurno,Światło dzienne,Najechanie na pieszego,1,0,0,Nieokreślone (puste pole),N,,,,,,,,,,
EWK-104204441M,2016,2016-04-20,9,POWIAT RADOM,RADOM - OBSZAR MIEJSKI,Droga powiatowa,P5302W,Jednojezdniowa dwukierunkowa,Odcinek prosty,Obszar zabudowany,21.1443055555556,51.4085555555556,Przejście dla pieszych,Pochmurno,Światło dzienne,Najechanie na pieszego,1,0,1,Ciężko,N,,,,,,,,,,
EWK-104204441M,2016,2016-04-20,9,POWIAT RADOM,RADOM - OBSZAR MIEJSKI,Droga powiatowa,P5302W,Jednojezdniowa dwukierunkowa,Odcinek prosty,Obszar zabudowany,21.1443055555556,51.4085555555556,Przejście dla pieszych,Pochmurno,Światło dzienne,Najechanie na pieszego,1,0,0,Nieokreślone (puste pole),N,,,,,,,,,,
EWK-104545684N,2016,2016-06-21,9,POWIAT ŻYRARDOWSKI,ŻYRARDÓW - OBSZAR MIEJSKI,Droga gminna,GMINNA,Jednokierunkowa,Odcinek prosty,Obszar zabudowany,20.4491944444444,52.0576111111111,Przejście dla pieszych,Pochmurno,Światło dzienne,Najechanie na pieszego,1,0,1,Lekko,N,,,,,,,,,,
EWK-104545684N,2016,2016-06-21,9,POWIAT ŻYRARDOWSKI,ŻYRARDÓW - OBSZAR MIEJSKI,Droga gminna,GMINNA,Jednokierunkowa,Odcinek prosty,Obszar zabudowany,20.4491944444444,52.0576111111111,Przejście dla pieszych,Pochmurno,Światło dzienne,Najechanie na pieszego,1,0,0,Nieokreślone (puste pole),N,,,,,,,,,,
EWK-104633980L,2016,2016-07-18,13,POWIAT RADOM,RADOM - OBSZAR MIEJSKI,Droga powiatowa,P5312W,Jednojezdniowa dwukierunkowa,,Obszar zabudowany,21.1659722222222,51.4072222222222,Przejście dla pieszych,Pochmurno,Światło dzienne,Najechanie na pieszego,1,0,1,Lekko,N,,,,,,,,,,
EWK-104633980L,2016,2016-07-18,13,POWIAT RADOM,RADOM - OBSZAR MIEJSKI,Droga powiatowa,P5312W,Jednojezdniowa dwukierunkowa,,Obszar zabudowany,21.1659722222222,51.4072222222222,Przejście dla pieszych,Pochmurno,Światło dzienne,Najechanie na pieszego,1,0,0,Nieokreślone (puste pole),N,,,,,,,,,,