IDKSIP,year,date,hour,district,district_commune,road_category,road_number,type_of_road,road_geometry,area,Longitude,Latitude,char_place_of_the_event,weather_conditions,lighting,type_of_accident,num_of_accidents,num_of_fatalities,num_of_injured,type_of_injury,is_offender_intoxicated,,,,,,,,,,
EWK-104919394X,2016,2016-10-15,15,POWIAT RADOM,RADOM - OBSZAR MIEJSKI,Droga krajowa,7,Jednojezdniowa dwukierunkowa,Odcinek prosty,Obszar zabudowany,21.1509166666667,51.4163611111111,Przejście dla pieszych,Pochmurno,Światło dzienne,Najechanie na pieszego,1,0,1,Ciężko,N,,,,,,,,,,
EWK-104919394X,2016,2016-10-15,15,POWIAT RADOM,RADOM - OBSZAR MIEJSKI,Droga krajowa,7,Jednojezdniowa dwukierunkowa,Odcinek prosty,Obszar zabudowany,21.1509166666667,51.4163611111111,Przejście dla pieszych,Pochmurno,Światło dzienne,Najechanie na pieszego,1,0,1,Lekko,N,,,,,,,,,,
EWK-104919394X,2016,2016-10-15,15,POWIAT RADOM,RADOM - OBSZAR MIEJSKI,Droga krajowa,7,Jednojezdniowa dwukierunkowa,Odcinek prosty,Obszar zabudowany,21.1509166666667,51.4163611111111,Przejście dla pieszych,Pochmurno,Światło dzienne,Najechanie na pieszego,1,0,0,Nieokreślone (puste pole),N,,,,,,,,,,
EWK-104978705Q,2016,2016-10-29,11,POWIAT CIECHANOWSKI,CIECHANÓW - OBSZAR MIEJSKI,Droga krajowa,60,Jednojezdniowa dwukierunkowa,,Obszar zabudowany,20.6361111111111,52.8813888888889,Przejście dla pieszych,Pochmurno,Światło dzienne,Najechanie na pieszego,1,0,1,Ciężko,N,,,,,,,,,,
EWK-104978705Q,2016,2016-10-29,11,POWIAT CIECHANOWSKI,CIECHANÓW - OBSZAR MIEJSKI,Droga krajowa,60,Jednojezdniowa dwukierunkowa,,Obszar zabudowany,20.6361111111111,52.8813888888889,Przejście dla pieszych,Pochmurno,Światło dzienne,Najechanie na pieszego,1,0,0,Nieokreślone (puste pole),N,,,,,,,,,,
EWK-104988408M,2016,2016-11-02,9,POWIAT RADOMSKI,GÓZD - OBSZAR WIEJSKI,Droga krajowa,12,Jednojezdniowa dwukierunkowa,Odcinek prosty,Obszar zabudowany,21.3810833333333,51.3784722222222,Przejście dla pieszych,Pochmurno,Światło dzienne,Najechanie na pieszego,1,0,1,Lekko,N,,,,,,,,,,
EWK-104988408M,2016,2016-11-02,9,POWIAT RADOMSKI,GÓZD - OBSZAR WIEJSKI,Droga krajowa,12,Jednojezdniowa dwukierunkowa,Odcinek prosty,Obszar zabudowany,21.3810833333333,51.3784722222222,Przejście dla pieszych,Pochmurno,Światło dzienne,Najechanie na pieszego,1,0,0,Nieokreślone (puste pole),N,,,,,,,,,,
EWK-104991603Q,2016,2016-10-31,16,POWIAT RADOM,RADOM - OBSZAR MIEJSKI,Droga powiatowa,P5305W,Jednojezdniowa dwukierunkowa,Odcinek prosty,Obszar zabudowany,21.1236111111111,51.4006111111111,Przejście dla pieszych,Pochmurno,Światło dzienne,Najechanie na pieszego,1,0,1,Lekko,N,,,,,,,,,,
EWK-104991603Q,2016,2016-10-31,16,POWIAT RADOM,RADOM - OBSZAR MIEJSKI,Droga powiatowa,P5305W,Jednojezdniowa dwukierunkowa,Odcinek prosty,Obszar zabudowany,21.1236111111111,51.4006111111111,Przejście dla pieszych,Pochmurno,Światło dzienne,Najechanie na pieszego,1,0,0,Nieokreślone (puste pole),N,,,,,,,,,,
EWK-105010746D,2016,2016-11-07,7,POWIAT RADOM,RADOM - OBSZAR MIEJSKI,Droga powiatowa,P5323W,Dwie jezdnie jednokierunkowe,Odcinek prosty,Obszar zabudowany,21.1436388888889,51.3982222222222,Przejście dla pieszych,Pochmurno,Światło dzienne,Najechanie na pieszego,1,0,1,Lekko,N,,,,,,,,,,
EWK-105010746D,2016,2016-11-07,7,POWIAT RADOM,RADOM - OBSZAR MIEJSKI,Droga powiatowa,P5323W,Dwie jezdnie jednokierunkowe,Odcinek prosty,Obszar zabudowany,21.1436388888889,51.3982222222222,Przejście dla pieszych,Pochmurno,Światło dzienne,Najechanie na pieszego,1,0,0,Nieokreślone (puste pole),N,,,,,,,,,,
EWK-105063239J,2016,2016-11-14,10,POWIAT CIECHANOWSKI,CIECHANÓW - OBSZAR MIEJSKI,Droga gminna,G120101W,Dwie jezdnie jednokierunkowe,,Obszar zabudowany,20.6275,52.8783333333333,Przejście dla pieszych,Pochmurno,Światło dzienne,Najechanie na pieszego,1,0,1,Ciężko,N,,,,,,,,,,
EWK-105063239J,2016,2016-11-14,10,POWIAT CIECHANOWSKI,CIECHANÓW - OBSZAR MIEJSKI,Droga gminna,G120101W,Dwie jezdnie jednokierunkowe,,Obszar zabudowany,20.6275,52.8783333333333,Przejście dla pieszych,Pochmurno,Światło dzienne,Najechanie na pieszego,1,0,0,Nieokreślone (puste pole),N,,,,,,,,,,
EWK-105136972P,2016,2016-11-29,9,POWIAT PUŁTUSKI,PUŁTUSK - OBSZAR MIEJSKI,Droga powiatowa,3437P,Jednojezdniowa dwukierunkowa,Odcinek prosty,Obszar zabudowany,21.07625,52.7040277777778,Przejście dla pieszych,Pochmurno,Światło dzienne,Najechanie na pieszego,1,0,1,Lekko,N,,,,,,,,,,
EWK-105136972P,2016,2016-11-29,9,POWIAT PUŁTUSKI,PUŁTUSK - OBSZAR MIEJSKI,Droga powiatowa,3437P,Jednojezdniowa dwukierunkowa,Odcinek prosty,Obszar zabudowany,21.07625,52.7040277777778,Przejście dla pieszych,Pochmurno,Światło dzienne,Najechanie na pieszego,1,0,0,Nieokreślone (puste pole),N,,,,,,,,,,
EWK-105149835X,2016,2016-12-02,15,POWIAT RADOM,RADOM - OBSZAR MIEJSKI,Droga wojewódzka,737,Dwie jezdnie jednokierunkowe,Odcinek prosty,Obszar zabudowany,21.2216111111111,51.4245833333333,Przejście dla pieszych,Pochmurno,Światło dzienne,Najechanie na pieszego,1,0,1,Lekko,N,,,,,,,,,,
EWK-105149835X,2016,2016-12-02,15,POWIAT RADOM,RADOM - OBSZAR MIEJSKI,Droga wojewódzka,737,Dwie jezdnie jednokierunkowe,Odcinek prosty,Obszar zabudowany,21.2216111111111,51.4245833333333,Przejście dla pieszych,Pochmurno,Światło dzienne,Najechanie na pieszego,1,0,0,Nieokreślone (puste pole),N,,,,,,,,,,
EWK-105286342E,2016,2016-12-15,13,POWIAT PRZASNYSKI,PRZASNYSZ - OBSZAR MIEJSKI,Droga krajowa,57,Jednojezdniowa dwukierunkowa,Odcinek prosty,Obszar zabudowany,20.8824166666667,53.0388611111111,Przejście dla pieszych,Pochmurno,Światło dzienne,Najechanie na pieszego,1,0,1,Lekko,N,,,,,,,,,,
EWK-105286342E,2016,2016-12-15,13,POWIAT PRZASNYSKI,PRZASNYSZ - OBSZAR MIEJSKI,Droga krajowa,57,Jednojezdniowa dwukierunkowa,Odcinek prosty,Obszar zabudowany,20.8824166666667,53.0388611111111,Przejście dla pieszych,Pochmurno,Światło dzienne,Najechanie na pieszego,1,0,0,Nieokreślone (puste pole),N,,,,,,,,,,
EWK-105318330A,2016,2016-12-30,15,POWIAT RADOM,RADOM - OBSZAR MIEJSKI,Droga powiatowa,P5312W,Jednojezdniowa dwukierunkowa,,Obszar zabudowany,21.1589444444444,51.4058333333333,Przejście dla pieszych,Pochmurno,Światło dzienne,Najechanie na pieszego,1,0,1,Lekko,N,,,,,,,,,,
EWK-105318330A,2016,2016-12-30,15,POWIAT RADOM,RADOM - OBSZAR MIEJSKI,Droga powiatowa,P5312W,Jednojezdniowa dwukierunkowa,,Obszar zabudowany,21.1589444444444,51.4058333333333,Przejście dla pieszych,Pochmurno,Światło dzienne,Najechanie na pieszego,1,0,0,Nieokreślone (puste pole),N,,,,,,,,,,
EWK-104815082G,2016,2016-09-06,5,POWIAT ZWOLEŃSKI,ZWOLEŃ - OBSZAR MIEJSKI,Droga krajowa,12,Jednojezdniowa dwukierunkowa,Odcinek prosty,Obszar zabudowany,21.5720277777778,51.3580555555556,Jezdnia,Pochmurno,"Świt, zmrok",Najechanie na pieszego,1,1,0,Nieokreślone (puste pole),N,,,,,,,,,,
EWK-105169769A,2016,2016-12-12,16,POWIAT RADOMSKI,SKARYSZEW - OBSZAR WIEJSKI,Droga krajowa,9,Jednojezdniowa dwukierunkowa,Odcinek prosty,Obszar zabudowany,21.229,51.3494722222222,Jezdnia,Pochmurno,"Świt, zmrok",Najechanie na pieszego,1,1,0,Nieokreślone (puste pole),N,,,,,,,,,,
EWK-104907352M,2016,2016-10-11,6,POWIAT MŁAWSKI,MŁAWA - OBSZAR MIEJSKI,Droga powiatowa,P4640W,Jednojezdniowa dwukierunkowa,Odcinek prosty,Obszar zabudowany,20.0395555555556,53.11,Przejście dla pieszych,Pochmurno,"Świt, zmrok",Najechanie na pieszego,1,0,1,Lekko,N,,,,,,,,,,
EWK-104907352M,2016,2016-10-11,6,POWIAT MŁAWSKI,MŁAWA - OBSZAR MIEJSKI,Droga powiatowa,P4640W,Jednojezdniowa dwukierunkowa,Odcinek prosty,Obszar zabudowany,20.0395555555556,53.11,Przejście dla pieszych,Pochmurno,"Świt, zmrok",Najechanie na pieszego,1,0,0,Nieokreślone (puste pole),N,,,,,,,,,,
EWK-104967203Y,2016,2016-10-24,6,POWIAT RADOMSKI,WIERZBICA - OBSZAR WIEJSKI,Droga wojewódzka,744,Jednojezdniowa dwukierunkowa,Odcinek prosty,Obszar zabudowany,21.1095555555556,51.2810833333333,Przejście dla pieszych,Pochmurno,"Świt, zmrok",Najechanie na pieszego,1,0,1,Lekko,N,,,,,,,,,,
EWK-104967203Y,2016,2016-10-24,6,POWIAT RADOMSKI,WIERZBICA - OBSZAR WIEJSKI,Droga wojewódzka,744,Jednojezdniowa dwukierunkowa,Odcinek prosty,Obszar zabudowany,21.1095555555556,51.2810833333333,Przejście dla pieszych,Pochmurno,"Świt, zmrok",Najechanie na pieszego,1,0,0,Nieokreślone (puste pole),N,,,,,,,,,,
EWK-104988717G,2016,2016-11-02,16,POWIAT PŁOCK,PŁOCK - OBSZAR MIEJSKI,Droga powiatowa,P0244T,Jednokierunkowa,,Obszar zabudowany,19.6936111111111,52.5430833333333,Przejście dla pieszych,Pochmurno,"Świt, zmrok",Najechanie na pieszego,1,0,1,Lekko,N,,,,,,,,,,
EWK-104988717G,2016,2016-11-02,16,POWIAT PŁOCK,PŁOCK - OBSZAR MIEJSKI,Droga powiatowa,P0244T,Jednokierunkowa,,Obszar zabudowany,19.6936111111111,52.5430833333333,Przejście dla pieszych,Pochmurno,"Świt, zmrok",Najechanie na pieszego,1,0,0,Nieokreślone (puste pole),N,,,,,,,,,,
EWK-105118041R,2016,2016-11-17,5,POWIAT RADOM,RADOM - OBSZAR MIEJSKI,Droga powiatowa,P5347W,Jednojezdniowa dwukierunkowa,Odcinek prosty,Obszar zabudowany,21.13425,51.4051111111111,Przejście dla pieszych,Pochmurno,"Świt, zmrok",Najechanie na pieszego,1,0,1,Ciężko,N,,,,,,,,,,
EWK-105118041R,2016,2016-11-17,5,POWIAT RADOM,RADOM - OBSZAR MIEJSKI,Droga powiatowa,P5347W,Jednojezdniowa dwukierunkowa,Odcinek prosty,Obszar zabudowany,21.13425,51.4051111111111,Przejście dla pieszych,Pochmurno,"Świt, zmrok",Najechanie na pieszego,1,0,0,Nieokreślone (puste pole),N,,,,,,,,,,
EWK-105160552D,2016,2016-12-10,7,POWIAT PRZASNYSKI,PRZASNYSZ - OBSZAR MIEJSKI,Droga gminna,G320770W,Jednojezdniowa dwukierunkowa,,Obszar zabudowany,20.9107777777778,53.0244722222222,Przejście dla pieszych,Pochmurno,"Świt, zmrok",Najechanie na pieszego,1,1,0,Nieokreślone (puste pole),N,,,,,,,,,,
EWK-105289242W,2016,2016-12-18,6,POWIAT GARWOLIŃSKI,ŁASKARZEW - OBSZAR MIEJSKI,Droga powiatowa,31345W,Jednojezdniowa dwukierunkowa,,Obszar zabudowany,21.5925,51.7895,Przejście dla pieszych,Pochmurno,"Świt, zmrok",Najechanie na pieszego,1,0,1,Lekko,N,,,,,,,,,,
EWK-105289242W,2016,2016-12-18,6,POWIAT GARWOLIŃSKI,ŁASKARZEW - OBSZAR MIEJSKI,Droga powiatowa,31345W,Jednojezdniowa dwukierunkowa,,Obszar zabudowany,21.5925,51.7895,Przejście dla pieszych,Pochmurno,"Świt, zmrok",Najechanie na pieszego,1,0,0,Nieokreślone (puste pole),N,,,,,,,,,,
EWK-105298993J,2016,2016-12-21,7,POWIAT PŁOCKI,STARA BIAŁA - OBSZAR WIEJSKI,Droga wojewódzka,559,Jednojezdniowa dwukierunkowa,Odcinek prosty,Obszar zabudowany,19.6271666666667,52.5811388888889,Przejście dla pieszych,Pochmurno,"Świt, zmrok",Najechanie na pieszego,1,0,1,Ciężko,N,,,,,,,,,,
EWK-105298993J,2016,2016-12-21,7,POWIAT PŁOCKI,STARA BIAŁA - OBSZAR WIEJSKI,Droga wojewódzka,559,Jednojezdniowa dwukierunkowa,Odcinek prosty,Obszar zabudowany,19.6271666666667,52.5811388888889,Przejście dla pieszych,Pochmurno,"Świt, zmrok",Najechanie na pieszego,1,0,0,Nieokreślone (puste pole),N,,,,,,,,,,
EWK-103747779M,2016,2016-01-08,18,POWIAT ŻYRARDOWSKI,RADZIEJOWICE - OBSZAR WIEJSKI,Droga wojewódzka,W579,Jednojezdniowa dwukierunkowa,Odcinek prosty,Obszar niezabudowany,20.5952222222222,52.0478611111111,Jezdnia,"Pochmurno; Opady śniegu, gradu",Noc - droga nieoświetlona,Najechanie na pieszego,1,0,1,Lekko,T,,,,,,,,,,
EWK-103747779M,2016,2016-01-08,18,POWIAT ŻYRARDOWSKI,RADZIEJOWICE - OBSZAR WIEJSKI,Droga wojewódzka,W579,Jednojezdniowa dwukierunkowa,Odcinek prosty,Obszar niezabudowany,20.5952222222222,52.0478611111111,Jezdnia,"Pochmurno; Opady śniegu, gradu",Noc - droga nieoświetlona,Najechanie na pieszego,1,0,0,Nieokreślone (puste pole),T,,,,,,,,,,
EWK-105150856D,2016,2016-12-02,6,POWIAT RADOMSKI,PRZYTYK - OBSZAR WIEJSKI,Droga wojewódzka,740,Jednojezdniowa dwukierunkowa,Odcinek prosty,Obszar zabudowany,20.9123611111111,51.4645555555556,Jezdnia,"Silny wiatr; Opady śniegu, gradu","Świt, zmrok",Najechanie na pieszego,1,0,1,Ciężko,N,,,,,,,,,,
EWK-105150856D,2016,2016-12-02,6,POWIAT RADOMSKI,PRZYTYK - OBSZAR WIEJSKI,Droga wojewódzka,740,Jednojezdniowa dwukierunkowa,Odcinek prosty,Obszar zabudowany,20.9123611111111,51.4645555555556,Jezdnia,"Silny wiatr; Opady śniegu, gradu","Świt, zmrok",Najechanie na pieszego,1,0,0,Nieokreślone (puste pole),N,,,,,,,,,,
EWK-104516644Y,2016,2016-06-20,17,POWIAT RADOM,RADOM - OBSZAR MIEJSKI,Droga gminna,GMINNA,Jednojezdniowa dwukierunkowa,Odcinek prosty,Obszar zabudowany,21.1323333333333,51.3650833333333,Jezdnia,,Światło dzienne,Najechanie na pieszego,1,0,1,Lekko,N,,,,,,,,,,
EWK-104516644Y,2016,2016-06-20,17,POWIAT RADOM,RADOM - OBSZAR MIEJSKI,Droga gminna,GMINNA,Jednojezdniowa dwukierunkowa,Odcinek prosty,Obszar zabudowany,21.1323333333333,51.3650833333333,Jezdnia,,Światło dzienne,Najechanie na pieszego,1,0,0,Nieokreślone (puste pole),N,,,,,,,,,,
EWK-108031241H,2019,2019-07-08,23,POWIAT OSTROWSKI,OSTRÓW MAZOWIECKA - OBSZAR WIEJSKI,Droga wojewódzka,627,Jednojezdniowa dwukierunkowa,Odcinek prosty,Obszar niezabudowany,21.8274166666667,52.84825,Jezdnia,Dobre warunki atmosferyczne,Noc - droga nieoświetlona,Inne,1,0,1,Lekko,N,,,,,,,,,,
EWK-108031241H,2019,2019-07-08,23,POWIAT OSTROWSKI,OSTRÓW MAZOWIECKA - OBSZAR WIEJSKI,Droga wojewódzka,627,Jednojezdniowa dwukierunkowa,Odcinek prosty,Obszar niezabudowany,21.8274166666667,52.84825,Jezdnia,Dobre warunki atmosferyczne,Noc - droga nieoświetlona,Inne,1,0,0,Nieokreślone (puste pole),N,,,,,,,,,,
EWK-107683564E,2019,2019-02-01,10,POWIAT RADOM,RADOM - OBSZAR MIEJSKI,Droga wojewódzka,737,Dwie jezdnie jednokierunkowe,"Zakręt, łuk",Obszar zabudowany,21.2035833333333,51.4157777777778,Jezdnia,Dobre warunki atmosferyczne,Światło dzienne,Inne,1,0,1,Ciężko,N,,,,,,,,,,
EWK-107683564E,2019,2019-02-01,10,POWIAT RADOM,RADOM - OBSZAR MIEJSKI,Droga wojewódzka,737,Dwie jezdnie jednokierunkowe,"Zakręt, łuk",Obszar zabudowany,21.2035833333333,51.4157777777778,Jezdnia,Dobre warunki atmosferyczne,Światło dzienne,Inne,1,0,0,Nieokreślone (puste pole),N,,,,,,,,,,
EWK-107890304A,2019,2019-04-17,11,POWIAT RADOMSKI,JEDLIŃSK - OBSZAR WIEJSKI,Droga gminna,GMINNA,Jednojezdniowa dwukierunkowa,Odcinek prosty,Obszar zabudowany,21.128,51.4996666666667,Jezdnia,Dobre warunki atmosferyczne,Światło dzienne,Inne,1,0,1,Lekko,N,,,,,,,,,,
EWK-107890304A,2019,2019-04-17,11,POWIAT RADOMSKI,JEDLIŃSK - OBSZAR WIEJSKI,Droga gminna,GMINNA,Jednojezdniowa dwukierunkowa,Odcinek prosty,Obszar zabudowany,21.128,51.4996666666667,Jezdnia,Dobre warunki atmosferyczne,Światło dzienne,Inne,1,0,0,Nieokreślone (puste pole),N,,,,,,,,,,
EWK-107968649P,2019,2019-06-05,18,POWIAT GARWOLIŃSKI,GÓRZNO - OBSZAR WIEJSKI,Droga gminna,GMINNA,Jednojezdniowa dwukierunkowa,Odcinek prosty,Obszar zabudowany,21.7465277777778,51.8548055555556,Jezdnia,Dobre warunki atmosferyczne,Światło dzienne,Inne,1,0,1,Ciężko,N,,,,,,,,,,
EWK-107968649P,2019,2019-06-05,18,POWIAT GARWOLIŃSKI,GÓRZNO - OBSZAR WIEJSKI,Droga gminna,GMINNA,Jednojezdniowa dwukierunkowa,Odcinek prosty,Obszar zabudowany,21.7465277777778,51.8548055555556,Jezdnia,Dobre warunki atmosferyczne,Światło dzienne,Inne,1,0,0,Nieokreślone (puste pole),N,,,,,,,,,,
EWK-108060593D,2019,2019-07-26,9,POWIAT PRZASNYSKI,PRZASNYSZ - OBSZAR MIEJSKI,Droga powiatowa,P3237W,Jednojezdniowa dwukierunkowa,Odcinek prosty,Obszar zabudowany,20.9222222222222,53.0259444444444,Jezdnia,Dobre warunki atmosferyczne,Światło dzienne,Inne,1,0,1,Lekko,N,,,,,,,,,,
EWK-108060593D,2019,2019-07-26,9,POWIAT PRZASNYSKI,PRZASNYSZ - OBSZAR MIEJSKI,Droga powiatowa,P3237W,Jednojezdniowa dwukierunkowa,Odcinek prosty,Obszar zabudowany,20.9222222222222,53.0259444444444,Jezdnia,Dobre warunki atmosferyczne,Światło dzienne,Inne,1,0,0,Nieokreślone (puste pole),N,,,,,,,,,,
EWK-107650150P,2019,2019-01-17,20,POWIAT KOZIENICKI,KOZIENICE - OBSZAR WIEJSKI,Droga krajowa,79,Jednojezdniowa dwukierunkowa,Odcinek prosty,Obszar niezabudowany,21.5150277777778,51.60475,Jezdnia,Dobre warunki atmosferyczne,Noc - droga nieoświetlona,Najechanie na pieszego,1,1,0,Nieokreślone (puste pole),T,,,,,,,,,,
EWK-107657321K,2019,2019-01-21,23,POWIAT PŁOCKI,DROBIN - OBSZAR WIEJSKI,Droga krajowa,10,Jednojezdniowa dwukierunkowa,,Obszar niezabudowany,20.0576666666667,52.6831388888889,Jezdnia,Dobre warunki atmosferyczne,Noc - droga nieoświetlona,Najechanie na pieszego,1,0,1,Ciężko,N,,,,,,,,,,
EWK-107657321K,2019,2019-01-21,23,POWIAT PŁOCKI,DROBIN - OBSZAR WIEJSKI,Droga krajowa,10,Jednojezdniowa dwukierunkowa,,Obszar niezabudowany,20.0576666666667,52.6831388888889,Jezdnia,Dobre warunki atmosferyczne,Noc - droga nieoświetlona,Najechanie na pieszego,1,0,0,Nieokreślone (puste pole),N,,,,,,,,,,
EWK-107704410G,2019,2019-02-15,18,POWIAT MŁAWSKI,MŁAWA - OBSZAR MIEJSKI,Droga krajowa,7,Jednojezdniowa dwukierunkowa,Odcinek prosty,Obszar niezabudowany,20.3932777777778,53.1089444444445,Jezdnia,Dobre warunki atmosferyczne,Noc - droga nieoświetlona,Najechanie na pieszego,1,0,1,Lekko,T,,,,,,,,,,
EWK-107704410G,2019,2019-02-15,18,POWIAT MŁAWSKI,MŁAWA - OBSZAR MIEJSKI,Droga krajowa,7,Jednojezdniowa dwukierunkowa,Odcinek prosty,Obszar niezabudowany,20.3932777777778,53.1089444444445,Jezdnia,Dobre warunki atmosferyczne,Noc - droga nieoświetlona,Najechanie na pieszego,1,0,0,Nieokreślone (puste pole),T,,,,,,,,,,
EWK-107704476C,2019,2019-02-15,19,POWIAT SOCHACZEWSKI,SOCHACZEW - OBSZAR WIEJSKI,Droga gminna,GMINNA,Jednojezdniowa dwukierunkowa,Odcinek prosty,Obszar niezabudowany,20.2415277777778,52.2068611111111,Jezdnia,Dobre warunki atmosferyczne,Noc - droga nieoświetlona,Najechanie na pieszego,1,1,0,Nieokreślone (puste pole),N,,,,,,,,,,
EWK-107726017T,2019,2019-02-27,0,POWIAT ŻUROMIŃSKI,BIEŻUŃ - OBSZAR MIEJSKI,Droga wojewódzka,541,Jednojezdniowa dwukierunkowa,Odcinek prosty,Obszar niezabudowany,19.904,52.9904166666667,Jezdnia,Dobre warunki atmosferyczne,Noc - droga nieoświetlona,Najechanie na pieszego,1,0,1,Ciężko,N,,,,,,,,,,
EWK-107726017T,2019,2019-02-27,0,POWIAT ŻUROMIŃSKI,BIEŻUŃ - OBSZAR MIEJSKI,Droga wojewódzka,541,Jednojezdniowa dwukierunkowa,Odcinek prosty,Obszar niezabudowany,19.904,52.9904166666667,Jezdnia,Dobre warunki atmosferyczne,Noc - droga nieoświetlona,Najechanie na pieszego,1,0,0,Nieokreślone (puste pole),N,,,,,,,,,,
EWK-107735436E,2019,2019-03-02,5,POWIAT ŻUROMIŃSKI,BIEŻUŃ - OBSZAR WIEJSKI,Droga wojewódzka,541,Jednojezdniowa dwukierunkowa,Odcinek prosty,Obszar niezabudowany,19.9239444444444,52.9744444444444,Jezdnia,Dobre warunki atmosferyczne,Noc - droga nieoświetlona,Najechanie na pieszego,1,0,1,Ciężko,N,,,,,,,,,,
EWK-107735436E,2019,2019-03-02,5,POWIAT ŻUROMIŃSKI,BIEŻUŃ - OBSZAR WIEJSKI,Droga wojewódzka,541,Jednojezdniowa dwukierunkowa,Odcinek prosty,Obszar niezabudowany,19.9239444444444,52.9744444444444,Jezdnia,Dobre warunki atmosferyczne,Noc - droga nieoświetlona,Najechanie na pieszego,1,0,0,Nieokreślone (puste pole),N,,,,,,,,,,
EWK-107753747H,2019,2019-03-12,19,POWIAT SIEDLECKI,KOTUŃ - OBSZAR WIEJSKI,Droga krajowa,2,Jednojezdniowa dwukierunkowa,Odcinek prosty,Obszar niezabudowany,21.9943333333333,52.1999444444444,Jezdnia,Dobre warunki atmosferyczne,Noc - droga nieoświetlona,Najechanie na pieszego,1,1,0,Nieokreślone (puste pole),N,,,,,,,,,,
EWK-107755800D,2019,2019-03-13,20,POWIAT PŁOCKI,BIELSK - OBSZAR WIEJSKI,Droga powiatowa,5201W,Jednojezdniowa dwukierunkowa,Odcinek prosty,Obszar niezabudowany,19.7454444444444,52.678,Jezdnia,Dobre warunki atmosferyczne,Noc - droga nieoświetlona,Najechanie na pieszego,1,0,1,Lekko,T,,,,,,,,,,
EWK-107755800D,2019,2019-03-13,20,POWIAT PŁOCKI,BIELSK - OBSZAR WIEJSKI,Droga powiatowa,5201W,Jednojezdniowa dwukierunkowa,Odcinek prosty,Obszar niezabudowany,19.7454444444444,52.678,Jezdnia,Dobre warunki atmosferyczne,Noc - droga nieoświetlona,Najechanie na pieszego,1,0,0,Nieokreślone (puste pole),T,,,,,,,,,,
EWK-107767829G,2019,2019-03-18,22,POWIAT RADOMSKI,JEDLIŃSK - OBSZAR WIEJSKI,Droga gminna,GMINNA,Jednojezdniowa dwukierunkowa,Odcinek prosty,Obszar niezabudowany,21.1118055555556,51.4535,Jezdnia,Dobre warunki atmosferyczne,Noc - droga nieoświetlona,Najechanie na pieszego,1,1,0,Nieokreślone (puste pole),N,,,,,,,,,,
EWK-107802753E,2019,2019-03-31,21,POWIAT ŻYRARDOWSKI,WISKITKI - OBSZAR WIEJSKI,Autostrada,A2,Autostrada,Odcinek prosty,Obszar niezabudowany,20.3264444444444,52.0761944444445,Jezdnia,Dobre warunki atmosferyczne,Noc - droga nieoświetlona,Najechanie na pieszego,1,0,1,Ciężko,T,,,,,,,,,,
EWK-107802753E,2019,2019-03-31,21,POWIAT ŻYRARDOWSKI,WISKITKI - OBSZAR WIEJSKI,Autostrada,A2,Autostrada,Odcinek prosty,Obszar niezabudowany,20.3264444444444,52.0761944444445,Jezdnia,Dobre warunki atmosferyczne,Noc - droga nieoświetlona,Najechanie na pieszego,1,0,0,Nieokreślone (puste pole),T,,,,,,,,,,
EWK-107904520Q,2019,2019-05-01,0,POWIAT SIERPECKI,SZCZUTOWO - OBSZAR WIEJSKI,Droga wojewódzka,560,Jednojezdniowa dwukierunkowa,Odcinek prosty,Obszar niezabudowany,19.6441944444444,52.9067777777778,Jezdnia,Dobre warunki atmosferyczne,Noc - droga nieoświetlona,Najechanie na pieszego,1,0,1,Lekko,N,,,,,,,,,,
EWK-107904520Q,2019,2019-05-01,0,POWIAT SIERPECKI,SZCZUTOWO - OBSZAR WIEJSKI,Droga wojewódzka,560,Jednojezdniowa dwukierunkowa,Odcinek prosty,Obszar niezabudowany,19.6441944444444,52.9067777777778,Jezdnia,Dobre warunki atmosferyczne,Noc - droga nieoświetlona,Najechanie na pieszego,1,0,0,Nieokreślone (puste pole),N,,,,,,,,,,
EWK-107911511E,2019,2019-05-07,1,POWIAT RADOMSKI,GÓZD - OBSZAR WIEJSKI,Droga gminna,GMINNA,Jednojezdniowa dwukierunkowa,Odcinek prosty,Obszar zabudowany,21.2606388888889,51.3936388888889,Jezdnia,Dobre warunki atmosferyczne,Noc - droga nieoświetlona,Najechanie na pieszego,1,0,1,Lekko,N,,,,,,,,,,
EWK-107911511E,2019,2019-05-07,1,POWIAT RADOMSKI,GÓZD - OBSZAR WIEJSKI,Droga gminna,GMINNA,Jednojezdniowa dwukierunkowa,Odcinek prosty,Obszar zabudowany,21.2606388888889,51.3936388888889,Jezdnia,Dobre warunki atmosferyczne,Noc - droga nieoświetlona,Najechanie na pieszego,1,0,0,Nieokreślone (puste pole),N,,,,,,,,,,
EWK-107996099Q,2019,2019-06-18,21,POWIAT RADOMSKI,SKARYSZEW - OBSZAR MIEJSKI,Droga powiatowa,P3537W,Jednojezdniowa dwukierunkowa,Odcinek prosty,Obszar niezabudowany,21.2566944444444,51.30925,Jezdnia,Dobre warunki atmosferyczne,Noc - droga nieoświetlona,Najechanie na pieszego,1,0,1,Lekko,N,,,,,,,,,,
EWK-107996099Q,2019,2019-06-18,21,POWIAT RADOMSKI,SKARYSZEW - OBSZAR MIEJSKI,Droga powiatowa,P3537W,Jednojezdniowa dwukierunkowa,Odcinek prosty,Obszar niezabudowany,21.2566944444444,51.30925,Jezdnia,Dobre warunki atmosferyczne,Noc - droga nieoświetlona,Najechanie na pieszego,1,0,0,Nieokreślone (puste pole),N,,,,,,,,,,
EWK-108030199D,2019,2019-07-09,0,POWIAT OSTROWSKI,OSTRÓW MAZOWIECKA - OBSZAR WIEJSKI,Droga wojewódzka,627,Jednojezdniowa dwukierunkowa,Odcinek prosty,Obszar niezabudowany,21.8223888888889,52.8553888888889,Jezdnia,Dobre warunki atmosferyczne,Noc - droga nieoświetlona,Najechanie na pieszego,1,1,0,Nieokreślone (puste pole),N,,,,,,,,,,