IDKSIP,year,date,hour,district,district_commune,road_category,road_number,type_of_road,road_geometry,area,Longitude,Latitude,char_place_of_the_event,weather_conditions,lighting,type_of_accident,num_of_accidents,num_of_fatalities,num_of_injured,type_of_injury,is_offender_intoxicated,,,,,,,,,,
EWK-108092869M,2019,2019-08-11,21,POWIAT ŻYRARDOWSKI,RADZIEJOWICE - OBSZAR WIEJSKI,Droga gminna,GMINNA,Jednojezdniowa dwukierunkowa,Odcinek prosty,Obszar niezabudowany,20.5382222222222,51.9874166666667,Jezdnia,Dobre warunki atmosferyczne,Noc - droga nieoświetlona,Najechanie na pieszego,1,0,1,Ciężko,T,,,,,,,,,,
EWK-108092869M,2019,2019-08-11,21,POWIAT ŻYRARDOWSKI,RADZIEJOWICE - OBSZAR WIEJSKI,Droga gminna,GMINNA,Jednojezdniowa dwukierunkowa,Odcinek prosty,Obszar niezabudowany,20.5382222222222,51.9874166666667,Jezdnia,Dobre warunki atmosferyczne,Noc - droga nieoświetlona,Najechanie na pieszego,1,0,0,Nieokreślone (puste pole),T,,,,,,,,,,
EWK-108124877D,2019,2019-08-29,1,POWIAT PŁOŃSKI,CZERWIŃSK NAD WISŁĄ - OBSZAR WIEJSKI,Droga krajowa,62,Jednojezdniowa dwukierunkowa,Odcinek prosty,Obszar niezabudowany,20.4191111111111,52.4210277777778,Jezdnia,Dobre warunki atmosferyczne,Noc - droga nieoświetlona,Najechanie na pieszego,1,0,1,Lekko,T,,,,,,,,,,
EWK-108124877D,2019,2019-08-29,1,POWIAT PŁOŃSKI,CZERWIŃSK NAD WISŁĄ - OBSZAR WIEJSKI,Droga krajowa,62,Jednojezdniowa dwukierunkowa,Odcinek prosty,Obszar niezabudowany,20.4191111111111,52.4210277777778,Jezdnia,Dobre warunki atmosferyczne,Noc - droga nieoświetlona,Najechanie na pieszego,1,0,0,Nieokreślone (puste pole),T,,,,,,,,,,
EWK-108126563N,2019,2019-08-30,2,POWIAT GRÓJECKI,CHYNÓW - OBSZAR WIEJSKI,Droga krajowa,K50CH,Jednojezdniowa dwukierunkowa,Odcinek prosty,Obszar niezabudowany,21.0118333333333,51.8986944444444,Jezdnia,Dobre warunki atmosferyczne,Noc - droga nieoświetlona,Najechanie na pieszego,1,1,0,Nieokreślone (puste pole),N,,,,,,,,,,
EWK-108143281U,2019,2019-09-07,22,POWIAT SIEDLECKI,MORDY - OBSZAR MIEJSKI,Droga powiatowa,P3626W,Jednojezdniowa dwukierunkowa,Odcinek prosty,Obszar niezabudowany,22.5108888888889,52.2155277777778,Jezdnia,Dobre warunki atmosferyczne,Noc - droga nieoświetlona,Najechanie na pieszego,1,0,1,Lekko,N,,,,,,,,,,
EWK-108143281U,2019,2019-09-07,22,POWIAT SIEDLECKI,MORDY - OBSZAR MIEJSKI,Droga powiatowa,P3626W,Jednojezdniowa dwukierunkowa,Odcinek prosty,Obszar niezabudowany,22.5108888888889,52.2155277777778,Jezdnia,Dobre warunki atmosferyczne,Noc - droga nieoświetlona,Najechanie na pieszego,1,0,0,Nieokreślone (puste pole),N,,,,,,,,,,
EWK-108174955C,2019,2019-09-22,20,POWIAT ŻUROMIŃSKI,ŻUROMIN - OBSZAR WIEJSKI,Droga powiatowa,P4627W,Jednojezdniowa dwukierunkowa,Odcinek prosty,Obszar niezabudowany,19.9971944444444,53.04575,Jezdnia,Dobre warunki atmosferyczne,Noc - droga nieoświetlona,Najechanie na pieszego,1,0,1,Lekko,T,,,,,,,,,,
EWK-108174955C,2019,2019-09-22,20,POWIAT ŻUROMIŃSKI,ŻUROMIN - OBSZAR WIEJSKI,Droga powiatowa,P4627W,Jednojezdniowa dwukierunkowa,Odcinek prosty,Obszar niezabudowany,19.9971944444444,53.04575,Jezdnia,Dobre warunki atmosferyczne,Noc - droga nieoświetlona,Najechanie na pieszego,1,0,0,Nieokreślone (puste pole),T,,,,,,,,,,
EWK-108189535P,2019,2019-09-29,5,POWIAT OSTROWSKI,OSTRÓW MAZOWIECKA - OBSZAR WIEJSKI,Droga powiatowa,P2655W,Jednojezdniowa dwukierunkowa,Odcinek prosty,Obszar niezabudowany,21.9211666666667,52.7978888888889,Jezdnia,Dobre warunki atmosferyczne,Noc - droga nieoświetlona,Najechanie na pieszego,1,1,0,Nieokreślone (puste pole),N,,,,,,,,,,
EWK-108207114M,2019,2019-10-04,20,POWIAT ŻUROMIŃSKI,LUTOCIN - OBSZAR WIEJSKI,Droga powiatowa,P4618W,Jednojezdniowa dwukierunkowa,Odcinek prosty,Obszar niezabudowany,19.7572222222222,52.9898888888889,Jezdnia,Dobre warunki atmosferyczne,Noc - droga nieoświetlona,Najechanie na pieszego,1,1,0,Nieokreślone (puste pole),N,,,,,,,,,,
EWK-108232048D,2019,2019-10-13,5,POWIAT RADOMSKI,PIONKI - OBSZAR WIEJSKI,Droga wojewódzka,787,Jednojezdniowa dwukierunkowa,Odcinek prosty,Obszar niezabudowany,21.4933611111111,51.43125,Jezdnia,Dobre warunki atmosferyczne,Noc - droga nieoświetlona,Najechanie na pieszego,1,0,1,Lekko,T,,,,,,,,,,
EWK-108232048D,2019,2019-10-13,5,POWIAT RADOMSKI,PIONKI - OBSZAR WIEJSKI,Droga wojewódzka,787,Jednojezdniowa dwukierunkowa,Odcinek prosty,Obszar niezabudowany,21.4933611111111,51.43125,Jezdnia,Dobre warunki atmosferyczne,Noc - droga nieoświetlona,Najechanie na pieszego,1,0,0,Nieokreślone (puste pole),T,,,,,,,,,,
EWK-108242336W,2019,2019-10-18,20,POWIAT PŁOCKI,BIELSK - OBSZAR WIEJSKI,Droga powiatowa,P3759W,Jednojezdniowa dwukierunkowa,Odcinek prosty,Obszar niezabudowany,19.8160555555556,52.6826111111111,Jezdnia,Dobre warunki atmosferyczne,Noc - droga nieoświetlona,Najechanie na pieszego,1,0,1,Ciężko,N,,,,,,,,,,
EWK-108242336W,2019,2019-10-18,20,POWIAT PŁOCKI,BIELSK - OBSZAR WIEJSKI,Droga powiatowa,P3759W,Jednojezdniowa dwukierunkowa,Odcinek prosty,Obszar niezabudowany,19.8160555555556,52.6826111111111,Jezdnia,Dobre warunki atmosferyczne,Noc - droga nieoświetlona,Najechanie na pieszego,1,0,0,Nieokreślone (puste pole),N,,,,,,,,,,
EWK-108263043D,2019,2019-10-30,17,POWIAT CIECHANOWSKI,OPINOGÓRA GÓRNA - OBSZAR WIEJSKI,Droga wojewódzka,615,Jednojezdniowa dwukierunkowa,Odcinek prosty,Obszar niezabudowany,20.5768055555556,52.8824166666667,Jezdnia,Dobre warunki atmosferyczne,Noc - droga nieoświetlona,Najechanie na pieszego,1,0,1,Lekko,N,,,,,,,,,,
EWK-108263043D,2019,2019-10-30,17,POWIAT CIECHANOWSKI,OPINOGÓRA GÓRNA - OBSZAR WIEJSKI,Droga wojewódzka,615,Jednojezdniowa dwukierunkowa,Odcinek prosty,Obszar niezabudowany,20.5768055555556,52.8824166666667,Jezdnia,Dobre warunki atmosferyczne,Noc - droga nieoświetlona,Najechanie na pieszego,1,0,0,Nieokreślone (puste pole),N,,,,,,,,,,
EWK-108264098D,2019,2019-10-27,2,POWIAT KOZIENICKI,GNIEWOSZÓW - OBSZAR WIEJSKI,Droga wojewódzka,738,Jednojezdniowa dwukierunkowa,Odcinek prosty,Obszar niezabudowany,21.7976388888889,51.4799722222222,Jezdnia,Dobre warunki atmosferyczne,Noc - droga nieoświetlona,Najechanie na pieszego,1,1,0,Nieokreślone (puste pole),N,,,,,,,,,,
EWK-108270413R,2019,2019-10-29,18,POWIAT GRÓJECKI,GRÓJEC - OBSZAR WIEJSKI,Droga krajowa,7,Dwie jezdnie jednokierunkowe,Odcinek prosty,Obszar niezabudowany,20.8558611111111,51.9261666666667,Jezdnia,Dobre warunki atmosferyczne,Noc - droga nieoświetlona,Najechanie na pieszego,1,0,1,Ciężko,T,,,,,,,,,,
EWK-108270413R,2019,2019-10-29,18,POWIAT GRÓJECKI,GRÓJEC - OBSZAR WIEJSKI,Droga krajowa,7,Dwie jezdnie jednokierunkowe,Odcinek prosty,Obszar niezabudowany,20.8558611111111,51.9261666666667,Jezdnia,Dobre warunki atmosferyczne,Noc - droga nieoświetlona,Najechanie na pieszego,1,0,0,Nieokreślone (puste pole),T,,,,,,,,,,
EWK-108326958X,2019,2019-11-17,16,POWIAT SIERPECKI,SIERPC - OBSZAR WIEJSKI,Droga powiatowa,P0244T,Jednojezdniowa dwukierunkowa,Odcinek prosty,Obszar niezabudowany,19.74825,52.8545277777778,Jezdnia,Dobre warunki atmosferyczne,Noc - droga nieoświetlona,Najechanie na pieszego,1,0,1,Ciężko,N,,,,,,,,,,
EWK-108326958X,2019,2019-11-17,16,POWIAT SIERPECKI,SIERPC - OBSZAR WIEJSKI,Droga powiatowa,P0244T,Jednojezdniowa dwukierunkowa,Odcinek prosty,Obszar niezabudowany,19.74825,52.8545277777778,Jezdnia,Dobre warunki atmosferyczne,Noc - droga nieoświetlona,Najechanie na pieszego,1,0,0,Nieokreślone (puste pole),N,,,,,,,,,,
EWK-108345730C,2019,2019-11-20,16,POWIAT SOKOŁOWSKI,SABNIE - OBSZAR WIEJSKI,Droga powiatowa,P3913W,Jednojezdniowa dwukierunkowa,Odcinek prosty,Obszar niezabudowany,22.2755,52.5047222222222,Jezdnia,Dobre warunki atmosferyczne,Noc - droga nieoświetlona,Najechanie na pieszego,1,0,1,Ciężko,N,,,,,,,,,,
EWK-108345730C,2019,2019-11-20,16,POWIAT SOKOŁOWSKI,SABNIE - OBSZAR WIEJSKI,Droga powiatowa,P3913W,Jednojezdniowa dwukierunkowa,Odcinek prosty,Obszar niezabudowany,22.2755,52.5047222222222,Jezdnia,Dobre warunki atmosferyczne,Noc - droga nieoświetlona,Najechanie na pieszego,1,0,0,Nieokreślone (puste pole),N,,,,,,,,,,
EWK-108365138R,2019,2019-11-24,18,POWIAT PRZYSUSKI,GIELNIÓW - OBSZAR WIEJSKI,Droga powiatowa,P3321W,Jednojezdniowa dwukierunkowa,Odcinek prosty,Obszar niezabudowany,20.523,51.4126944444444,Jezdnia,Dobre warunki atmosferyczne,Noc - droga nieoświetlona,Najechanie na pieszego,1,1,0,Nieokreślone (puste pole),N,,,,,,,,,,
EWK-108415370M,2019,2019-11-19,19,POWIAT GARWOLIŃSKI,GÓRZNO - OBSZAR WIEJSKI,Droga powiatowa,P0244T,Jednojezdniowa dwukierunkowa,Odcinek prosty,Obszar zabudowany,21.6912222222222,51.8243888888889,Jezdnia,Dobre warunki atmosferyczne,Noc - droga nieoświetlona,Najechanie na pieszego,1,1,0,Nieokreślone (puste pole),N,,,,,,,,,,
EWK-108421082K,2019,2019-12-06,19,POWIAT RADOMSKI,PIONKI - OBSZAR WIEJSKI,Droga wojewódzka,787,Jednojezdniowa dwukierunkowa,Odcinek prosty,Obszar zabudowany,21.4784166666667,51.4601388888889,Jezdnia,Dobre warunki atmosferyczne,Noc - droga nieoświetlona,Najechanie na pieszego,1,0,1,Ciężko,N,,,,,,,,,,
EWK-108421082K,2019,2019-12-06,19,POWIAT RADOMSKI,PIONKI - OBSZAR WIEJSKI,Droga wojewódzka,787,Jednojezdniowa dwukierunkowa,Odcinek prosty,Obszar zabudowany,21.4784166666667,51.4601388888889,Jezdnia,Dobre warunki atmosferyczne,Noc - droga nieoświetlona,Najechanie na pieszego,1,0,0,Nieokreślone (puste pole),N,,,,,,,,,,
EWK-108426921U,2019,2019-12-09,16,POWIAT OSTROWSKI,OSTRÓW MAZOWIECKA - OBSZAR WIEJSKI,Droga powiatowa,P2655W,Jednojezdniowa dwukierunkowa,Odcinek prosty,Obszar niezabudowany,21.9462777777778,52.7958333333333,Jezdnia,Dobre warunki atmosferyczne,Noc - droga nieoświetlona,Najechanie na pieszego,1,1,0,Nieokreślone (puste pole),N,,,,,,,,,,
EWK-108497094W,2019,2019-12-16,21,POWIAT GARWOLIŃSKI,ŻELECHÓW - OBSZAR WIEJSKI,Droga powiatowa,P1337W,Jednojezdniowa dwukierunkowa,Odcinek prosty,Obszar niezabudowany,21.6912222222222,51.8243888888889,Jezdnia,Dobre warunki atmosferyczne,Noc - droga nieoświetlona,Najechanie na pieszego,1,1,0,Nieokreślone (puste pole),T,,,,,,,,,,
EWK-108518165M,2019,2019-12-27,18,POWIAT ŻYRARDOWSKI,PUSZCZA MARIAŃSKA - OBSZAR WIEJSKI,Droga wojewódzka,719,Jednojezdniowa dwukierunkowa,Odcinek prosty,Obszar zabudowany,20.4052222222222,52.0148055555556,Jezdnia,Dobre warunki atmosferyczne,Noc - droga nieoświetlona,Najechanie na pieszego,1,0,1,Ciężko,T,,,,,,,,,,
EWK-108518165M,2019,2019-12-27,18,POWIAT ŻYRARDOWSKI,PUSZCZA MARIAŃSKA - OBSZAR WIEJSKI,Droga wojewódzka,719,Jednojezdniowa dwukierunkowa,Odcinek prosty,Obszar zabudowany,20.4052222222222,52.0148055555556,Jezdnia,Dobre warunki atmosferyczne,Noc - droga nieoświetlona,Najechanie na pieszego,1,0,0,Nieokreślone (puste pole),T,,,,,,,,,,
EWK-108196693J,2019,2019-10-01,20,POWIAT PŁOCKI,WYSZOGRÓD - OBSZAR WIEJSKI,Droga krajowa,62,Jednojezdniowa dwukierunkowa,Odcinek prosty,Obszar niezabudowany,20.1136944444444,52.4139166666667,Pobocze,Dobre warunki atmosferyczne,Noc - droga nieoświetlona,Najechanie na pieszego,1,0,1,Lekko,N,,,,,,,,,,
EWK-108196693J,2019,2019-10-01,20,POWIAT PŁOCKI,WYSZOGRÓD - OBSZAR WIEJSKI,Droga krajowa,62,Jednojezdniowa dwukierunkowa,Odcinek prosty,Obszar niezabudowany,20.1136944444444,52.4139166666667,Pobocze,Dobre warunki atmosferyczne,Noc - droga nieoświetlona,Najechanie na pieszego,1,0,0,Nieokreślone (puste pole),N,,,,,,,,,,
EWK-108288952R,2019,2019-11-02,21,POWIAT RADOMSKI,WIERZBICA - OBSZAR WIEJSKI,Droga wojewódzka,744,Jednojezdniowa dwukierunkowa,Odcinek prosty,Obszar niezabudowany,21.1101666666667,51.2661944444444,Pobocze,Dobre warunki atmosferyczne,Noc - droga nieoświetlona,Najechanie na pieszego,1,0,1,Lekko,N,,,,,,,,,,
EWK-108288952R,2019,2019-11-02,21,POWIAT RADOMSKI,WIERZBICA - OBSZAR WIEJSKI,Droga wojewódzka,744,Jednojezdniowa dwukierunkowa,Odcinek prosty,Obszar niezabudowany,21.1101666666667,51.2661944444444,Pobocze,Dobre warunki atmosferyczne,Noc - droga nieoświetlona,Najechanie na pieszego,1,0,0,Nieokreślone (puste pole),N,,,,,,,,,,
EWK-108120473A,2019,2019-08-25,22,POWIAT SIEDLECKI,SIEDLCE - OBSZAR WIEJSKI,Droga krajowa,2,Jednojezdniowa dwukierunkowa,Odcinek prosty,Obszar niezabudowany,22.3435,52.1299722222222,Przejście dla pieszych,Dobre warunki atmosferyczne,Noc - droga nieoświetlona,Najechanie na pieszego,1,1,0,Nieokreślone (puste pole),N,,,,,,,,,,
EWK-108437524F,2019,2019-11-25,17,POWIAT SOKOŁOWSKI,SOKOŁÓW PODLASKI - OBSZAR MIEJSKI,Droga krajowa,62,Jednojezdniowa dwukierunkowa,Odcinek prosty,Obszar zabudowany,22.2400833333333,52.4071111111111,Przejście dla pieszych,Dobre warunki atmosferyczne,Noc - droga nieoświetlona,Najechanie na pieszego,1,0,1,Lekko,N,,,,,,,,,,
EWK-108437524F,2019,2019-11-25,17,POWIAT SOKOŁOWSKI,SOKOŁÓW PODLASKI - OBSZAR MIEJSKI,Droga krajowa,62,Jednojezdniowa dwukierunkowa,Odcinek prosty,Obszar zabudowany,22.2400833333333,52.4071111111111,Przejście dla pieszych,Dobre warunki atmosferyczne,Noc - droga nieoświetlona,Najechanie na pieszego,1,0,0,Nieokreślone (puste pole),N,,,,,,,,,,
EWK-107769263U,2019,2019-03-19,18,POWIAT PŁOŃSKI,NOWE MIASTO - OBSZAR WIEJSKI,Droga wojewódzka,W632,Jednojezdniowa dwukierunkowa,Odcinek prosty,Obszar niezabudowany,20.6455555555556,52.6694444444444,"Skarpa, rów",Dobre warunki atmosferyczne,Noc - droga nieoświetlona,Najechanie na pieszego,1,0,1,Lekko,N,,,,,,,,,,
EWK-107769263U,2019,2019-03-19,18,POWIAT PŁOŃSKI,NOWE MIASTO - OBSZAR WIEJSKI,Droga wojewódzka,W632,Jednojezdniowa dwukierunkowa,Odcinek prosty,Obszar niezabudowany,20.6455555555556,52.6694444444444,"Skarpa, rów",Dobre warunki atmosferyczne,Noc - droga nieoświetlona,Najechanie na pieszego,1,0,0,Nieokreślone (puste pole),N,,,,,,,,,,
EWK-108129826D,2019,2019-08-31,23,POWIAT OSTROŁĘCKI,RZEKUŃ - OBSZAR WIEJSKI,Droga wojewódzka,627,Jednojezdniowa dwukierunkowa,Odcinek prosty,Obszar zabudowany,21.6351666666667,53.0549722222222,"Chodnik, droga dla pieszych",Dobre warunki atmosferyczne,Noc - droga oświetlona,Najechanie na pieszego,1,0,1,Lekko,N,,,,,,,,,,
EWK-108129826D,2019,2019-08-31,23,POWIAT OSTROŁĘCKI,RZEKUŃ - OBSZAR WIEJSKI,Droga wojewódzka,627,Jednojezdniowa dwukierunkowa,Odcinek prosty,Obszar zabudowany,21.6351666666667,53.0549722222222,"Chodnik, droga dla pieszych",Dobre warunki atmosferyczne,Noc - droga oświetlona,Najechanie na pieszego,1,0,0,Nieokreślone (puste pole),N,,,,,,,,,,
EWK-108242009E,2019,2019-10-18,17,POWIAT RADOM,RADOM - OBSZAR MIEJSKI,Droga powiatowa,P5309W,Jednojezdniowa dwukierunkowa,Odcinek prosty,Obszar zabudowany,21.1820833333333,51.3925833333333,"Chodnik, droga dla pieszych",Dobre warunki atmosferyczne,Noc - droga oświetlona,Najechanie na pieszego,1,0,1,Lekko,N,,,,,,,,,,
EWK-108242009E,2019,2019-10-18,17,POWIAT RADOM,RADOM - OBSZAR MIEJSKI,Droga powiatowa,P5309W,Jednojezdniowa dwukierunkowa,Odcinek prosty,Obszar zabudowany,21.1820833333333,51.3925833333333,"Chodnik, droga dla pieszych",Dobre warunki atmosferyczne,Noc - droga oświetlona,Najechanie na pieszego,1,0,0,Nieokreślone (puste pole),N,,,,,,,,,,
EWK-108407503H,2019,2019-11-29,17,POWIAT OSTROŁĘKA,OSTROŁĘKA - OBSZAR MIEJSKI,Droga powiatowa,P5101W,Jednojezdniowa dwukierunkowa,Odcinek prosty,Obszar zabudowany,21.5768611111111,53.0784166666667,"Chodnik, droga dla pieszych",Dobre warunki atmosferyczne,Noc - droga oświetlona,Najechanie na pieszego,1,0,1,Lekko,N,,,,,,,,,,
EWK-108407503H,2019,2019-11-29,17,POWIAT OSTROŁĘKA,OSTROŁĘKA - OBSZAR MIEJSKI,Droga powiatowa,P5101W,Jednojezdniowa dwukierunkowa,Odcinek prosty,Obszar zabudowany,21.5768611111111,53.0784166666667,"Chodnik, droga dla pieszych",Dobre warunki atmosferyczne,Noc - droga oświetlona,Najechanie na pieszego,1,0,0,Nieokreślone (puste pole),N,,,,,,,,,,
EWK-107556540X,2019,2019-01-01,19,POWIAT ŻUROMIŃSKI,ŻUROMIN - OBSZAR MIEJSKI,Droga gminna,GMINNA,Jednojezdniowa dwukierunkowa,Odcinek prosty,Obszar zabudowany,19.9104166666667,53.0740555555556,Jezdnia,Dobre warunki atmosferyczne,Noc - droga oświetlona,Najechanie na pieszego,1,0,1,Ciężko,N,,,,,,,,,,
EWK-107556540X,2019,2019-01-01,19,POWIAT ŻUROMIŃSKI,ŻUROMIN - OBSZAR MIEJSKI,Droga gminna,GMINNA,Jednojezdniowa dwukierunkowa,Odcinek prosty,Obszar zabudowany,19.9104166666667,53.0740555555556,Jezdnia,Dobre warunki atmosferyczne,Noc - droga oświetlona,Najechanie na pieszego,1,0,0,Nieokreślone (puste pole),N,,,,,,,,,,
EWK-107653838J,2019,2019-01-19,19,POWIAT PŁOCK,PŁOCK - OBSZAR MIEJSKI,Droga powiatowa,5207W,Jednokierunkowa,Odcinek prosty,Obszar zabudowany,19.7033611111111,52.5411944444444,Jezdnia,Dobre warunki atmosferyczne,Noc - droga oświetlona,Najechanie na pieszego,1,0,1,Ciężko,T,,,,,,,,,,
EWK-107653838J,2019,2019-01-19,19,POWIAT PŁOCK,PŁOCK - OBSZAR MIEJSKI,Droga powiatowa,5207W,Jednokierunkowa,Odcinek prosty,Obszar zabudowany,19.7033611111111,52.5411944444444,Jezdnia,Dobre warunki atmosferyczne,Noc - droga oświetlona,Najechanie na pieszego,1,0,0,Nieokreślone (puste pole),T,,,,,,,,,,
EWK-107677642E,2019,2019-02-03,19,POWIAT SIEDLCE,SIEDLCE - OBSZAR MIEJSKI,Droga gminna,GMINNA,Jednojezdniowa dwukierunkowa,Odcinek prosty,Obszar zabudowany,22.2488888888889,52.1613333333333,Jezdnia,Dobre warunki atmosferyczne,Noc - droga oświetlona,Najechanie na pieszego,1,0,1,Lekko,N,,,,,,,,,,
EWK-107677642E,2019,2019-02-03,19,POWIAT SIEDLCE,SIEDLCE - OBSZAR MIEJSKI,Droga gminna,GMINNA,Jednojezdniowa dwukierunkowa,Odcinek prosty,Obszar zabudowany,22.2488888888889,52.1613333333333,Jezdnia,Dobre warunki atmosferyczne,Noc - droga oświetlona,Najechanie na pieszego,1,0,0,Nieokreślone (puste pole),N,,,,,,,,,,
EWK-107701108C,2019,2019-02-14,18,POWIAT KOZIENICKI,KOZIENICE - OBSZAR MIEJSKI,Droga krajowa,48,Jednojezdniowa dwukierunkowa,Odcinek prosty,Obszar zabudowany,21.5678888888889,51.6021388888889,Jezdnia,Dobre warunki atmosferyczne,Noc - droga oświetlona,Najechanie na pieszego,1,1,0,Nieokreślone (puste pole),T,,,,,,,,,,
EWK-107704285E,2019,2019-02-15,18,POWIAT PRZASNYSKI,PRZASNYSZ - OBSZAR MIEJSKI,Droga krajowa,57,Jednojezdniowa dwukierunkowa,Odcinek prosty,Obszar zabudowany,20.8964444444444,53.0144444444444,Jezdnia,Dobre warunki atmosferyczne,Noc - droga oświetlona,Najechanie na pieszego,1,1,0,Nieokreślone (puste pole),T,,,,,,,,,,
EWK-107742090H,2019,2019-03-06,18,POWIAT RADOMSKI,JASTRZĘBIA - OBSZAR WIEJSKI,Droga powiatowa,P1715W,Jednojezdniowa dwukierunkowa,Odcinek prosty,Obszar zabudowany,21.2367222222222,51.4955833333333,Jezdnia,Dobre warunki atmosferyczne,Noc - droga oświetlona,Najechanie na pieszego,1,0,1,Lekko,N,,,,,,,,,,
EWK-107742090H,2019,2019-03-06,18,POWIAT RADOMSKI,JASTRZĘBIA - OBSZAR WIEJSKI,Droga powiatowa,P1715W,Jednojezdniowa dwukierunkowa,Odcinek prosty,Obszar zabudowany,21.2367222222222,51.4955833333333,Jezdnia,Dobre warunki atmosferyczne,Noc - droga oświetlona,Najechanie na pieszego,1,0,0,Nieokreślone (puste pole),N,,,,,,,,,,
EWK-107747547T,2019,2019-03-08,18,POWIAT LIPSKI,RZECZNIÓW - OBSZAR WIEJSKI,Droga wojewódzka,747,Jednojezdniowa dwukierunkowa,Odcinek prosty,Obszar zabudowany,21.3609166666667,51.1728333333333,Jezdnia,Dobre warunki atmosferyczne,Noc - droga oświetlona,Najechanie na pieszego,1,1,0,Nieokreślone (puste pole),N,,,,,,,,,,
EWK-107786938M,2019,2019-03-22,18,POWIAT GRÓJECKI,WARKA - OBSZAR MIEJSKI,Droga wojewódzka,730,Jednojezdniowa dwukierunkowa,,Obszar zabudowany,21.1893333333333,51.7808888888889,Jezdnia,Dobre warunki atmosferyczne,Noc - droga oświetlona,Najechanie na pieszego,1,0,1,Lekko,T,,,,,,,,,,
EWK-107786938M,2019,2019-03-22,18,POWIAT GRÓJECKI,WARKA - OBSZAR MIEJSKI,Droga wojewódzka,730,Jednojezdniowa dwukierunkowa,,Obszar zabudowany,21.1893333333333,51.7808888888889,Jezdnia,Dobre warunki atmosferyczne,Noc - droga oświetlona,Najechanie na pieszego,1,0,0,Nieokreślone (puste pole),T,,,,,,,,,,
EWK-107877291A,2019,2019-04-13,22,POWIAT GRÓJECKI,GRÓJEC - OBSZAR MIEJSKI,Droga powiatowa,P1656W,Jednojezdniowa dwukierunkowa,Odcinek prosty,Obszar zabudowany,20.8715833333333,51.8653055555556,Jezdnia,Dobre warunki atmosferyczne,Noc - droga oświetlona,Najechanie na pieszego,1,0,1,Ciężko,T,,,,,,,,,,
EWK-107877291A,2019,2019-04-13,22,POWIAT GRÓJECKI,GRÓJEC - OBSZAR MIEJSKI,Droga powiatowa,P1656W,Jednojezdniowa dwukierunkowa,Odcinek prosty,Obszar zabudowany,20.8715833333333,51.8653055555556,Jezdnia,Dobre warunki atmosferyczne,Noc - droga oświetlona,Najechanie na pieszego,1,0,0,Nieokreślone (puste pole),T,,,,,,,,,,
EWK-107932780L,2019,2019-05-18,23,POWIAT WYSZKOWSKI,WYSZKÓW - OBSZAR MIEJSKI,Droga gminna,GMINNA,Jednojezdniowa dwukierunkowa,Odcinek prosty,Obszar zabudowany,21.4642777777778,52.5904166666667,Jezdnia,Dobre warunki atmosferyczne,Noc - droga oświetlona,Najechanie na pieszego,1,0,1,Lekko,N,,,,,,,,,,
EWK-107932780L,2019,2019-05-18,23,POWIAT WYSZKOWSKI,WYSZKÓW - OBSZAR MIEJSKI,Droga gminna,GMINNA,Jednojezdniowa dwukierunkowa,Odcinek prosty,Obszar zabudowany,21.4642777777778,52.5904166666667,Jezdnia,Dobre warunki atmosferyczne,Noc - droga oświetlona,Najechanie na pieszego,1,0,0,Nieokreślone (puste pole),N,,,,,,,,,,
EWK-108015683R,2019,2019-06-30,21,POWIAT RADOM,RADOM - OBSZAR MIEJSKI,Droga krajowa,12,Dwie jezdnie jednokierunkowe,Odcinek prosty,Obszar zabudowany,21.0821666666667,51.4012222222222,Jezdnia,Dobre warunki atmosferyczne,Noc - droga oświetlona,Najechanie na pieszego,1,1,0,Nieokreślone (puste pole),N,,,,,,,,,,
EWK-108120350P,2019,2019-08-26,19,POWIAT RADOMSKI,KOWALA - OBSZAR WIEJSKI,Droga krajowa,7,Jednojezdniowa dwukierunkowa,,Obszar zabudowany,21.0629444444444,51.3564444444445,Jezdnia,Dobre warunki atmosferyczne,Noc - droga oświetlona,Najechanie na pieszego,1,0,1,Lekko,N,,,,,,,,,,
EWK-108120350P,2019,2019-08-26,19,POWIAT RADOMSKI,KOWALA - OBSZAR WIEJSKI,Droga krajowa,7,Jednojezdniowa dwukierunkowa,,Obszar zabudowany,21.0629444444444,51.3564444444445,Jezdnia,Dobre warunki atmosferyczne,Noc - droga oświetlona,Najechanie na pieszego,1,0,0,Nieokreślone (puste pole),N,,,,,,,,,,
EWK-108125699L,2019,2019-08-27,20,POWIAT RADOMSKI,WOLANÓW - OBSZAR WIEJSKI,Droga gminna,GMINNA,Jednojezdniowa dwukierunkowa,Odcinek prosty,Obszar zabudowany,20.8722222222222,51.3872777777778,Jezdnia,Dobre warunki atmosferyczne,Noc - droga oświetlona,Najechanie na pieszego,1,1,0,Nieokreślone (puste pole),N,,,,,,,,,,
EWK-108144311J,2019,2019-09-07,19,POWIAT PRZYSUSKI,PRZYSUCHA - OBSZAR MIEJSKI,Droga gminna,G330637W,Jednojezdniowa dwukierunkowa,Odcinek prosty,Obszar zabudowany,20.6259444444444,51.3506111111111,Jezdnia,Dobre warunki atmosferyczne,Noc - droga oświetlona,Najechanie na pieszego,1,1,0,Nieokreślone (puste pole),N,,,,,,,,,,