IDKSIP,year,date,hour,district,district_commune,road_category,road_number,type_of_road,road_geometry,area,Longitude,Latitude,char_place_of_the_event,weather_conditions,lighting,type_of_accident,num_of_accidents,num_of_fatalities,num_of_injured,type_of_injury,is_offender_intoxicated,,,,,,,,,,
EWK-108170348L,2019,2019-09-15,20,POWIAT GRÓJECKI,MOGIELNICA - OBSZAR WIEJSKI,Droga gminna,GMINNA,Jednojezdniowa dwukierunkowa,Odcinek prosty,Obszar zabudowany,20.6715833333333,51.67375,Jezdnia,Dobre warunki atmosferyczne,Noc - droga oświetlona,Najechanie na pieszego,1,0,1,Lekko,T,,,,,,,,,,
EWK-108170348L,2019,2019-09-15,20,POWIAT GRÓJECKI,MOGIELNICA - OBSZAR WIEJSKI,Droga gminna,GMINNA,Jednojezdniowa dwukierunkowa,Odcinek prosty,Obszar zabudowany,20.6715833333333,51.67375,Jezdnia,Dobre warunki atmosferyczne,Noc - droga oświetlona,Najechanie na pieszego,1,0,0,Nieokreślone (puste pole),T,,,,,,,,,,
EWK-108174093T,2019,2019-09-21,21,POWIAT PRZASNYSKI,PRZASNYSZ - OBSZAR MIEJSKI,Droga gminna,G320794W,Jednokierunkowa,,Obszar zabudowany,20.8822222222222,53.0207222222222,Jezdnia,Dobre warunki atmosferyczne,Noc - droga oświetlona,Najechanie na pieszego,1,0,1,Ciężko,N,,,,,,,,,,
EWK-108174093T,2019,2019-09-21,21,POWIAT PRZASNYSKI,PRZASNYSZ - OBSZAR MIEJSKI,Droga gminna,G320794W,Jednokierunkowa,,Obszar zabudowany,20.8822222222222,53.0207222222222,Jezdnia,Dobre warunki atmosferyczne,Noc - droga oświetlona,Najechanie na pieszego,1,0,0,Nieokreślone (puste pole),N,,,,,,,,,,
EWK-108211347C,2019,2019-10-07,18,POWIAT PRZYSUSKI,ODRZYWÓŁ - OBSZAR WIEJSKI,Droga krajowa,48,Jednojezdniowa dwukierunkowa,Odcinek prosty,Obszar zabudowany,20.5600833333333,51.5195833333333,Jezdnia,Dobre warunki atmosferyczne,Noc - droga oświetlona,Najechanie na pieszego,1,0,1,Lekko,N,,,,,,,,,,
EWK-108211347C,2019,2019-10-07,18,POWIAT PRZYSUSKI,ODRZYWÓŁ - OBSZAR WIEJSKI,Droga krajowa,48,Jednojezdniowa dwukierunkowa,Odcinek prosty,Obszar zabudowany,20.5600833333333,51.5195833333333,Jezdnia,Dobre warunki atmosferyczne,Noc - droga oświetlona,Najechanie na pieszego,1,0,0,Nieokreślone (puste pole),N,,,,,,,,,,
EWK-108220326Q,2019,2019-10-09,18,POWIAT GARWOLIŃSKI,MACIEJOWICE - OBSZAR WIEJSKI,Droga wojewódzka,807,Jednojezdniowa dwukierunkowa,Odcinek prosty,Obszar zabudowany,21.6156666666667,51.7166666666667,Jezdnia,Dobre warunki atmosferyczne,Noc - droga oświetlona,Najechanie na pieszego,1,0,1,Lekko,T,,,,,,,,,,
EWK-108220326Q,2019,2019-10-09,18,POWIAT GARWOLIŃSKI,MACIEJOWICE - OBSZAR WIEJSKI,Droga wojewódzka,807,Jednojezdniowa dwukierunkowa,Odcinek prosty,Obszar zabudowany,21.6156666666667,51.7166666666667,Jezdnia,Dobre warunki atmosferyczne,Noc - droga oświetlona,Najechanie na pieszego,1,0,0,Nieokreślone (puste pole),T,,,,,,,,,,
EWK-108259419Y,2019,2019-10-26,17,POWIAT RADOM,RADOM - OBSZAR MIEJSKI,Droga powiatowa,P5331W,Jednojezdniowa dwukierunkowa,Odcinek prosty,Obszar zabudowany,21.1740555555556,51.3919444444444,Jezdnia,Dobre warunki atmosferyczne,Noc - droga oświetlona,Najechanie na pieszego,1,0,1,Ciężko,T,,,,,,,,,,
EWK-108259419Y,2019,2019-10-26,17,POWIAT RADOM,RADOM - OBSZAR MIEJSKI,Droga powiatowa,P5331W,Jednojezdniowa dwukierunkowa,Odcinek prosty,Obszar zabudowany,21.1740555555556,51.3919444444444,Jezdnia,Dobre warunki atmosferyczne,Noc - droga oświetlona,Najechanie na pieszego,1,0,0,Nieokreślone (puste pole),T,,,,,,,,,,
EWK-108282996D,2019,2019-10-27,10,POWIAT GARWOLIŃSKI,GARWOLIN - OBSZAR WIEJSKI,Droga powiatowa,P1310W,Jednojezdniowa dwukierunkowa,Odcinek prosty,Obszar zabudowany,21.5589166666667,51.9110833333333,Jezdnia,Dobre warunki atmosferyczne,Noc - droga oświetlona,Najechanie na pieszego,1,0,1,Lekko,N,,,,,,,,,,
EWK-108282996D,2019,2019-10-27,10,POWIAT GARWOLIŃSKI,GARWOLIN - OBSZAR WIEJSKI,Droga powiatowa,P1310W,Jednojezdniowa dwukierunkowa,Odcinek prosty,Obszar zabudowany,21.5589166666667,51.9110833333333,Jezdnia,Dobre warunki atmosferyczne,Noc - droga oświetlona,Najechanie na pieszego,1,0,0,Nieokreślone (puste pole),N,,,,,,,,,,
EWK-108305348R,2019,2019-11-09,5,POWIAT RADOM,RADOM - OBSZAR MIEJSKI,Droga powiatowa,P5331W,Jednojezdniowa dwukierunkowa,Odcinek prosty,Obszar zabudowany,21.15375,51.3894722222222,Jezdnia,Dobre warunki atmosferyczne,Noc - droga oświetlona,Najechanie na pieszego,1,0,1,Ciężko,N,,,,,,,,,,
EWK-108305348R,2019,2019-11-09,5,POWIAT RADOM,RADOM - OBSZAR MIEJSKI,Droga powiatowa,P5331W,Jednojezdniowa dwukierunkowa,Odcinek prosty,Obszar zabudowany,21.15375,51.3894722222222,Jezdnia,Dobre warunki atmosferyczne,Noc - droga oświetlona,Najechanie na pieszego,1,0,0,Nieokreślone (puste pole),N,,,,,,,,,,
EWK-108363519X,2019,2019-11-21,18,POWIAT RADOMSKI,PIONKI - OBSZAR MIEJSKI,Droga wojewódzka,787,Jednojezdniowa dwukierunkowa,Odcinek prosty,Obszar zabudowany,21.4649722222222,51.4726666666667,Jezdnia,Dobre warunki atmosferyczne,Noc - droga oświetlona,Najechanie na pieszego,1,0,1,Lekko,N,,,,,,,,,,
EWK-108363519X,2019,2019-11-21,18,POWIAT RADOMSKI,PIONKI - OBSZAR MIEJSKI,Droga wojewódzka,787,Jednojezdniowa dwukierunkowa,Odcinek prosty,Obszar zabudowany,21.4649722222222,51.4726666666667,Jezdnia,Dobre warunki atmosferyczne,Noc - droga oświetlona,Najechanie na pieszego,1,0,0,Nieokreślone (puste pole),N,,,,,,,,,,
EWK-108376318E,2019,2019-11-29,16,POWIAT RADOM,RADOM - OBSZAR MIEJSKI,Droga powiatowa,P5347W,Jednojezdniowa dwukierunkowa,,Obszar zabudowany,21.12575,51.4065833333333,Jezdnia,Dobre warunki atmosferyczne,Noc - droga oświetlona,Najechanie na pieszego,1,0,1,Ciężko,N,,,,,,,,,,
EWK-108376318E,2019,2019-11-29,16,POWIAT RADOM,RADOM - OBSZAR MIEJSKI,Droga powiatowa,P5347W,Jednojezdniowa dwukierunkowa,,Obszar zabudowany,21.12575,51.4065833333333,Jezdnia,Dobre warunki atmosferyczne,Noc - droga oświetlona,Najechanie na pieszego,1,0,0,Nieokreślone (puste pole),N,,,,,,,,,,
EWK-108410134T,2019,2019-12-02,17,POWIAT ŁOSICKI,ŁOSICE - OBSZAR MIEJSKI,Droga powiatowa,02309W,Jednojezdniowa dwukierunkowa,Odcinek prosty,Obszar zabudowany,22.7240555555556,52.2093055555556,Jezdnia,Dobre warunki atmosferyczne,Noc - droga oświetlona,Najechanie na pieszego,1,1,0,Nieokreślone (puste pole),N,,,,,,,,,,
EWK-108414094J,2019,2019-11-29,18,POWIAT RADOM,RADOM - OBSZAR MIEJSKI,Droga powiatowa,P5309W,Jednojezdniowa dwukierunkowa,Odcinek prosty,Obszar zabudowany,21.1591944444444,51.4006111111111,Jezdnia,Dobre warunki atmosferyczne,Noc - droga oświetlona,Najechanie na pieszego,1,0,1,Ciężko,N,,,,,,,,,,
EWK-108414094J,2019,2019-11-29,18,POWIAT RADOM,RADOM - OBSZAR MIEJSKI,Droga powiatowa,P5309W,Jednojezdniowa dwukierunkowa,Odcinek prosty,Obszar zabudowany,21.1591944444444,51.4006111111111,Jezdnia,Dobre warunki atmosferyczne,Noc - droga oświetlona,Najechanie na pieszego,1,0,0,Nieokreślone (puste pole),N,,,,,,,,,,
EWK-108437932X,2019,2019-12-11,16,POWIAT ŻUROMIŃSKI,KUCZBORK-OSADA - OBSZAR WIEJSKI,Droga wojewódzka,563,Jednojezdniowa dwukierunkowa,Odcinek prosty,Obszar zabudowany,19.9894166666667,53.1417222222222,Jezdnia,Dobre warunki atmosferyczne,Noc - droga oświetlona,Najechanie na pieszego,1,0,1,Lekko,N,,,,,,,,,,
EWK-108437932X,2019,2019-12-11,16,POWIAT ŻUROMIŃSKI,KUCZBORK-OSADA - OBSZAR WIEJSKI,Droga wojewódzka,563,Jednojezdniowa dwukierunkowa,Odcinek prosty,Obszar zabudowany,19.9894166666667,53.1417222222222,Jezdnia,Dobre warunki atmosferyczne,Noc - droga oświetlona,Najechanie na pieszego,1,0,0,Nieokreślone (puste pole),N,,,,,,,,,,
EWK-108487699K,2019,2019-12-13,22,POWIAT BIAŁOBRZESKI,BIAŁOBRZEGI - OBSZAR WIEJSKI,Droga powiatowa,P1122W,Jednojezdniowa dwukierunkowa,Odcinek prosty,Obszar zabudowany,20.954,51.6196388888889,Jezdnia,Dobre warunki atmosferyczne,Noc - droga oświetlona,Najechanie na pieszego,1,0,1,Lekko,N,,,,,,,,,,
EWK-108487699K,2019,2019-12-13,22,POWIAT BIAŁOBRZESKI,BIAŁOBRZEGI - OBSZAR WIEJSKI,Droga powiatowa,P1122W,Jednojezdniowa dwukierunkowa,Odcinek prosty,Obszar zabudowany,20.954,51.6196388888889,Jezdnia,Dobre warunki atmosferyczne,Noc - droga oświetlona,Najechanie na pieszego,1,0,0,Nieokreślone (puste pole),N,,,,,,,,,,
EWK-108487726F,2019,2019-12-13,22,POWIAT RADOMSKI,JEDLNIA-LETNISKO - OBSZAR WIEJSKI,Droga krajowa,12,Jednojezdniowa dwukierunkowa,Odcinek prosty,Obszar niezabudowany,21.2257222222222,51.4137222222222,Jezdnia,Dobre warunki atmosferyczne,Noc - droga oświetlona,Najechanie na pieszego,1,1,0,Nieokreślone (puste pole),N,,,,,,,,,,
EWK-108488443E,2019,2019-12-14,4,POWIAT RADOM,RADOM - OBSZAR MIEJSKI,Droga powiatowa,P5305W,Jednojezdniowa dwukierunkowa,Odcinek prosty,Obszar zabudowany,21.1659444444444,51.4129444444444,Jezdnia,Dobre warunki atmosferyczne,Noc - droga oświetlona,Najechanie na pieszego,1,0,1,Ciężko,N,,,,,,,,,,
EWK-108488443E,2019,2019-12-14,4,POWIAT RADOM,RADOM - OBSZAR MIEJSKI,Droga powiatowa,P5305W,Jednojezdniowa dwukierunkowa,Odcinek prosty,Obszar zabudowany,21.1659444444444,51.4129444444444,Jezdnia,Dobre warunki atmosferyczne,Noc - droga oświetlona,Najechanie na pieszego,1,0,0,Nieokreślone (puste pole),N,,,,,,,,,,
EWK-108491617N,2019,2019-12-15,17,POWIAT KOZIENICKI,KOZIENICE - OBSZAR WIEJSKI,Droga krajowa,48,Jednojezdniowa dwukierunkowa,Odcinek prosty,Obszar niezabudowany,21.5165277777778,51.5928333333333,Jezdnia,Dobre warunki atmosferyczne,Noc - droga oświetlona,Najechanie na pieszego,1,0,1,Lekko,T,,,,,,,,,,
EWK-108491617N,2019,2019-12-15,17,POWIAT KOZIENICKI,KOZIENICE - OBSZAR WIEJSKI,Droga krajowa,48,Jednojezdniowa dwukierunkowa,Odcinek prosty,Obszar niezabudowany,21.5165277777778,51.5928333333333,Jezdnia,Dobre warunki atmosferyczne,Noc - droga oświetlona,Najechanie na pieszego,1,0,0,Nieokreślone (puste pole),T,,,,,,,,,,
EWK-108491707F,2019,2019-12-15,18,POWIAT GRÓJECKI,BELSK DUŻY - OBSZAR WIEJSKI,Droga wojewódzka,728,Jednojezdniowa dwukierunkowa,Odcinek prosty,Obszar zabudowany,20.772,51.7782777777778,Jezdnia,Dobre warunki atmosferyczne,Noc - droga oświetlona,Najechanie na pieszego,1,1,0,Nieokreślone (puste pole),N,,,,,,,,,,
EWK-108503342G,2019,2019-12-19,23,POWIAT LIPSKI,LIPSKO - OBSZAR WIEJSKI,Droga krajowa,79,Jednojezdniowa dwukierunkowa,Odcinek prosty,Obszar niezabudowany,21.6463611111111,51.0748611111111,Jezdnia,Dobre warunki atmosferyczne,Noc - droga oświetlona,Najechanie na pieszego,1,0,1,Ciężko,T,,,,,,,,,,
EWK-108503342G,2019,2019-12-19,23,POWIAT LIPSKI,LIPSKO - OBSZAR WIEJSKI,Droga krajowa,79,Jednojezdniowa dwukierunkowa,Odcinek prosty,Obszar niezabudowany,21.6463611111111,51.0748611111111,Jezdnia,Dobre warunki atmosferyczne,Noc - droga oświetlona,Najechanie na pieszego,1,0,0,Nieokreślone (puste pole),T,,,,,,,,,,
EWK-108522774W,2019,2019-12-30,18,POWIAT SIEDLECKI,SKÓRZEC - OBSZAR WIEJSKI,Droga gminna,GMINNA,Jednojezdniowa dwukierunkowa,Odcinek prosty,Obszar zabudowany,22.1814722222222,52.1610833333333,Jezdnia,Dobre warunki atmosferyczne,Noc - droga oświetlona,Najechanie na pieszego,1,1,0,Nieokreślone (puste pole),N,,,,,,,,,,
EWK-107678048H,2019,2019-02-01,18,POWIAT ŻYRARDOWSKI,MSZCZONÓW - OBSZAR MIEJSKI,Inna,I2,Jednojezdniowa dwukierunkowa,Odcinek prosty,Obszar zabudowany,20.5428333333333,51.9735277777778,"Parking, plac, MOP",Dobre warunki atmosferyczne,Noc - droga oświetlona,Najechanie na pieszego,1,0,1,Lekko,N,,,,,,,,,,
EWK-107678048H,2019,2019-02-01,18,POWIAT ŻYRARDOWSKI,MSZCZONÓW - OBSZAR MIEJSKI,Inna,I2,Jednojezdniowa dwukierunkowa,Odcinek prosty,Obszar zabudowany,20.5428333333333,51.9735277777778,"Parking, plac, MOP",Dobre warunki atmosferyczne,Noc - droga oświetlona,Najechanie na pieszego,1,0,0,Nieokreślone (puste pole),N,,,,,,,,,,
EWK-107808169M,2019,2019-04-01,19,POWIAT CIECHANOWSKI,CIECHANÓW - OBSZAR MIEJSKI,Droga gminna,G121181W,Jednojezdniowa dwukierunkowa,Odcinek prosty,Obszar zabudowany,20.5911388888889,52.8876388888889,"Parking, plac, MOP",Dobre warunki atmosferyczne,Noc - droga oświetlona,Najechanie na pieszego,1,0,1,Lekko,N,,,,,,,,,,
EWK-107808169M,2019,2019-04-01,19,POWIAT CIECHANOWSKI,CIECHANÓW - OBSZAR MIEJSKI,Droga gminna,G121181W,Jednojezdniowa dwukierunkowa,Odcinek prosty,Obszar zabudowany,20.5911388888889,52.8876388888889,"Parking, plac, MOP",Dobre warunki atmosferyczne,Noc - droga oświetlona,Najechanie na pieszego,1,0,0,Nieokreślone (puste pole),N,,,,,,,,,,
EWK-107620509H,2019,2019-01-10,21,POWIAT PŁOCK,PŁOCK - OBSZAR MIEJSKI,Droga powiatowa,5207W,Jednokierunkowa,,Obszar zabudowany,19.6866111111111,52.5463055555556,Przejście dla pieszych,Dobre warunki atmosferyczne,Noc - droga oświetlona,Najechanie na pieszego,1,0,1,Lekko,N,,,,,,,,,,
EWK-107620509H,2019,2019-01-10,21,POWIAT PŁOCK,PŁOCK - OBSZAR MIEJSKI,Droga powiatowa,5207W,Jednokierunkowa,,Obszar zabudowany,19.6866111111111,52.5463055555556,Przejście dla pieszych,Dobre warunki atmosferyczne,Noc - droga oświetlona,Najechanie na pieszego,1,0,0,Nieokreślone (puste pole),N,,,,,,,,,,
EWK-107660882C,2019,2019-01-22,17,POWIAT OSTROŁĘKA,OSTROŁĘKA - OBSZAR MIEJSKI,Droga powiatowa,P5101W,Jednojezdniowa dwukierunkowa,Odcinek prosty,Obszar zabudowany,21.5777777777778,53.0772222222222,Przejście dla pieszych,Dobre warunki atmosferyczne,Noc - droga oświetlona,Najechanie na pieszego,1,0,1,Lekko,N,,,,,,,,,,
EWK-107660882C,2019,2019-01-22,17,POWIAT OSTROŁĘKA,OSTROŁĘKA - OBSZAR MIEJSKI,Droga powiatowa,P5101W,Jednojezdniowa dwukierunkowa,Odcinek prosty,Obszar zabudowany,21.5777777777778,53.0772222222222,Przejście dla pieszych,Dobre warunki atmosferyczne,Noc - droga oświetlona,Najechanie na pieszego,1,0,0,Nieokreślone (puste pole),N,,,,,,,,,,
EWK-107709787L,2019,2019-02-18,22,POWIAT CIECHANOWSKI,CIECHANÓW - OBSZAR MIEJSKI,Droga gminna,G121121W,Dwie jezdnie jednokierunkowe,Odcinek prosty,Obszar zabudowany,20.6110555555556,52.8624722222222,Przejście dla pieszych,Dobre warunki atmosferyczne,Noc - droga oświetlona,Najechanie na pieszego,1,0,1,Lekko,N,,,,,,,,,,
EWK-107709787L,2019,2019-02-18,22,POWIAT CIECHANOWSKI,CIECHANÓW - OBSZAR MIEJSKI,Droga gminna,G121121W,Dwie jezdnie jednokierunkowe,Odcinek prosty,Obszar zabudowany,20.6110555555556,52.8624722222222,Przejście dla pieszych,Dobre warunki atmosferyczne,Noc - droga oświetlona,Najechanie na pieszego,1,0,0,Nieokreślone (puste pole),N,,,,,,,,,,
EWK-107893917Q,2019,2019-04-25,20,POWIAT PRZYSUSKI,PRZYSUCHA - OBSZAR MIEJSKI,Droga krajowa,12,Jednojezdniowa dwukierunkowa,Odcinek prosty,Obszar zabudowany,20.6282222222222,51.3587777777778,Przejście dla pieszych,Dobre warunki atmosferyczne,Noc - droga oświetlona,Najechanie na pieszego,1,0,1,Ciężko,N,,,,,,,,,,
EWK-107893917Q,2019,2019-04-25,20,POWIAT PRZYSUSKI,PRZYSUCHA - OBSZAR MIEJSKI,Droga krajowa,12,Jednojezdniowa dwukierunkowa,Odcinek prosty,Obszar zabudowany,20.6282222222222,51.3587777777778,Przejście dla pieszych,Dobre warunki atmosferyczne,Noc - droga oświetlona,Najechanie na pieszego,1,0,0,Nieokreślone (puste pole),N,,,,,,,,,,
EWK-108155134L,2019,2019-09-14,4,POWIAT RADOM,RADOM - OBSZAR MIEJSKI,Droga powiatowa,P5329W,Jednojezdniowa dwukierunkowa,,Obszar zabudowany,21.17175,51.4043611111111,Przejście dla pieszych,Dobre warunki atmosferyczne,Noc - droga oświetlona,Najechanie na pieszego,1,1,0,Nieokreślone (puste pole),N,,,,,,,,,,
EWK-108160973Q,2019,2019-09-06,22,POWIAT GRÓJECKI,WARKA - OBSZAR MIEJSKI,Droga gminna,G161094W,Jednojezdniowa dwukierunkowa,Odcinek prosty,Obszar zabudowany,21.1908055555556,51.7925833333333,Przejście dla pieszych,Dobre warunki atmosferyczne,Noc - droga oświetlona,Najechanie na pieszego,1,0,1,Lekko,N,,,,,,,,,,
EWK-108160973Q,2019,2019-09-06,22,POWIAT GRÓJECKI,WARKA - OBSZAR MIEJSKI,Droga gminna,G161094W,Jednojezdniowa dwukierunkowa,Odcinek prosty,Obszar zabudowany,21.1908055555556,51.7925833333333,Przejście dla pieszych,Dobre warunki atmosferyczne,Noc - droga oświetlona,Najechanie na pieszego,1,0,0,Nieokreślone (puste pole),N,,,,,,,,,,
EWK-108227069Y,2019,2019-10-11,21,POWIAT PUŁTUSKI,PUŁTUSK - OBSZAR MIEJSKI,Droga krajowa,61,Jednojezdniowa dwukierunkowa,Odcinek prosty,Obszar zabudowany,21.0861111111111,52.7096944444445,Przejście dla pieszych,Dobre warunki atmosferyczne,Noc - droga oświetlona,Najechanie na pieszego,1,1,0,Nieokreślone (puste pole),N,,,,,,,,,,
EWK-108237130A,2019,2019-10-16,5,POWIAT ŻYRARDOWSKI,MSZCZONÓW - OBSZAR MIEJSKI,Droga powiatowa,P4715W,Jednojezdniowa dwukierunkowa,Odcinek prosty,Obszar zabudowany,20.5040833333333,51.9769166666667,Przejście dla pieszych,Dobre warunki atmosferyczne,Noc - droga oświetlona,Najechanie na pieszego,1,0,1,Lekko,N,,,,,,,,,,
EWK-108237130A,2019,2019-10-16,5,POWIAT ŻYRARDOWSKI,MSZCZONÓW - OBSZAR MIEJSKI,Droga powiatowa,P4715W,Jednojezdniowa dwukierunkowa,Odcinek prosty,Obszar zabudowany,20.5040833333333,51.9769166666667,Przejście dla pieszych,Dobre warunki atmosferyczne,Noc - droga oświetlona,Najechanie na pieszego,1,0,0,Nieokreślone (puste pole),N,,,,,,,,,,
EWK-108237564H,2019,2019-10-15,18,POWIAT ŻYRARDOWSKI,MSZCZONÓW - OBSZAR MIEJSKI,Droga powiatowa,P4724W,Jednojezdniowa dwukierunkowa,Odcinek prosty,Obszar zabudowany,20.512,51.97375,Przejście dla pieszych,Dobre warunki atmosferyczne,Noc - droga oświetlona,Najechanie na pieszego,1,1,0,Nieokreślone (puste pole),N,,,,,,,,,,
EWK-108242061L,2019,2019-10-18,18,POWIAT RADOM,RADOM - OBSZAR MIEJSKI,Droga krajowa,7,Jednojezdniowa dwukierunkowa,,Obszar zabudowany,21.0966666666667,51.3886666666667,Przejście dla pieszych,Dobre warunki atmosferyczne,Noc - droga oświetlona,Najechanie na pieszego,1,0,1,Lekko,N,,,,,,,,,,
EWK-108242061L,2019,2019-10-18,18,POWIAT RADOM,RADOM - OBSZAR MIEJSKI,Droga krajowa,7,Jednojezdniowa dwukierunkowa,,Obszar zabudowany,21.0966666666667,51.3886666666667,Przejście dla pieszych,Dobre warunki atmosferyczne,Noc - droga oświetlona,Najechanie na pieszego,1,0,0,Nieokreślone (puste pole),N,,,,,,,,,,
EWK-108243263F,2019,2019-10-19,20,POWIAT GARWOLIŃSKI,GARWOLIN - OBSZAR MIEJSKI,Droga krajowa,76,Jednojezdniowa dwukierunkowa,Odcinek prosty,Obszar zabudowany,21.5959722222222,51.8983055555556,Przejście dla pieszych,Dobre warunki atmosferyczne,Noc - droga oświetlona,Najechanie na pieszego,1,0,1,Lekko,N,,,,,,,,,,
EWK-108243263F,2019,2019-10-19,20,POWIAT GARWOLIŃSKI,GARWOLIN - OBSZAR MIEJSKI,Droga krajowa,76,Jednojezdniowa dwukierunkowa,Odcinek prosty,Obszar zabudowany,21.5959722222222,51.8983055555556,Przejście dla pieszych,Dobre warunki atmosferyczne,Noc - droga oświetlona,Najechanie na pieszego,1,0,0,Nieokreślone (puste pole),N,,,,,,,,,,
EWK-108274255Y,2019,2019-10-30,16,POWIAT SIEDLCE,SIEDLCE - OBSZAR MIEJSKI,Droga powiatowa,P,Jednojezdniowa dwukierunkowa,,Obszar zabudowany,22.29275,52.1794722222222,Przejście dla pieszych,Dobre warunki atmosferyczne,Noc - droga oświetlona,Najechanie na pieszego,1,0,1,Lekko,N,,,,,,,,,,
EWK-108274255Y,2019,2019-10-30,16,POWIAT SIEDLCE,SIEDLCE - OBSZAR MIEJSKI,Droga powiatowa,P,Jednojezdniowa dwukierunkowa,,Obszar zabudowany,22.29275,52.1794722222222,Przejście dla pieszych,Dobre warunki atmosferyczne,Noc - droga oświetlona,Najechanie na pieszego,1,0,0,Nieokreślone (puste pole),N,,,,,,,,,,
EWK-108289453C,2019,2019-11-03,16,POWIAT RADOM,RADOM - OBSZAR MIEJSKI,Droga krajowa,7,Dwie jezdnie jednokierunkowe,Odcinek prosty,Obszar zabudowany,21.1363333333333,51.4206666666667,Przejście dla pieszych,Dobre warunki atmosferyczne,Noc - droga oświetlona,Najechanie na pieszego,1,0,1,Ciężko,N,,,,,,,,,,
EWK-108289453C,2019,2019-11-03,16,POWIAT RADOM,RADOM - OBSZAR MIEJSKI,Droga krajowa,7,Dwie jezdnie jednokierunkowe,Odcinek prosty,Obszar zabudowany,21.1363333333333,51.4206666666667,Przejście dla pieszych,Dobre warunki atmosferyczne,Noc - droga oświetlona,Najechanie na pieszego,1,0,0,Nieokreślone (puste pole),N,,,,,,,,,,
EWK-108345646C,2019,2019-11-20,17,POWIAT RADOM,RADOM - OBSZAR MIEJSKI,Droga powiatowa,P5312W,Dwie jezdnie jednokierunkowe,,Obszar zabudowany,21.16625,51.4072222222222,Przejście dla pieszych,Dobre warunki atmosferyczne,Noc - droga oświetlona,Najechanie na pieszego,1,0,1,Ciężko,N,,,,,,,,,,
EWK-108345646C,2019,2019-11-20,17,POWIAT RADOM,RADOM - OBSZAR MIEJSKI,Droga powiatowa,P5312W,Dwie jezdnie jednokierunkowe,,Obszar zabudowany,21.16625,51.4072222222222,Przejście dla pieszych,Dobre warunki atmosferyczne,Noc - droga oświetlona,Najechanie na pieszego,1,0,0,Nieokreślone (puste pole),N,,,,,,,,,,
EWK-108355986T,2019,2019-11-20,20,POWIAT RADOM,RADOM - OBSZAR MIEJSKI,Droga gminna,G530183W,Jednojezdniowa dwukierunkowa,Odcinek prosty,Obszar zabudowany,21.1646388888889,51.3765555555556,Przejście dla pieszych,Dobre warunki atmosferyczne,Noc - droga oświetlona,Najechanie na pieszego,1,0,1,Ciężko,N,,,,,,,,,,
EWK-108355986T,2019,2019-11-20,20,POWIAT RADOM,RADOM - OBSZAR MIEJSKI,Droga gminna,G530183W,Jednojezdniowa dwukierunkowa,Odcinek prosty,Obszar zabudowany,21.1646388888889,51.3765555555556,Przejście dla pieszych,Dobre warunki atmosferyczne,Noc - droga oświetlona,Najechanie na pieszego,1,0,0,Nieokreślone (puste pole),N,,,,,,,,,,
EWK-108361532P,2019,2019-11-22,18,POWIAT RADOM,RADOM - OBSZAR MIEJSKI,Droga powiatowa,P5321W,Dwie jezdnie jednokierunkowe,Odcinek prosty,Obszar zabudowany,21.1694444444444,51.391,Przejście dla pieszych,Dobre warunki atmosferyczne,Noc - droga oświetlona,Najechanie na pieszego,1,0,1,Ciężko,N,,,,,,,,,,
EWK-108361532P,2019,2019-11-22,18,POWIAT RADOM,RADOM - OBSZAR MIEJSKI,Droga powiatowa,P5321W,Dwie jezdnie jednokierunkowe,Odcinek prosty,Obszar zabudowany,21.1694444444444,51.391,Przejście dla pieszych,Dobre warunki atmosferyczne,Noc - droga oświetlona,Najechanie na pieszego,1,0,0,Nieokreślone (puste pole),N,,,,,,,,,,
EWK-108361533G,2019,2019-11-22,17,POWIAT PRZASNYSKI,KRZYNOWŁOGA MAŁA - OBSZAR WIEJSKI,Droga powiatowa,P3216W,Jednojezdniowa dwukierunkowa,Odcinek prosty,Obszar zabudowany,20.7877222222222,53.1541666666667,Przejście dla pieszych,Dobre warunki atmosferyczne,Noc - droga oświetlona,Najechanie na pieszego,1,0,1,Ciężko,N,,,,,,,,,,
EWK-108361533G,2019,2019-11-22,17,POWIAT PRZASNYSKI,KRZYNOWŁOGA MAŁA - OBSZAR WIEJSKI,Droga powiatowa,P3216W,Jednojezdniowa dwukierunkowa,Odcinek prosty,Obszar zabudowany,20.7877222222222,53.1541666666667,Przejście dla pieszych,Dobre warunki atmosferyczne,Noc - droga oświetlona,Najechanie na pieszego,1,0,0,Nieokreślone (puste pole),N,,,,,,,,,,
EWK-108362898C,2019,2019-11-24,17,POWIAT RADOM,RADOM - OBSZAR MIEJSKI,Droga powiatowa,P5305W,Dwie jezdnie jednokierunkowe,,Obszar zabudowany,21.1608888888889,51.41375,Przejście dla pieszych,Dobre warunki atmosferyczne,Noc - droga oświetlona,Najechanie na pieszego,1,0,1,Lekko,N,,,,,,,,,,