IDKSIP,year,date,hour,district,district_commune,road_category,road_number,type_of_road,road_geometry,area,Longitude,Latitude,char_place_of_the_event,weather_conditions,lighting,type_of_accident,num_of_accidents,num_of_fatalities,num_of_injured,type_of_injury,is_offender_intoxicated,,,,,,,,,,
EWK-108362898C,2019,2019-11-24,17,POWIAT RADOM,RADOM - OBSZAR MIEJSKI,Droga powiatowa,P5305W,Dwie jezdnie jednokierunkowe,,Obszar zabudowany,21.1608888888889,51.41375,Przejście dla pieszych,Dobre warunki atmosferyczne,Noc - droga oświetlona,Najechanie na pieszego,1,0,0,Nieokreślone (puste pole),N,,,,,,,,,,
EWK-108371380G,2019,2019-11-27,19,POWIAT SIEDLCE,SIEDLCE - OBSZAR MIEJSKI,Droga krajowa,63,Jednojezdniowa dwukierunkowa,Odcinek prosty,Obszar zabudowany,22.2815555555556,52.1757777777778,Przejście dla pieszych,Dobre warunki atmosferyczne,Noc - droga oświetlona,Najechanie na pieszego,1,0,1,Lekko,N,,,,,,,,,,
EWK-108371380G,2019,2019-11-27,19,POWIAT SIEDLCE,SIEDLCE - OBSZAR MIEJSKI,Droga krajowa,63,Jednojezdniowa dwukierunkowa,Odcinek prosty,Obszar zabudowany,22.2815555555556,52.1757777777778,Przejście dla pieszych,Dobre warunki atmosferyczne,Noc - droga oświetlona,Najechanie na pieszego,1,0,0,Nieokreślone (puste pole),N,,,,,,,,,,
EWK-108441781U,2019,2019-12-11,16,POWIAT RADOMSKI,PIONKI - OBSZAR MIEJSKI,Droga wojewódzka,787,Dwie jezdnie jednokierunkowe,Odcinek prosty,Obszar zabudowany,21.4433333333333,51.4769444444445,Przejście dla pieszych,Dobre warunki atmosferyczne,Noc - droga oświetlona,Najechanie na pieszego,1,0,1,Lekko,N,,,,,,,,,,
EWK-108441781U,2019,2019-12-11,16,POWIAT RADOMSKI,PIONKI - OBSZAR MIEJSKI,Droga wojewódzka,787,Dwie jezdnie jednokierunkowe,Odcinek prosty,Obszar zabudowany,21.4433333333333,51.4769444444445,Przejście dla pieszych,Dobre warunki atmosferyczne,Noc - droga oświetlona,Najechanie na pieszego,1,0,0,Nieokreślone (puste pole),N,,,,,,,,,,
EWK-108441816U,2019,2019-12-11,16,POWIAT SOCHACZEWSKI,SOCHACZEW - OBSZAR MIEJSKI,Droga wojewódzka,705,Jednojezdniowa dwukierunkowa,Odcinek prosty,Obszar zabudowany,20.249,52.23775,Przejście dla pieszych,Dobre warunki atmosferyczne,Noc - droga oświetlona,Najechanie na pieszego,1,0,1,Ciężko,N,,,,,,,,,,
EWK-108441816U,2019,2019-12-11,16,POWIAT SOCHACZEWSKI,SOCHACZEW - OBSZAR MIEJSKI,Droga wojewódzka,705,Jednojezdniowa dwukierunkowa,Odcinek prosty,Obszar zabudowany,20.249,52.23775,Przejście dla pieszych,Dobre warunki atmosferyczne,Noc - droga oświetlona,Najechanie na pieszego,1,0,0,Nieokreślone (puste pole),N,,,,,,,,,,
EWK-108489446K,2019,2019-11-11,16,POWIAT CIECHANOWSKI,CIECHANÓW - OBSZAR MIEJSKI,Droga wojewódzka,615,Jednojezdniowa dwukierunkowa,Odcinek prosty,Obszar zabudowany,20.6038888888889,52.8808333333333,Przejście dla pieszych,Dobre warunki atmosferyczne,Noc - droga oświetlona,Najechanie na pieszego,1,0,1,Ciężko,N,,,,,,,,,,
EWK-108489446K,2019,2019-11-11,16,POWIAT CIECHANOWSKI,CIECHANÓW - OBSZAR MIEJSKI,Droga wojewódzka,615,Jednojezdniowa dwukierunkowa,Odcinek prosty,Obszar zabudowany,20.6038888888889,52.8808333333333,Przejście dla pieszych,Dobre warunki atmosferyczne,Noc - droga oświetlona,Najechanie na pieszego,1,0,0,Nieokreślone (puste pole),N,,,,,,,,,,
EWK-108498044D,2019,2019-12-18,17,POWIAT MAKOWSKI,PŁONIAWY-BRAMURA - OBSZAR WIEJSKI,Droga krajowa,57,Jednojezdniowa dwukierunkowa,Odcinek prosty,Obszar zabudowany,21.0262222222222,52.9231944444444,Przejście dla pieszych,Dobre warunki atmosferyczne,Noc - droga oświetlona,Najechanie na pieszego,1,1,0,Nieokreślone (puste pole),T,,,,,,,,,,
EWK-107665927C,2019,2019-01-26,10,POWIAT SIEDLCE,SIEDLCE - OBSZAR MIEJSKI,Droga gminna,GMINNA,Jednokierunkowa,,Obszar zabudowany,22.2701944444444,52.1650555555556,"Chodnik, droga dla pieszych",Dobre warunki atmosferyczne,Światło dzienne,Najechanie na pieszego,1,0,1,Lekko,N,,,,,,,,,,
EWK-107665927C,2019,2019-01-26,10,POWIAT SIEDLCE,SIEDLCE - OBSZAR MIEJSKI,Droga gminna,GMINNA,Jednokierunkowa,,Obszar zabudowany,22.2701944444444,52.1650555555556,"Chodnik, droga dla pieszych",Dobre warunki atmosferyczne,Światło dzienne,Najechanie na pieszego,1,0,0,Nieokreślone (puste pole),N,,,,,,,,,,
EWK-107914177Q,2019,2019-05-08,13,POWIAT GARWOLIŃSKI,GARWOLIN - OBSZAR MIEJSKI,Droga gminna,GMINNA,Jednojezdniowa dwukierunkowa,Odcinek prosty,Obszar zabudowany,21.6158611111111,51.8966666666667,"Chodnik, droga dla pieszych",Dobre warunki atmosferyczne,Światło dzienne,Najechanie na pieszego,1,0,1,Lekko,N,,,,,,,,,,
EWK-107914177Q,2019,2019-05-08,13,POWIAT GARWOLIŃSKI,GARWOLIN - OBSZAR MIEJSKI,Droga gminna,GMINNA,Jednojezdniowa dwukierunkowa,Odcinek prosty,Obszar zabudowany,21.6158611111111,51.8966666666667,"Chodnik, droga dla pieszych",Dobre warunki atmosferyczne,Światło dzienne,Najechanie na pieszego,1,0,0,Nieokreślone (puste pole),N,,,,,,,,,,
EWK-108030980Y,2019,2019-07-08,13,POWIAT PŁOCK,PŁOCK - OBSZAR MIEJSKI,Droga powiatowa,5210W,Jednojezdniowa dwukierunkowa,Odcinek prosty,Obszar zabudowany,19.6768055555556,52.5556388888889,"Chodnik, droga dla pieszych",Dobre warunki atmosferyczne,Światło dzienne,Najechanie na pieszego,1,0,1,Lekko,N,,,,,,,,,,
EWK-108030980Y,2019,2019-07-08,13,POWIAT PŁOCK,PŁOCK - OBSZAR MIEJSKI,Droga powiatowa,5210W,Jednojezdniowa dwukierunkowa,Odcinek prosty,Obszar zabudowany,19.6768055555556,52.5556388888889,"Chodnik, droga dla pieszych",Dobre warunki atmosferyczne,Światło dzienne,Najechanie na pieszego,1,0,0,Nieokreślone (puste pole),N,,,,,,,,,,
EWK-108090131Q,2019,2019-08-10,13,POWIAT GRÓJECKI,GRÓJEC - OBSZAR MIEJSKI,Droga gminna,G160559S,Jednojezdniowa dwukierunkowa,Odcinek prosty,Obszar zabudowany,20.8610277777778,51.8647222222222,"Chodnik, droga dla pieszych",Dobre warunki atmosferyczne,Światło dzienne,Najechanie na pieszego,1,0,1,Lekko,N,,,,,,,,,,
EWK-108090131Q,2019,2019-08-10,13,POWIAT GRÓJECKI,GRÓJEC - OBSZAR MIEJSKI,Droga gminna,G160559S,Jednojezdniowa dwukierunkowa,Odcinek prosty,Obszar zabudowany,20.8610277777778,51.8647222222222,"Chodnik, droga dla pieszych",Dobre warunki atmosferyczne,Światło dzienne,Najechanie na pieszego,1,0,0,Nieokreślone (puste pole),N,,,,,,,,,,
EWK-108274895U,2019,2019-10-20,14,POWIAT RADOMSKI,JEDLIŃSK - OBSZAR WIEJSKI,Droga powiatowa,P3515W,Jednojezdniowa dwukierunkowa,Odcinek prosty,Obszar zabudowany,21.1749722222222,51.5154444444445,"Chodnik, droga dla pieszych",Dobre warunki atmosferyczne,Światło dzienne,Najechanie na pieszego,1,0,1,Ciężko,N,,,,,,,,,,
EWK-108274895U,2019,2019-10-20,14,POWIAT RADOMSKI,JEDLIŃSK - OBSZAR WIEJSKI,Droga powiatowa,P3515W,Jednojezdniowa dwukierunkowa,Odcinek prosty,Obszar zabudowany,21.1749722222222,51.5154444444445,"Chodnik, droga dla pieszych",Dobre warunki atmosferyczne,Światło dzienne,Najechanie na pieszego,1,0,0,Nieokreślone (puste pole),N,,,,,,,,,,
EWK-108288372M,2019,2019-10-29,7,POWIAT CIECHANOWSKI,CIECHANÓW - OBSZAR MIEJSKI,Droga gminna,G120151W,Dwie jezdnie jednokierunkowe,Odcinek prosty,Obszar zabudowany,20.6288611111111,52.88,"Droga, pas ruchu, śluza dla rowerów",Dobre warunki atmosferyczne,Światło dzienne,Najechanie na pieszego,1,0,1,Lekko,N,,,,,,,,,,
EWK-108288372M,2019,2019-10-29,7,POWIAT CIECHANOWSKI,CIECHANÓW - OBSZAR MIEJSKI,Droga gminna,G120151W,Dwie jezdnie jednokierunkowe,Odcinek prosty,Obszar zabudowany,20.6288611111111,52.88,"Droga, pas ruchu, śluza dla rowerów",Dobre warunki atmosferyczne,Światło dzienne,Najechanie na pieszego,1,0,0,Nieokreślone (puste pole),N,,,,,,,,,,
EWK-107620202M,2019,2019-01-10,14,POWIAT PŁOCKI,BULKOWO - OBSZAR WIEJSKI,Droga powiatowa,P2933W,Jednojezdniowa dwukierunkowa,"Zakręt, łuk",Obszar niezabudowany,20.1550833333333,52.5832222222222,Jezdnia,Dobre warunki atmosferyczne,Światło dzienne,Najechanie na pieszego,1,0,1,Lekko,T,,,,,,,,,,
EWK-107620202M,2019,2019-01-10,14,POWIAT PŁOCKI,BULKOWO - OBSZAR WIEJSKI,Droga powiatowa,P2933W,Jednojezdniowa dwukierunkowa,"Zakręt, łuk",Obszar niezabudowany,20.1550833333333,52.5832222222222,Jezdnia,Dobre warunki atmosferyczne,Światło dzienne,Najechanie na pieszego,1,0,0,Nieokreślone (puste pole),T,,,,,,,,,,
EWK-107676606L,2019,2019-02-01,12,POWIAT SIEDLECKI,KOTUŃ - OBSZAR WIEJSKI,Droga powiatowa,P3675W,Jednojezdniowa dwukierunkowa,Odcinek prosty,Obszar niezabudowany,22.0606388888889,52.215,Jezdnia,Dobre warunki atmosferyczne,Światło dzienne,Najechanie na pieszego,1,0,1,Lekko,N,,,,,,,,,,
EWK-107676606L,2019,2019-02-01,12,POWIAT SIEDLECKI,KOTUŃ - OBSZAR WIEJSKI,Droga powiatowa,P3675W,Jednojezdniowa dwukierunkowa,Odcinek prosty,Obszar niezabudowany,22.0606388888889,52.215,Jezdnia,Dobre warunki atmosferyczne,Światło dzienne,Najechanie na pieszego,1,0,0,Nieokreślone (puste pole),N,,,,,,,,,,
EWK-107685996M,2019,2019-02-07,9,POWIAT CIECHANOWSKI,GLINOJECK - OBSZAR WIEJSKI,Droga krajowa,7,Dwie jezdnie jednokierunkowe,Odcinek prosty,Obszar zabudowany,20.2609166666667,52.8210277777778,Jezdnia,Dobre warunki atmosferyczne,Światło dzienne,Najechanie na pieszego,1,0,1,Lekko,N,,,,,,,,,,
EWK-107685996M,2019,2019-02-07,9,POWIAT CIECHANOWSKI,GLINOJECK - OBSZAR WIEJSKI,Droga krajowa,7,Dwie jezdnie jednokierunkowe,Odcinek prosty,Obszar zabudowany,20.2609166666667,52.8210277777778,Jezdnia,Dobre warunki atmosferyczne,Światło dzienne,Najechanie na pieszego,1,0,0,Nieokreślone (puste pole),N,,,,,,,,,,
EWK-107693710E,2019,2019-02-09,15,POWIAT GRÓJECKI,WARKA - OBSZAR MIEJSKI,Droga gminna,GMINNA,Jednojezdniowa dwukierunkowa,Odcinek prosty,Obszar zabudowany,21.2095555555556,51.7883611111111,Jezdnia,Dobre warunki atmosferyczne,Światło dzienne,Najechanie na pieszego,1,0,1,Lekko,N,,,,,,,,,,
EWK-107693710E,2019,2019-02-09,15,POWIAT GRÓJECKI,WARKA - OBSZAR MIEJSKI,Droga gminna,GMINNA,Jednojezdniowa dwukierunkowa,Odcinek prosty,Obszar zabudowany,21.2095555555556,51.7883611111111,Jezdnia,Dobre warunki atmosferyczne,Światło dzienne,Najechanie na pieszego,1,0,0,Nieokreślone (puste pole),N,,,,,,,,,,
EWK-107730507P,2019,2019-02-28,11,POWIAT PŁOCK,PŁOCK - OBSZAR MIEJSKI,Inna,I2,Jednojezdniowa dwukierunkowa,,Obszar zabudowany,19.7535833333333,52.5431944444444,Jezdnia,Dobre warunki atmosferyczne,Światło dzienne,Najechanie na pieszego,1,0,1,Lekko,N,,,,,,,,,,
EWK-107730507P,2019,2019-02-28,11,POWIAT PŁOCK,PŁOCK - OBSZAR MIEJSKI,Inna,I2,Jednojezdniowa dwukierunkowa,,Obszar zabudowany,19.7535833333333,52.5431944444444,Jezdnia,Dobre warunki atmosferyczne,Światło dzienne,Najechanie na pieszego,1,0,0,Nieokreślone (puste pole),N,,,,,,,,,,
EWK-107731980T,2019,2019-02-28,16,POWIAT RADOMSKI,JEDLNIA-LETNISKO - OBSZAR WIEJSKI,Droga gminna,GMINNA,Jednojezdniowa dwukierunkowa,Odcinek prosty,Obszar zabudowany,21.2383611111111,51.4239722222222,Jezdnia,Dobre warunki atmosferyczne,Światło dzienne,Najechanie na pieszego,1,0,1,Lekko,N,,,,,,,,,,
EWK-107731980T,2019,2019-02-28,16,POWIAT RADOMSKI,JEDLNIA-LETNISKO - OBSZAR WIEJSKI,Droga gminna,GMINNA,Jednojezdniowa dwukierunkowa,Odcinek prosty,Obszar zabudowany,21.2383611111111,51.4239722222222,Jezdnia,Dobre warunki atmosferyczne,Światło dzienne,Najechanie na pieszego,1,0,0,Nieokreślone (puste pole),N,,,,,,,,,,
EWK-107734080X,2019,2019-03-02,10,POWIAT GARWOLIŃSKI,MIASTKÓW KOŚCIELNY - OBSZAR WIEJSKI,Droga gminna,GMINNA,Jednojezdniowa dwukierunkowa,Spadek,Obszar zabudowany,21.8258611111111,51.8774444444444,Jezdnia,Dobre warunki atmosferyczne,Światło dzienne,Najechanie na pieszego,1,0,1,Lekko,N,,,,,,,,,,
EWK-107734080X,2019,2019-03-02,10,POWIAT GARWOLIŃSKI,MIASTKÓW KOŚCIELNY - OBSZAR WIEJSKI,Droga gminna,GMINNA,Jednojezdniowa dwukierunkowa,Spadek,Obszar zabudowany,21.8258611111111,51.8774444444444,Jezdnia,Dobre warunki atmosferyczne,Światło dzienne,Najechanie na pieszego,1,0,0,Nieokreślone (puste pole),N,,,,,,,,,,
EWK-107810092F,2019,2019-04-02,9,POWIAT ŻYRARDOWSKI,ŻYRARDÓW - OBSZAR MIEJSKI,Droga powiatowa,P4729W,Jednojezdniowa dwukierunkowa,Odcinek prosty,Obszar zabudowany,20.4296111111111,52.0561111111111,Jezdnia,Dobre warunki atmosferyczne,Światło dzienne,Najechanie na pieszego,1,0,1,Ciężko,N,,,,,,,,,,
EWK-107810092F,2019,2019-04-02,9,POWIAT ŻYRARDOWSKI,ŻYRARDÓW - OBSZAR MIEJSKI,Droga powiatowa,P4729W,Jednojezdniowa dwukierunkowa,Odcinek prosty,Obszar zabudowany,20.4296111111111,52.0561111111111,Jezdnia,Dobre warunki atmosferyczne,Światło dzienne,Najechanie na pieszego,1,0,0,Nieokreślone (puste pole),N,,,,,,,,,,
EWK-107821828Y,2019,2019-04-04,15,POWIAT SIERPECKI,MOCHOWO - OBSZAR WIEJSKI,Droga powiatowa,P0244T,Jednojezdniowa dwukierunkowa,Odcinek prosty,Obszar zabudowany,19.52275,52.7154444444445,Jezdnia,Dobre warunki atmosferyczne,Światło dzienne,Najechanie na pieszego,1,0,2,Lekko,N,,,,,,,,,,
EWK-107849387G,2019,2019-04-03,15,POWIAT RADOM,RADOM - OBSZAR MIEJSKI,Droga gminna,G530107W,Jednojezdniowa dwukierunkowa,Odcinek prosty,Obszar zabudowany,21.19875,51.458,Jezdnia,Dobre warunki atmosferyczne,Światło dzienne,Najechanie na pieszego,1,0,1,Ciężko,N,,,,,,,,,,
EWK-107849387G,2019,2019-04-03,15,POWIAT RADOM,RADOM - OBSZAR MIEJSKI,Droga gminna,G530107W,Jednojezdniowa dwukierunkowa,Odcinek prosty,Obszar zabudowany,21.19875,51.458,Jezdnia,Dobre warunki atmosferyczne,Światło dzienne,Najechanie na pieszego,1,0,0,Nieokreślone (puste pole),N,,,,,,,,,,
EWK-107881582R,2019,2019-04-18,11,POWIAT RADOM,RADOM - OBSZAR MIEJSKI,Droga krajowa,12,Dwie jezdnie jednokierunkowe,,Obszar zabudowany,21.1235555555556,51.3933055555556,Jezdnia,Dobre warunki atmosferyczne,Światło dzienne,Najechanie na pieszego,1,0,1,Lekko,N,,,,,,,,,,
EWK-107881582R,2019,2019-04-18,11,POWIAT RADOM,RADOM - OBSZAR MIEJSKI,Droga krajowa,12,Dwie jezdnie jednokierunkowe,,Obszar zabudowany,21.1235555555556,51.3933055555556,Jezdnia,Dobre warunki atmosferyczne,Światło dzienne,Najechanie na pieszego,1,0,0,Nieokreślone (puste pole),N,,,,,,,,,,
EWK-107882647W,2019,2019-04-19,8,POWIAT GRÓJECKI,WARKA - OBSZAR MIEJSKI,Droga wojewódzka,731,Jednojezdniowa dwukierunkowa,Odcinek prosty,Obszar niezabudowany,21.1451111111111,51.7705,Jezdnia,Dobre warunki atmosferyczne,Światło dzienne,Najechanie na pieszego,1,0,1,Lekko,N,,,,,,,,,,
EWK-107882647W,2019,2019-04-19,8,POWIAT GRÓJECKI,WARKA - OBSZAR MIEJSKI,Droga wojewódzka,731,Jednojezdniowa dwukierunkowa,Odcinek prosty,Obszar niezabudowany,21.1451111111111,51.7705,Jezdnia,Dobre warunki atmosferyczne,Światło dzienne,Najechanie na pieszego,1,0,0,Nieokreślone (puste pole),N,,,,,,,,,,
EWK-107883627A,2019,2019-04-19,15,POWIAT SIEDLCE,SIEDLCE - OBSZAR MIEJSKI,Droga powiatowa,P,Jednojezdniowa dwukierunkowa,,Obszar zabudowany,22.2816111111111,52.1941111111111,Jezdnia,Dobre warunki atmosferyczne,Światło dzienne,Najechanie na pieszego,1,0,1,Lekko,T,,,,,,,,,,
EWK-107883627A,2019,2019-04-19,15,POWIAT SIEDLCE,SIEDLCE - OBSZAR MIEJSKI,Droga powiatowa,P,Jednojezdniowa dwukierunkowa,,Obszar zabudowany,22.2816111111111,52.1941111111111,Jezdnia,Dobre warunki atmosferyczne,Światło dzienne,Najechanie na pieszego,1,0,0,Nieokreślone (puste pole),T,,,,,,,,,,
EWK-107883780F,2019,2019-04-19,19,POWIAT RADOM,RADOM - OBSZAR MIEJSKI,Droga krajowa,12,Dwie jezdnie jednokierunkowe,Odcinek prosty,Obszar zabudowany,21.16075,51.3972222222222,Jezdnia,Dobre warunki atmosferyczne,Światło dzienne,Najechanie na pieszego,1,0,1,Ciężko,N,,,,,,,,,,
EWK-107883780F,2019,2019-04-19,19,POWIAT RADOM,RADOM - OBSZAR MIEJSKI,Droga krajowa,12,Dwie jezdnie jednokierunkowe,Odcinek prosty,Obszar zabudowany,21.16075,51.3972222222222,Jezdnia,Dobre warunki atmosferyczne,Światło dzienne,Najechanie na pieszego,1,0,0,Nieokreślone (puste pole),N,,,,,,,,,,
EWK-107890607D,2019,2019-04-24,10,POWIAT RADOM,RADOM - OBSZAR MIEJSKI,Droga powiatowa,P5334W,Jednojezdniowa dwukierunkowa,Odcinek prosty,Obszar zabudowany,21.1489166666667,51.3805555555556,Jezdnia,Dobre warunki atmosferyczne,Światło dzienne,Najechanie na pieszego,1,0,1,Lekko,N,,,,,,,,,,
EWK-107890607D,2019,2019-04-24,10,POWIAT RADOM,RADOM - OBSZAR MIEJSKI,Droga powiatowa,P5334W,Jednojezdniowa dwukierunkowa,Odcinek prosty,Obszar zabudowany,21.1489166666667,51.3805555555556,Jezdnia,Dobre warunki atmosferyczne,Światło dzienne,Najechanie na pieszego,1,0,0,Nieokreślone (puste pole),N,,,,,,,,,,
EWK-107896701R,2019,2019-04-27,17,POWIAT SOKOŁOWSKI,STERDYŃ - OBSZAR WIEJSKI,Droga powiatowa,P3908W,Jednojezdniowa dwukierunkowa,Odcinek prosty,Obszar niezabudowany,22.36,52.5700555555556,Jezdnia,Dobre warunki atmosferyczne,Światło dzienne,Najechanie na pieszego,1,0,1,Lekko,N,,,,,,,,,,
EWK-107896701R,2019,2019-04-27,17,POWIAT SOKOŁOWSKI,STERDYŃ - OBSZAR WIEJSKI,Droga powiatowa,P3908W,Jednojezdniowa dwukierunkowa,Odcinek prosty,Obszar niezabudowany,22.36,52.5700555555556,Jezdnia,Dobre warunki atmosferyczne,Światło dzienne,Najechanie na pieszego,1,0,0,Nieokreślone (puste pole),N,,,,,,,,,,
EWK-107913257H,2019,2019-05-07,11,POWIAT WĘGROWSKI,ŁOCHÓW - OBSZAR WIEJSKI,Droga krajowa,62,Jednojezdniowa dwukierunkowa,Odcinek prosty,Obszar niezabudowany,21.60325,52.55425,Jezdnia,Dobre warunki atmosferyczne,Światło dzienne,Najechanie na pieszego,1,0,1,Lekko,N,,,,,,,,,,
EWK-107913257H,2019,2019-05-07,11,POWIAT WĘGROWSKI,ŁOCHÓW - OBSZAR WIEJSKI,Droga krajowa,62,Jednojezdniowa dwukierunkowa,Odcinek prosty,Obszar niezabudowany,21.60325,52.55425,Jezdnia,Dobre warunki atmosferyczne,Światło dzienne,Najechanie na pieszego,1,0,0,Nieokreślone (puste pole),N,,,,,,,,,,
EWK-107921585P,2019,2019-05-11,17,POWIAT WĘGROWSKI,ŁOCHÓW - OBSZAR WIEJSKI,Droga krajowa,50,Jednojezdniowa dwukierunkowa,Odcinek prosty,Obszar zabudowany,21.77525,52.5623611111111,Jezdnia,Dobre warunki atmosferyczne,Światło dzienne,Najechanie na pieszego,1,1,0,Nieokreślone (puste pole),N,,,,,,,,,,
EWK-107936224W,2019,2019-05-20,19,POWIAT SIERPECKI,SIERPC - OBSZAR MIEJSKI,Droga gminna,G370525W,Jednojezdniowa dwukierunkowa,,Obszar zabudowany,19.6703888888889,52.86975,Jezdnia,Dobre warunki atmosferyczne,Światło dzienne,Najechanie na pieszego,1,0,1,Ciężko,T,,,,,,,,,,
EWK-107936224W,2019,2019-05-20,19,POWIAT SIERPECKI,SIERPC - OBSZAR MIEJSKI,Droga gminna,G370525W,Jednojezdniowa dwukierunkowa,,Obszar zabudowany,19.6703888888889,52.86975,Jezdnia,Dobre warunki atmosferyczne,Światło dzienne,Najechanie na pieszego,1,0,0,Nieokreślone (puste pole),T,,,,,,,,,,
EWK-107943176T,2019,2019-05-22,15,POWIAT RADOMSKI,WOLANÓW - OBSZAR WIEJSKI,Droga powiatowa,P3565W,Jednojezdniowa dwukierunkowa,Odcinek prosty,Obszar zabudowany,21.0226388888889,51.37,Jezdnia,Dobre warunki atmosferyczne,Światło dzienne,Najechanie na pieszego,1,1,0,Nieokreślone (puste pole),N,,,,,,,,,,
EWK-107947158U,2019,2019-05-26,16,POWIAT RADOM,RADOM - OBSZAR MIEJSKI,Droga powiatowa,P5304W  ,Dwie jezdnie jednokierunkowe,,Obszar zabudowany,21.1615277777778,51.3978611111111,Jezdnia,Dobre warunki atmosferyczne,Światło dzienne,Najechanie na pieszego,1,0,1,Lekko,N,,,,,,,,,,
EWK-107947158U,2019,2019-05-26,16,POWIAT RADOM,RADOM - OBSZAR MIEJSKI,Droga powiatowa,P5304W  ,Dwie jezdnie jednokierunkowe,,Obszar zabudowany,21.1615277777778,51.3978611111111,Jezdnia,Dobre warunki atmosferyczne,Światło dzienne,Najechanie na pieszego,1,0,0,Nieokreślone (puste pole),N,,,,,,,,,,
EWK-107957523G,2019,2019-05-31,13,POWIAT LIPSKI,SIENNO - OBSZAR WIEJSKI,Droga powiatowa,P0244T,Jednojezdniowa dwukierunkowa,Odcinek prosty,Obszar zabudowany,21.4773333333333,51.15825,Jezdnia,Dobre warunki atmosferyczne,Światło dzienne,Najechanie na pieszego,1,0,1,Ciężko,T,,,,,,,,,,
EWK-107957523G,2019,2019-05-31,13,POWIAT LIPSKI,SIENNO - OBSZAR WIEJSKI,Droga powiatowa,P0244T,Jednojezdniowa dwukierunkowa,Odcinek prosty,Obszar zabudowany,21.4773333333333,51.15825,Jezdnia,Dobre warunki atmosferyczne,Światło dzienne,Najechanie na pieszego,1,0,0,Nieokreślone (puste pole),T,,,,,,,,,,
EWK-107957594H,2019,2019-05-31,15,POWIAT SIEDLECKI,WIŚNIEW - OBSZAR WIEJSKI,Droga powiatowa,P3654W,Jednojezdniowa dwukierunkowa,Odcinek prosty,Obszar niezabudowany,22.2923611111111,52.0765277777778,Jezdnia,Dobre warunki atmosferyczne,Światło dzienne,Najechanie na pieszego,1,0,1,Lekko,N,,,,,,,,,,
EWK-107957594H,2019,2019-05-31,15,POWIAT SIEDLECKI,WIŚNIEW - OBSZAR WIEJSKI,Droga powiatowa,P3654W,Jednojezdniowa dwukierunkowa,Odcinek prosty,Obszar niezabudowany,22.2923611111111,52.0765277777778,Jezdnia,Dobre warunki atmosferyczne,Światło dzienne,Najechanie na pieszego,1,0,0,Nieokreślone (puste pole),N,,,,,,,,,,
EWK-107965854U,2019,2019-06-04,12,POWIAT PRZASNYSKI,PRZASNYSZ - OBSZAR WIEJSKI,Droga powiatowa,P3238W  ,Jednojezdniowa dwukierunkowa,,Obszar niezabudowany,20.9133888888889,52.9892222222222,Jezdnia,Dobre warunki atmosferyczne,Światło dzienne,Najechanie na pieszego,1,1,0,Nieokreślone (puste pole),N,,,,,,,,,,
EWK-107968614G,2019,2019-06-05,16,POWIAT GRÓJECKI,GRÓJEC - OBSZAR MIEJSKI,Droga powiatowa,P6605W,Jednojezdniowa dwukierunkowa,Odcinek prosty,Obszar zabudowany,20.8641666666667,51.8655,Jezdnia,Dobre warunki atmosferyczne,Światło dzienne,Najechanie na pieszego,1,0,1,Lekko,T,,,,,,,,,,
EWK-107968614G,2019,2019-06-05,16,POWIAT GRÓJECKI,GRÓJEC - OBSZAR MIEJSKI,Droga powiatowa,P6605W,Jednojezdniowa dwukierunkowa,Odcinek prosty,Obszar zabudowany,20.8641666666667,51.8655,Jezdnia,Dobre warunki atmosferyczne,Światło dzienne,Najechanie na pieszego,1,0,0,Nieokreślone (puste pole),T,,,,,,,,,,
EWK-107980387T,2019,2019-06-11,19,POWIAT MŁAWSKI,LIPOWIEC KOŚCIELNY - OBSZAR WIEJSKI,Droga powiatowa,P2301W,Jednojezdniowa dwukierunkowa,Odcinek prosty,Obszar niezabudowany,20.1641388888889,53.1440833333333,Jezdnia,Dobre warunki atmosferyczne,Światło dzienne,Najechanie na pieszego,1,0,1,Lekko,N,,,,,,,,,,
EWK-107980387T,2019,2019-06-11,19,POWIAT MŁAWSKI,LIPOWIEC KOŚCIELNY - OBSZAR WIEJSKI,Droga powiatowa,P2301W,Jednojezdniowa dwukierunkowa,Odcinek prosty,Obszar niezabudowany,20.1641388888889,53.1440833333333,Jezdnia,Dobre warunki atmosferyczne,Światło dzienne,Najechanie na pieszego,1,0,0,Nieokreślone (puste pole),N,,,,,,,,,,
EWK-107986354F,2019,2019-06-04,19,POWIAT SIEDLCE,SIEDLCE - OBSZAR MIEJSKI,Droga gminna,GMINNA,Jednojezdniowa dwukierunkowa,Odcinek prosty,Obszar zabudowany,22.2489166666667,52.1601111111111,Jezdnia,Dobre warunki atmosferyczne,Światło dzienne,Najechanie na pieszego,1,0,1,Lekko,N,,,,,,,,,,
EWK-107986354F,2019,2019-06-04,19,POWIAT SIEDLCE,SIEDLCE - OBSZAR MIEJSKI,Droga gminna,GMINNA,Jednojezdniowa dwukierunkowa,Odcinek prosty,Obszar zabudowany,22.2489166666667,52.1601111111111,Jezdnia,Dobre warunki atmosferyczne,Światło dzienne,Najechanie na pieszego,1,0,0,Nieokreślone (puste pole),N,,,,,,,,,,
EWK-107991095D,2019,2019-06-17,7,POWIAT PUŁTUSKI,PUŁTUSK - OBSZAR WIEJSKI,Droga krajowa,57,Jednojezdniowa dwukierunkowa,,Obszar zabudowany,21.0753055555556,52.7584722222222,Jezdnia,Dobre warunki atmosferyczne,Światło dzienne,Najechanie na pieszego,1,0,1,Lekko,N,,,,,,,,,,