IDKSIP,year,date,hour,district,district_commune,road_category,road_number,type_of_road,road_geometry,area,Longitude,Latitude,char_place_of_the_event,weather_conditions,lighting,type_of_accident,num_of_accidents,num_of_fatalities,num_of_injured,type_of_injury,is_offender_intoxicated,,,,,,,,,,
EWK-107991095D,2019,2019-06-17,7,POWIAT PUŁTUSKI,PUŁTUSK - OBSZAR WIEJSKI,Droga krajowa,57,Jednojezdniowa dwukierunkowa,,Obszar zabudowany,21.0753055555556,52.7584722222222,Jezdnia,Dobre warunki atmosferyczne,Światło dzienne,Najechanie na pieszego,1,0,0,Nieokreślone (puste pole),N,,,,,,,,,,
EWK-108001608C,2019,2019-06-22,17,POWIAT RADOM,RADOM - OBSZAR MIEJSKI,Droga gminna,GMINNA,Jednojezdniowa dwukierunkowa,Odcinek prosty,Obszar zabudowany,21.1722222222222,51.3744166666667,Jezdnia,Dobre warunki atmosferyczne,Światło dzienne,Najechanie na pieszego,1,0,1,Lekko,N,,,,,,,,,,
EWK-108001608C,2019,2019-06-22,17,POWIAT RADOM,RADOM - OBSZAR MIEJSKI,Droga gminna,GMINNA,Jednojezdniowa dwukierunkowa,Odcinek prosty,Obszar zabudowany,21.1722222222222,51.3744166666667,Jezdnia,Dobre warunki atmosferyczne,Światło dzienne,Najechanie na pieszego,1,0,0,Nieokreślone (puste pole),N,,,,,,,,,,
EWK-108002437K,2019,2019-06-22,19,POWIAT GOSTYNIŃSKI,GOSTYNIN - OBSZAR MIEJSKI,Droga gminna,G140194W,Jednokierunkowa,Odcinek prosty,Obszar zabudowany,19.4600555555556,52.4248611111111,Jezdnia,Dobre warunki atmosferyczne,Światło dzienne,Najechanie na pieszego,1,0,1,Ciężko,N,,,,,,,,,,
EWK-108002437K,2019,2019-06-22,19,POWIAT GOSTYNIŃSKI,GOSTYNIN - OBSZAR MIEJSKI,Droga gminna,G140194W,Jednokierunkowa,Odcinek prosty,Obszar zabudowany,19.4600555555556,52.4248611111111,Jezdnia,Dobre warunki atmosferyczne,Światło dzienne,Najechanie na pieszego,1,0,0,Nieokreślone (puste pole),N,,,,,,,,,,
EWK-108005230J,2019,2019-06-18,10,POWIAT PŁOCKI,DROBIN - OBSZAR WIEJSKI,Droga krajowa,60,Jednojezdniowa dwukierunkowa,Odcinek prosty,Obszar niezabudowany,20.0396111111111,52.7535,Jezdnia,Dobre warunki atmosferyczne,Światło dzienne,Najechanie na pieszego,1,0,1,Lekko,T,,,,,,,,,,
EWK-108005230J,2019,2019-06-18,10,POWIAT PŁOCKI,DROBIN - OBSZAR WIEJSKI,Droga krajowa,60,Jednojezdniowa dwukierunkowa,Odcinek prosty,Obszar niezabudowany,20.0396111111111,52.7535,Jezdnia,Dobre warunki atmosferyczne,Światło dzienne,Najechanie na pieszego,1,0,0,Nieokreślone (puste pole),T,,,,,,,,,,
EWK-108006015E,2019,2019-06-24,17,POWIAT SZYDŁOWIECKI,OROŃSKO - OBSZAR WIEJSKI,Droga powiatowa,P4021W,Jednojezdniowa dwukierunkowa,Odcinek prosty,Obszar zabudowany,20.8894444444444,51.3116944444444,Jezdnia,Dobre warunki atmosferyczne,Światło dzienne,Najechanie na pieszego,1,0,1,Lekko,N,,,,,,,,,,
EWK-108006015E,2019,2019-06-24,17,POWIAT SZYDŁOWIECKI,OROŃSKO - OBSZAR WIEJSKI,Droga powiatowa,P4021W,Jednojezdniowa dwukierunkowa,Odcinek prosty,Obszar zabudowany,20.8894444444444,51.3116944444444,Jezdnia,Dobre warunki atmosferyczne,Światło dzienne,Najechanie na pieszego,1,0,0,Nieokreślone (puste pole),N,,,,,,,,,,
EWK-108006038Q,2019,2019-06-24,19,POWIAT GARWOLIŃSKI,SOBOLEW - OBSZAR WIEJSKI,Droga gminna,GMINNA,Jednojezdniowa dwukierunkowa,,Obszar zabudowany,21.6888888888889,51.7432222222222,Jezdnia,Dobre warunki atmosferyczne,Światło dzienne,Najechanie na pieszego,1,0,1,Lekko,N,,,,,,,,,,
EWK-108006038Q,2019,2019-06-24,19,POWIAT GARWOLIŃSKI,SOBOLEW - OBSZAR WIEJSKI,Droga gminna,GMINNA,Jednojezdniowa dwukierunkowa,,Obszar zabudowany,21.6888888888889,51.7432222222222,Jezdnia,Dobre warunki atmosferyczne,Światło dzienne,Najechanie na pieszego,1,0,0,Nieokreślone (puste pole),N,,,,,,,,,,
EWK-108006148A,2019,2019-06-24,20,POWIAT RADOM,RADOM - OBSZAR MIEJSKI,Droga powiatowa,P5347W,Jednokierunkowa,Odcinek prosty,Obszar zabudowany,21.1497222222222,51.4178888888889,Jezdnia,Dobre warunki atmosferyczne,Światło dzienne,Najechanie na pieszego,1,0,1,Lekko,N,,,,,,,,,,
EWK-108006148A,2019,2019-06-24,20,POWIAT RADOM,RADOM - OBSZAR MIEJSKI,Droga powiatowa,P5347W,Jednokierunkowa,Odcinek prosty,Obszar zabudowany,21.1497222222222,51.4178888888889,Jezdnia,Dobre warunki atmosferyczne,Światło dzienne,Najechanie na pieszego,1,0,0,Nieokreślone (puste pole),N,,,,,,,,,,
EWK-108007862U,2019,2019-06-25,17,POWIAT SOCHACZEWSKI,SOCHACZEW - OBSZAR MIEJSKI,Droga powiatowa,3840W,Jednojezdniowa dwukierunkowa,Odcinek prosty,Obszar zabudowany,20.2394722222222,52.2315833333333,Jezdnia,Dobre warunki atmosferyczne,Światło dzienne,Najechanie na pieszego,1,0,1,Lekko,N,,,,,,,,,,
EWK-108007862U,2019,2019-06-25,17,POWIAT SOCHACZEWSKI,SOCHACZEW - OBSZAR MIEJSKI,Droga powiatowa,3840W,Jednojezdniowa dwukierunkowa,Odcinek prosty,Obszar zabudowany,20.2394722222222,52.2315833333333,Jezdnia,Dobre warunki atmosferyczne,Światło dzienne,Najechanie na pieszego,1,0,0,Nieokreślone (puste pole),N,,,,,,,,,,
EWK-108015133J,2019,2019-06-30,6,POWIAT OSTROWSKI,OSTRÓW MAZOWIECKA - OBSZAR MIEJSKI,Droga wojewódzka,627,Jednojezdniowa dwukierunkowa,Odcinek prosty,Obszar zabudowany,21.9209166666667,52.7884444444444,Jezdnia,Dobre warunki atmosferyczne,Światło dzienne,Najechanie na pieszego,1,1,0,Nieokreślone (puste pole),N,,,,,,,,,,
EWK-108021887T,2019,2019-06-22,15,POWIAT RADOMSKI,GÓZD - OBSZAR WIEJSKI,Droga powiatowa,P3528W,Jednojezdniowa dwukierunkowa,Odcinek prosty,Obszar niezabudowany,21.2530277777778,51.3913611111111,Jezdnia,Dobre warunki atmosferyczne,Światło dzienne,Najechanie na pieszego,1,0,1,Lekko,N,,,,,,,,,,
EWK-108021887T,2019,2019-06-22,15,POWIAT RADOMSKI,GÓZD - OBSZAR WIEJSKI,Droga powiatowa,P3528W,Jednojezdniowa dwukierunkowa,Odcinek prosty,Obszar niezabudowany,21.2530277777778,51.3913611111111,Jezdnia,Dobre warunki atmosferyczne,Światło dzienne,Najechanie na pieszego,1,0,0,Nieokreślone (puste pole),N,,,,,,,,,,
EWK-108024104W,2019,2019-07-04,10,POWIAT RADOM,RADOM - OBSZAR MIEJSKI,Droga powiatowa,P5302W,Jednojezdniowa dwukierunkowa,Odcinek prosty,Obszar zabudowany,21.1453333333333,51.4083055555556,Jezdnia,Dobre warunki atmosferyczne,Światło dzienne,Najechanie na pieszego,1,0,1,Lekko,N,,,,,,,,,,
EWK-108024104W,2019,2019-07-04,10,POWIAT RADOM,RADOM - OBSZAR MIEJSKI,Droga powiatowa,P5302W,Jednojezdniowa dwukierunkowa,Odcinek prosty,Obszar zabudowany,21.1453333333333,51.4083055555556,Jezdnia,Dobre warunki atmosferyczne,Światło dzienne,Najechanie na pieszego,1,0,0,Nieokreślone (puste pole),N,,,,,,,,,,
EWK-108025902K,2019,2019-07-05,14,POWIAT GOSTYNIŃSKI,GOSTYNIN - OBSZAR MIEJSKI,Droga wojewódzka,265,Jednojezdniowa dwukierunkowa,Odcinek prosty,Obszar zabudowany,19.4638611111111,52.4425833333333,Jezdnia,Dobre warunki atmosferyczne,Światło dzienne,Najechanie na pieszego,1,1,0,Nieokreślone (puste pole),N,,,,,,,,,,
EWK-108036951R,2019,2019-07-11,20,POWIAT GARWOLIŃSKI,GÓRZNO - OBSZAR WIEJSKI,Droga powiatowa,P1341W,Jednojezdniowa dwukierunkowa,"Zakręt, łuk",Obszar niezabudowany,21.6675833333333,51.8618333333333,Jezdnia,Dobre warunki atmosferyczne,Światło dzienne,Najechanie na pieszego,1,0,1,Lekko,N,,,,,,,,,,
EWK-108036951R,2019,2019-07-11,20,POWIAT GARWOLIŃSKI,GÓRZNO - OBSZAR WIEJSKI,Droga powiatowa,P1341W,Jednojezdniowa dwukierunkowa,"Zakręt, łuk",Obszar niezabudowany,21.6675833333333,51.8618333333333,Jezdnia,Dobre warunki atmosferyczne,Światło dzienne,Najechanie na pieszego,1,0,0,Nieokreślone (puste pole),N,,,,,,,,,,
EWK-108053733A,2019,2019-07-21,15,POWIAT PŁOCKI,DROBIN - OBSZAR WIEJSKI,Droga gminna,GMINNA,Jednojezdniowa dwukierunkowa,Odcinek prosty,Obszar niezabudowany,20.0085,52.6958888888889,Jezdnia,Dobre warunki atmosferyczne,Światło dzienne,Najechanie na pieszego,1,1,0,Nieokreślone (puste pole),T,,,,,,,,,,
EWK-108067471D,2019,2019-07-28,19,POWIAT RADOMSKI,WIERZBICA - OBSZAR WIEJSKI,Droga powiatowa,P4011W,Jednojezdniowa dwukierunkowa,Odcinek prosty,Obszar zabudowany,21.0431666666667,51.2895555555556,Jezdnia,Dobre warunki atmosferyczne,Światło dzienne,Najechanie na pieszego,1,0,1,Lekko,N,,,,,,,,,,
EWK-108067471D,2019,2019-07-28,19,POWIAT RADOMSKI,WIERZBICA - OBSZAR WIEJSKI,Droga powiatowa,P4011W,Jednojezdniowa dwukierunkowa,Odcinek prosty,Obszar zabudowany,21.0431666666667,51.2895555555556,Jezdnia,Dobre warunki atmosferyczne,Światło dzienne,Najechanie na pieszego,1,0,0,Nieokreślone (puste pole),N,,,,,,,,,,
EWK-108079699P,2019,2019-08-05,15,POWIAT RADOM,RADOM - OBSZAR MIEJSKI,Droga gminna,G530154W,Jednojezdniowa dwukierunkowa,Odcinek prosty,Obszar zabudowany,21.1512222222222,51.3712222222222,Jezdnia,Dobre warunki atmosferyczne,Światło dzienne,Najechanie na pieszego,1,0,1,Lekko,N,,,,,,,,,,
EWK-108079699P,2019,2019-08-05,15,POWIAT RADOM,RADOM - OBSZAR MIEJSKI,Droga gminna,G530154W,Jednojezdniowa dwukierunkowa,Odcinek prosty,Obszar zabudowany,21.1512222222222,51.3712222222222,Jezdnia,Dobre warunki atmosferyczne,Światło dzienne,Najechanie na pieszego,1,0,0,Nieokreślone (puste pole),N,,,,,,,,,,
EWK-108089418A,2019,2019-08-10,4,POWIAT RADOM,RADOM - OBSZAR MIEJSKI,Droga krajowa,7,Dwie jezdnie jednokierunkowe,,Obszar zabudowany,21.1439722222222,51.4473333333333,Jezdnia,Dobre warunki atmosferyczne,Światło dzienne,Najechanie na pieszego,1,0,1,Ciężko,N,,,,,,,,,,
EWK-108089418A,2019,2019-08-10,4,POWIAT RADOM,RADOM - OBSZAR MIEJSKI,Droga krajowa,7,Dwie jezdnie jednokierunkowe,,Obszar zabudowany,21.1439722222222,51.4473333333333,Jezdnia,Dobre warunki atmosferyczne,Światło dzienne,Najechanie na pieszego,1,0,0,Nieokreślone (puste pole),N,,,,,,,,,,
EWK-108091994A,2019,2019-08-11,18,POWIAT RADOM,RADOM - OBSZAR MIEJSKI,Droga powiatowa,P5331W,Jednojezdniowa dwukierunkowa,Odcinek prosty,Obszar zabudowany,21.16525,51.3883611111111,Jezdnia,Dobre warunki atmosferyczne,Światło dzienne,Najechanie na pieszego,1,0,1,Lekko,N,,,,,,,,,,
EWK-108091994A,2019,2019-08-11,18,POWIAT RADOM,RADOM - OBSZAR MIEJSKI,Droga powiatowa,P5331W,Jednojezdniowa dwukierunkowa,Odcinek prosty,Obszar zabudowany,21.16525,51.3883611111111,Jezdnia,Dobre warunki atmosferyczne,Światło dzienne,Najechanie na pieszego,1,0,0,Nieokreślone (puste pole),N,,,,,,,,,,
EWK-108108077U,2019,2019-08-19,8,POWIAT SOCHACZEWSKI,SOCHACZEW - OBSZAR MIEJSKI,Droga wojewódzka,705,Jednojezdniowa dwukierunkowa,Odcinek prosty,Obszar zabudowany,20.2185,52.2060277777778,Jezdnia,Dobre warunki atmosferyczne,Światło dzienne,Najechanie na pieszego,1,0,1,Ciężko,N,,,,,,,,,,
EWK-108108077U,2019,2019-08-19,8,POWIAT SOCHACZEWSKI,SOCHACZEW - OBSZAR MIEJSKI,Droga wojewódzka,705,Jednojezdniowa dwukierunkowa,Odcinek prosty,Obszar zabudowany,20.2185,52.2060277777778,Jezdnia,Dobre warunki atmosferyczne,Światło dzienne,Najechanie na pieszego,1,0,0,Nieokreślone (puste pole),N,,,,,,,,,,
EWK-108115718G,2019,2019-08-23,16,POWIAT RADOM,RADOM - OBSZAR MIEJSKI,Droga krajowa,12,Dwie jezdnie jednokierunkowe,,Obszar zabudowany,21.1765833333333,51.3810277777778,Jezdnia,Dobre warunki atmosferyczne,Światło dzienne,Najechanie na pieszego,1,0,1,Lekko,N,,,,,,,,,,
EWK-108115718G,2019,2019-08-23,16,POWIAT RADOM,RADOM - OBSZAR MIEJSKI,Droga krajowa,12,Dwie jezdnie jednokierunkowe,,Obszar zabudowany,21.1765833333333,51.3810277777778,Jezdnia,Dobre warunki atmosferyczne,Światło dzienne,Najechanie na pieszego,1,0,0,Nieokreślone (puste pole),N,,,,,,,,,,
EWK-108116668P,2019,2019-08-25,19,POWIAT ŻYRARDOWSKI,ŻYRARDÓW - OBSZAR MIEJSKI,Droga powiatowa,P4729W,Jednojezdniowa dwukierunkowa,Odcinek prosty,Obszar zabudowany,20.4289722222222,52.0563055555556,Jezdnia,Dobre warunki atmosferyczne,Światło dzienne,Najechanie na pieszego,1,0,1,Lekko,T,,,,,,,,,,
EWK-108116668P,2019,2019-08-25,19,POWIAT ŻYRARDOWSKI,ŻYRARDÓW - OBSZAR MIEJSKI,Droga powiatowa,P4729W,Jednojezdniowa dwukierunkowa,Odcinek prosty,Obszar zabudowany,20.4289722222222,52.0563055555556,Jezdnia,Dobre warunki atmosferyczne,Światło dzienne,Najechanie na pieszego,1,0,0,Nieokreślone (puste pole),T,,,,,,,,,,
EWK-108118547Y,2019,2019-08-25,16,POWIAT GRÓJECKI,GRÓJEC - OBSZAR MIEJSKI,Droga powiatowa,P1647W,Jednojezdniowa dwukierunkowa,Odcinek prosty,Obszar zabudowany,20.8655555555556,51.8820833333333,Jezdnia,Dobre warunki atmosferyczne,Światło dzienne,Najechanie na pieszego,1,0,1,Ciężko,T,,,,,,,,,,
EWK-108118547Y,2019,2019-08-25,16,POWIAT GRÓJECKI,GRÓJEC - OBSZAR MIEJSKI,Droga powiatowa,P1647W,Jednojezdniowa dwukierunkowa,Odcinek prosty,Obszar zabudowany,20.8655555555556,51.8820833333333,Jezdnia,Dobre warunki atmosferyczne,Światło dzienne,Najechanie na pieszego,1,0,1,Lekko,T,,,,,,,,,,
EWK-108119717T,2019,2019-08-26,9,POWIAT SIEDLCE,SIEDLCE - OBSZAR MIEJSKI,Droga gminna,GMINNA,Jednojezdniowa dwukierunkowa,Odcinek prosty,Obszar zabudowany,22.2873333333333,52.1661944444444,Jezdnia,Dobre warunki atmosferyczne,Światło dzienne,Najechanie na pieszego,1,0,1,Lekko,N,,,,,,,,,,
EWK-108119717T,2019,2019-08-26,9,POWIAT SIEDLCE,SIEDLCE - OBSZAR MIEJSKI,Droga gminna,GMINNA,Jednojezdniowa dwukierunkowa,Odcinek prosty,Obszar zabudowany,22.2873333333333,52.1661944444444,Jezdnia,Dobre warunki atmosferyczne,Światło dzienne,Najechanie na pieszego,1,0,0,Nieokreślone (puste pole),N,,,,,,,,,,
EWK-108120832G,2019,2019-08-26,17,POWIAT RADOMSKI,IŁŻA - OBSZAR WIEJSKI,Droga gminna,GMINNA,Jednojezdniowa dwukierunkowa,Odcinek prosty,Obszar zabudowany,21.2428888888889,51.1549166666667,Jezdnia,Dobre warunki atmosferyczne,Światło dzienne,Najechanie na pieszego,1,0,1,Ciężko,N,,,,,,,,,,
EWK-108120832G,2019,2019-08-26,17,POWIAT RADOMSKI,IŁŻA - OBSZAR WIEJSKI,Droga gminna,GMINNA,Jednojezdniowa dwukierunkowa,Odcinek prosty,Obszar zabudowany,21.2428888888889,51.1549166666667,Jezdnia,Dobre warunki atmosferyczne,Światło dzienne,Najechanie na pieszego,1,0,1,Lekko,N,,,,,,,,,,
EWK-108121792Y,2019,2019-08-25,18,POWIAT MAKOWSKI,CZERWONKA - OBSZAR WIEJSKI,Droga gminna,GMINNA,Jednojezdniowa dwukierunkowa,Odcinek prosty,Obszar niezabudowany,21.2053611111111,52.91025,Jezdnia,Dobre warunki atmosferyczne,Światło dzienne,Najechanie na pieszego,1,0,1,Ciężko,N,,,,,,,,,,
EWK-108121792Y,2019,2019-08-25,18,POWIAT MAKOWSKI,CZERWONKA - OBSZAR WIEJSKI,Droga gminna,GMINNA,Jednojezdniowa dwukierunkowa,Odcinek prosty,Obszar niezabudowany,21.2053611111111,52.91025,Jezdnia,Dobre warunki atmosferyczne,Światło dzienne,Najechanie na pieszego,1,0,0,Nieokreślone (puste pole),N,,,,,,,,,,
EWK-108126143C,2019,2019-08-29,14,POWIAT OSTROWSKI,BROK - OBSZAR WIEJSKI,Droga powiatowa,2639L,Jednojezdniowa dwukierunkowa,Odcinek prosty,Obszar zabudowany,21.8111944444444,52.7255277777778,Jezdnia,Dobre warunki atmosferyczne,Światło dzienne,Najechanie na pieszego,1,1,0,Nieokreślone (puste pole),N,,,,,,,,,,
EWK-108138728X,2019,2019-09-05,14,POWIAT SOCHACZEWSKI,SOCHACZEW - OBSZAR MIEJSKI,Droga wojewódzka,705,Jednojezdniowa dwukierunkowa,Odcinek prosty,Obszar zabudowany,20.2721388888889,52.2588333333333,Jezdnia,Dobre warunki atmosferyczne,Światło dzienne,Najechanie na pieszego,1,0,1,Lekko,N,,,,,,,,,,
EWK-108138728X,2019,2019-09-05,14,POWIAT SOCHACZEWSKI,SOCHACZEW - OBSZAR MIEJSKI,Droga wojewódzka,705,Jednojezdniowa dwukierunkowa,Odcinek prosty,Obszar zabudowany,20.2721388888889,52.2588333333333,Jezdnia,Dobre warunki atmosferyczne,Światło dzienne,Najechanie na pieszego,1,0,0,Nieokreślone (puste pole),N,,,,,,,,,,
EWK-108158938Y,2019,2019-09-15,12,POWIAT GRÓJECKI,CHYNÓW - OBSZAR WIEJSKI,Droga krajowa,50,Jednojezdniowa dwukierunkowa,Odcinek prosty,Obszar niezabudowany,20.9826111111111,51.8925277777778,Jezdnia,Dobre warunki atmosferyczne,Światło dzienne,Najechanie na pieszego,1,0,1,Lekko,N,,,,,,,,,,
EWK-108158938Y,2019,2019-09-15,12,POWIAT GRÓJECKI,CHYNÓW - OBSZAR WIEJSKI,Droga krajowa,50,Jednojezdniowa dwukierunkowa,Odcinek prosty,Obszar niezabudowany,20.9826111111111,51.8925277777778,Jezdnia,Dobre warunki atmosferyczne,Światło dzienne,Najechanie na pieszego,1,0,0,Nieokreślone (puste pole),N,,,,,,,,,,
EWK-108161359W,2019,2019-09-16,9,POWIAT RADOM,RADOM - OBSZAR MIEJSKI,Droga powiatowa,P5304W  ,Jednojezdniowa dwukierunkowa,Odcinek prosty,Obszar zabudowany,21.1640833333333,51.4031388888889,Jezdnia,Dobre warunki atmosferyczne,Światło dzienne,Najechanie na pieszego,1,0,1,Lekko,N,,,,,,,,,,
EWK-108161359W,2019,2019-09-16,9,POWIAT RADOM,RADOM - OBSZAR MIEJSKI,Droga powiatowa,P5304W  ,Jednojezdniowa dwukierunkowa,Odcinek prosty,Obszar zabudowany,21.1640833333333,51.4031388888889,Jezdnia,Dobre warunki atmosferyczne,Światło dzienne,Najechanie na pieszego,1,0,0,Nieokreślone (puste pole),N,,,,,,,,,,
EWK-108167279F,2019,2019-09-18,14,POWIAT SIERPECKI,SIERPC - OBSZAR MIEJSKI,Droga powiatowa,P3770W,Jednojezdniowa dwukierunkowa,Odcinek prosty,Obszar zabudowany,19.6576111111111,52.8474166666667,Jezdnia,Dobre warunki atmosferyczne,Światło dzienne,Najechanie na pieszego,1,0,1,Ciężko,N,,,,,,,,,,
EWK-108167279F,2019,2019-09-18,14,POWIAT SIERPECKI,SIERPC - OBSZAR MIEJSKI,Droga powiatowa,P3770W,Jednojezdniowa dwukierunkowa,Odcinek prosty,Obszar zabudowany,19.6576111111111,52.8474166666667,Jezdnia,Dobre warunki atmosferyczne,Światło dzienne,Najechanie na pieszego,1,0,0,Nieokreślone (puste pole),N,,,,,,,,,,
EWK-108169309E,2019,2019-09-19,17,POWIAT RADOM,RADOM - OBSZAR MIEJSKI,Droga powiatowa,P5329W,Jednojezdniowa dwukierunkowa,,Obszar zabudowany,21.1717222222222,51.4043611111111,Jezdnia,Dobre warunki atmosferyczne,Światło dzienne,Najechanie na pieszego,1,0,1,Ciężko,N,,,,,,,,,,
EWK-108169309E,2019,2019-09-19,17,POWIAT RADOM,RADOM - OBSZAR MIEJSKI,Droga powiatowa,P5329W,Jednojezdniowa dwukierunkowa,,Obszar zabudowany,21.1717222222222,51.4043611111111,Jezdnia,Dobre warunki atmosferyczne,Światło dzienne,Najechanie na pieszego,1,0,0,Nieokreślone (puste pole),N,,,,,,,,,,
EWK-108170694Y,2019,2019-09-20,15,POWIAT SOCHACZEWSKI,SOCHACZEW - OBSZAR MIEJSKI,Droga wojewódzka,705,Jednojezdniowa dwukierunkowa,Odcinek prosty,Obszar zabudowany,20.2733333333333,52.2563333333333,Jezdnia,Dobre warunki atmosferyczne,Światło dzienne,Najechanie na pieszego,1,0,2,Lekko,N,,,,,,,,,,
EWK-108227745D,2019,2019-10-12,13,POWIAT OSTROŁĘKA,OSTROŁĘKA - OBSZAR MIEJSKI,Droga powiatowa,4403W,Jednojezdniowa dwukierunkowa,Odcinek prosty,Obszar zabudowany,21.5730555555556,53.0779444444445,Jezdnia,Dobre warunki atmosferyczne,Światło dzienne,Najechanie na pieszego,1,0,1,Lekko,N,,,,,,,,,,
EWK-108227745D,2019,2019-10-12,13,POWIAT OSTROŁĘKA,OSTROŁĘKA - OBSZAR MIEJSKI,Droga powiatowa,4403W,Jednojezdniowa dwukierunkowa,Odcinek prosty,Obszar zabudowany,21.5730555555556,53.0779444444445,Jezdnia,Dobre warunki atmosferyczne,Światło dzienne,Najechanie na pieszego,1,0,0,Nieokreślone (puste pole),N,,,,,,,,,,
EWK-108231308F,2019,2019-10-14,17,POWIAT MŁAWSKI,STRZEGOWO - OBSZAR WIEJSKI,Droga powiatowa,P2356W,Jednojezdniowa dwukierunkowa,Odcinek prosty,Obszar niezabudowany,20.2351666666667,52.9195,Jezdnia,Dobre warunki atmosferyczne,Światło dzienne,Najechanie na pieszego,1,1,0,Nieokreślone (puste pole),N,,,,,,,,,,
EWK-108231620G,2019,2019-10-15,10,POWIAT SOCHACZEWSKI,TERESIN - OBSZAR WIEJSKI,Droga krajowa,92,Jednojezdniowa dwukierunkowa,,Obszar zabudowany,20.4296388888889,52.2118888888889,Jezdnia,Dobre warunki atmosferyczne,Światło dzienne,Najechanie na pieszego,1,0,1,Ciężko,N,,,,,,,,,,
EWK-108231620G,2019,2019-10-15,10,POWIAT SOCHACZEWSKI,TERESIN - OBSZAR WIEJSKI,Droga krajowa,92,Jednojezdniowa dwukierunkowa,,Obszar zabudowany,20.4296388888889,52.2118888888889,Jezdnia,Dobre warunki atmosferyczne,Światło dzienne,Najechanie na pieszego,1,0,0,Nieokreślone (puste pole),N,,,,,,,,,,
EWK-108262852K,2019,2019-10-28,5,POWIAT PŁOCKI,STARA BIAŁA - OBSZAR WIEJSKI,Droga wojewódzka,540,Jednojezdniowa dwukierunkowa,Odcinek prosty,Obszar zabudowany,19.7373333333333,52.6613333333333,Jezdnia,Dobre warunki atmosferyczne,Światło dzienne,Najechanie na pieszego,1,1,0,Nieokreślone (puste pole),T,,,,,,,,,,
EWK-108277050N,2019,2019-10-31,11,POWIAT RADOM,RADOM - OBSZAR MIEJSKI,Droga powiatowa,P5304W  ,Jednojezdniowa dwukierunkowa,Odcinek prosty,Obszar zabudowany,21.1629166666667,51.408,Jezdnia,Dobre warunki atmosferyczne,Światło dzienne,Najechanie na pieszego,1,0,1,Lekko,N,,,,,,,,,,
EWK-108277050N,2019,2019-10-31,11,POWIAT RADOM,RADOM - OBSZAR MIEJSKI,Droga powiatowa,P5304W  ,Jednojezdniowa dwukierunkowa,Odcinek prosty,Obszar zabudowany,21.1629166666667,51.408,Jezdnia,Dobre warunki atmosferyczne,Światło dzienne,Najechanie na pieszego,1,0,0,Nieokreślone (puste pole),N,,,,,,,,,,
EWK-108441943G,2019,2019-12-11,18,POWIAT PUŁTUSKI,ŚWIERCZE - OBSZAR WIEJSKI,Droga wojewódzka,620,Jednojezdniowa dwukierunkowa,Odcinek prosty,Obszar zabudowany,20.7731944444444,52.67275,Jezdnia,Dobre warunki atmosferyczne,Światło dzienne,Najechanie na pieszego,1,1,0,Nieokreślone (puste pole),N,,,,,,,,,,
EWK-108455467X,2019,2019-12-12,12,POWIAT LIPSKI,LIPSKO - OBSZAR WIEJSKI,Droga wojewódzka,754,Jednojezdniowa dwukierunkowa,Odcinek prosty,Obszar zabudowany,21.7031666666667,51.19175,Jezdnia,Dobre warunki atmosferyczne,Światło dzienne,Najechanie na pieszego,1,0,1,Ciężko,N,,,,,,,,,,
EWK-108455467X,2019,2019-12-12,12,POWIAT LIPSKI,LIPSKO - OBSZAR WIEJSKI,Droga wojewódzka,754,Jednojezdniowa dwukierunkowa,Odcinek prosty,Obszar zabudowany,21.7031666666667,51.19175,Jezdnia,Dobre warunki atmosferyczne,Światło dzienne,Najechanie na pieszego,1,0,0,Nieokreślone (puste pole),N,,,,,,,,,,
EWK-108493122D,2019,2019-12-16,7,POWIAT SIERPECKI,SIERPC - OBSZAR MIEJSKI,Droga gminna,G370817W,Jednojezdniowa dwukierunkowa,,Obszar zabudowany,19.6694444444444,52.8570833333333,Jezdnia,Dobre warunki atmosferyczne,Światło dzienne,Najechanie na pieszego,1,0,1,Ciężko,N,,,,,,,,,,
EWK-108493122D,2019,2019-12-16,7,POWIAT SIERPECKI,SIERPC - OBSZAR MIEJSKI,Droga gminna,G370817W,Jednojezdniowa dwukierunkowa,,Obszar zabudowany,19.6694444444444,52.8570833333333,Jezdnia,Dobre warunki atmosferyczne,Światło dzienne,Najechanie na pieszego,1,0,0,Nieokreślone (puste pole),N,,,,,,,,,,
EWK-108511873F,2019,2019-12-24,11,POWIAT ŻYRARDOWSKI,ŻYRARDÓW - OBSZAR MIEJSKI,Droga gminna,GMINNA,Jednokierunkowa,Odcinek prosty,Obszar zabudowany,20.4470555555556,52.05675,Jezdnia,Dobre warunki atmosferyczne,Światło dzienne,Najechanie na pieszego,1,0,1,Lekko,N,,,,,,,,,,
EWK-108511873F,2019,2019-12-24,11,POWIAT ŻYRARDOWSKI,ŻYRARDÓW - OBSZAR MIEJSKI,Droga gminna,GMINNA,Jednokierunkowa,Odcinek prosty,Obszar zabudowany,20.4470555555556,52.05675,Jezdnia,Dobre warunki atmosferyczne,Światło dzienne,Najechanie na pieszego,1,0,0,Nieokreślone (puste pole),N,,,,,,,,,,
EWK-108527679A,2019,2019-12-31,14,POWIAT PŁOŃSKI,PŁOŃSK - OBSZAR MIEJSKI,Droga gminna,G300837W,Jednojezdniowa dwukierunkowa,Odcinek prosty,Obszar zabudowany,20.3746388888889,52.6260833333333,Jezdnia,Dobre warunki atmosferyczne,Światło dzienne,Najechanie na pieszego,1,0,1,Lekko,N,,,,,,,,,,