IDKSIP,year,date,hour,district,district_commune,road_category,road_number,type_of_road,road_geometry,area,Longitude,Latitude,char_place_of_the_event,weather_conditions,lighting,type_of_accident,num_of_accidents,num_of_fatalities,num_of_injured,type_of_injury,is_offender_intoxicated,,,,,,,,,,
EWK-108527679A,2019,2019-12-31,14,POWIAT PŁOŃSKI,PŁOŃSK - OBSZAR MIEJSKI,Droga gminna,G300837W,Jednojezdniowa dwukierunkowa,Odcinek prosty,Obszar zabudowany,20.3746388888889,52.6260833333333,Jezdnia,Dobre warunki atmosferyczne,Światło dzienne,Najechanie na pieszego,1,0,0,Nieokreślone (puste pole),N,,,,,,,,,,
EWK-107886028N,2019,2019-04-20,10,POWIAT GRÓJECKI,BELSK DUŻY - OBSZAR WIEJSKI,Droga wojewódzka,728,Jednojezdniowa dwukierunkowa,Odcinek prosty,Obszar zabudowany,20.8105555555556,51.8259722222222,"Parking, plac, MOP",Dobre warunki atmosferyczne,Światło dzienne,Najechanie na pieszego,1,0,1,Lekko,N,,,,,,,,,,
EWK-107886028N,2019,2019-04-20,10,POWIAT GRÓJECKI,BELSK DUŻY - OBSZAR WIEJSKI,Droga wojewódzka,728,Jednojezdniowa dwukierunkowa,Odcinek prosty,Obszar zabudowany,20.8105555555556,51.8259722222222,"Parking, plac, MOP",Dobre warunki atmosferyczne,Światło dzienne,Najechanie na pieszego,1,0,0,Nieokreślone (puste pole),N,,,,,,,,,,
EWK-107889245L,2019,2019-04-23,11,POWIAT SIEDLECKI,ZBUCZYN - OBSZAR WIEJSKI,Droga gminna,GMINNA,Jednojezdniowa dwukierunkowa,Odcinek prosty,Obszar zabudowany,22.4426111111111,52.0880555555556,"Parking, plac, MOP",Dobre warunki atmosferyczne,Światło dzienne,Najechanie na pieszego,1,0,1,Lekko,N,,,,,,,,,,
EWK-107889245L,2019,2019-04-23,11,POWIAT SIEDLECKI,ZBUCZYN - OBSZAR WIEJSKI,Droga gminna,GMINNA,Jednojezdniowa dwukierunkowa,Odcinek prosty,Obszar zabudowany,22.4426111111111,52.0880555555556,"Parking, plac, MOP",Dobre warunki atmosferyczne,Światło dzienne,Najechanie na pieszego,1,0,0,Nieokreślone (puste pole),N,,,,,,,,,,
EWK-108201734P,2019,2019-10-03,9,POWIAT GRÓJECKI,GRÓJEC - OBSZAR WIEJSKI,Droga gminna,GMINNA,Jednojezdniowa dwukierunkowa,Odcinek prosty,Obszar zabudowany,20.8735277777778,51.8772777777778,"Parking, plac, MOP",Dobre warunki atmosferyczne,Światło dzienne,Najechanie na pieszego,1,0,1,Ciężko,N,,,,,,,,,,
EWK-108201734P,2019,2019-10-03,9,POWIAT GRÓJECKI,GRÓJEC - OBSZAR WIEJSKI,Droga gminna,GMINNA,Jednojezdniowa dwukierunkowa,Odcinek prosty,Obszar zabudowany,20.8735277777778,51.8772777777778,"Parking, plac, MOP",Dobre warunki atmosferyczne,Światło dzienne,Najechanie na pieszego,1,0,0,Nieokreślone (puste pole),N,,,,,,,,,,
EWK-107871222Y,2019,2019-04-12,17,POWIAT WYSZKOWSKI,BRAŃSZCZYK - OBSZAR WIEJSKI,Droga gminna,G440107W,Jednojezdniowa dwukierunkowa,Odcinek prosty,Obszar zabudowany,21.6225277777778,52.6399166666667,Pobocze,Dobre warunki atmosferyczne,Światło dzienne,Najechanie na pieszego,1,0,1,Ciężko,N,,,,,,,,,,
EWK-107871222Y,2019,2019-04-12,17,POWIAT WYSZKOWSKI,BRAŃSZCZYK - OBSZAR WIEJSKI,Droga gminna,G440107W,Jednojezdniowa dwukierunkowa,Odcinek prosty,Obszar zabudowany,21.6225277777778,52.6399166666667,Pobocze,Dobre warunki atmosferyczne,Światło dzienne,Najechanie na pieszego,1,0,0,Nieokreślone (puste pole),N,,,,,,,,,,
EWK-108136012N,2019,2019-09-04,7,POWIAT RADOM,RADOM - OBSZAR MIEJSKI,Droga gminna,G530239W,Jednojezdniowa dwukierunkowa,Odcinek prosty,Obszar zabudowany,21.0746388888889,51.3772777777778,Pobocze,Dobre warunki atmosferyczne,Światło dzienne,Najechanie na pieszego,1,0,2,Lekko,N,,,,,,,,,,
EWK-108136012N,2019,2019-09-04,7,POWIAT RADOM,RADOM - OBSZAR MIEJSKI,Droga gminna,G530239W,Jednojezdniowa dwukierunkowa,Odcinek prosty,Obszar zabudowany,21.0746388888889,51.3772777777778,Pobocze,Dobre warunki atmosferyczne,Światło dzienne,Najechanie na pieszego,1,0,0,Nieokreślone (puste pole),N,,,,,,,,,,
EWK-107636113U,2019,2019-01-15,14,POWIAT GARWOLIŃSKI,PILAWA - OBSZAR WIEJSKI,Droga krajowa,17,Jednojezdniowa dwukierunkowa,Odcinek prosty,Obszar zabudowany,21.5599722222222,51.9738611111111,Przejście dla pieszych,Dobre warunki atmosferyczne,Światło dzienne,Najechanie na pieszego,1,0,1,Lekko,N,,,,,,,,,,
EWK-107636113U,2019,2019-01-15,14,POWIAT GARWOLIŃSKI,PILAWA - OBSZAR WIEJSKI,Droga krajowa,17,Jednojezdniowa dwukierunkowa,Odcinek prosty,Obszar zabudowany,21.5599722222222,51.9738611111111,Przejście dla pieszych,Dobre warunki atmosferyczne,Światło dzienne,Najechanie na pieszego,1,0,0,Nieokreślone (puste pole),N,,,,,,,,,,
EWK-107654281P,2019,2019-01-20,17,POWIAT GARWOLIŃSKI,GARWOLIN - OBSZAR MIEJSKI,Droga gminna,GMINNA,Jednojezdniowa dwukierunkowa,Odcinek prosty,Obszar zabudowany,21.6391944444444,51.8715277777778,Przejście dla pieszych,Dobre warunki atmosferyczne,Światło dzienne,Najechanie na pieszego,1,1,0,Nieokreślone (puste pole),N,,,,,,,,,,
EWK-107709031C,2019,2019-02-18,8,POWIAT CIECHANOWSKI,CIECHANÓW - OBSZAR MIEJSKI,Droga gminna,G120101W,Dwie jezdnie jednokierunkowe,Odcinek prosty,Obszar zabudowany,20.6293333333333,52.8728888888889,Przejście dla pieszych,Dobre warunki atmosferyczne,Światło dzienne,Najechanie na pieszego,1,0,1,Lekko,N,,,,,,,,,,
EWK-107709031C,2019,2019-02-18,8,POWIAT CIECHANOWSKI,CIECHANÓW - OBSZAR MIEJSKI,Droga gminna,G120101W,Dwie jezdnie jednokierunkowe,Odcinek prosty,Obszar zabudowany,20.6293333333333,52.8728888888889,Przejście dla pieszych,Dobre warunki atmosferyczne,Światło dzienne,Najechanie na pieszego,1,0,0,Nieokreślone (puste pole),N,,,,,,,,,,
EWK-107727234Q,2019,2019-02-27,11,POWIAT RADOM,RADOM - OBSZAR MIEJSKI,Droga krajowa,7,Jednojezdniowa dwukierunkowa,Odcinek prosty,Obszar zabudowany,21.10675,51.3958611111111,Przejście dla pieszych,Dobre warunki atmosferyczne,Światło dzienne,Najechanie na pieszego,1,0,1,Ciężko,N,,,,,,,,,,
EWK-107727234Q,2019,2019-02-27,11,POWIAT RADOM,RADOM - OBSZAR MIEJSKI,Droga krajowa,7,Jednojezdniowa dwukierunkowa,Odcinek prosty,Obszar zabudowany,21.10675,51.3958611111111,Przejście dla pieszych,Dobre warunki atmosferyczne,Światło dzienne,Najechanie na pieszego,1,0,0,Nieokreślone (puste pole),N,,,,,,,,,,
EWK-107737198G,2019,2019-03-04,9,POWIAT PŁOCK,PŁOCK - OBSZAR MIEJSKI,Droga powiatowa,5207W,Jednokierunkowa,Odcinek prosty,Obszar zabudowany,19.688,52.5453055555556,Przejście dla pieszych,Dobre warunki atmosferyczne,Światło dzienne,Najechanie na pieszego,1,0,1,Lekko,N,,,,,,,,,,
EWK-107737198G,2019,2019-03-04,9,POWIAT PŁOCK,PŁOCK - OBSZAR MIEJSKI,Droga powiatowa,5207W,Jednokierunkowa,Odcinek prosty,Obszar zabudowany,19.688,52.5453055555556,Przejście dla pieszych,Dobre warunki atmosferyczne,Światło dzienne,Najechanie na pieszego,1,0,0,Nieokreślone (puste pole),N,,,,,,,,,,
EWK-107751425H,2019,2019-03-11,16,POWIAT SIEDLECKI,SIEDLCE - OBSZAR WIEJSKI,Droga krajowa,2,Jednojezdniowa dwukierunkowa,Odcinek prosty,Obszar zabudowany,22.1946944444444,52.1756388888889,Przejście dla pieszych,Dobre warunki atmosferyczne,Światło dzienne,Najechanie na pieszego,1,0,1,Lekko,N,,,,,,,,,,
EWK-107751425H,2019,2019-03-11,16,POWIAT SIEDLECKI,SIEDLCE - OBSZAR WIEJSKI,Droga krajowa,2,Jednojezdniowa dwukierunkowa,Odcinek prosty,Obszar zabudowany,22.1946944444444,52.1756388888889,Przejście dla pieszych,Dobre warunki atmosferyczne,Światło dzienne,Najechanie na pieszego,1,0,0,Nieokreślone (puste pole),N,,,,,,,,,,
EWK-107766921K,2019,2019-03-18,8,POWIAT RADOMSKI,JEDLIŃSK - OBSZAR WIEJSKI,Droga krajowa,7,Dwie jezdnie jednokierunkowe,,Obszar niezabudowany,21.1194166666667,51.5216111111111,Przejście dla pieszych,Dobre warunki atmosferyczne,Światło dzienne,Najechanie na pieszego,1,0,1,Ciężko,N,,,,,,,,,,
EWK-107766921K,2019,2019-03-18,8,POWIAT RADOMSKI,JEDLIŃSK - OBSZAR WIEJSKI,Droga krajowa,7,Dwie jezdnie jednokierunkowe,,Obszar niezabudowany,21.1194166666667,51.5216111111111,Przejście dla pieszych,Dobre warunki atmosferyczne,Światło dzienne,Najechanie na pieszego,1,0,0,Nieokreślone (puste pole),N,,,,,,,,,,
EWK-107768973G,2019,2019-03-19,13,POWIAT SIEDLCE,SIEDLCE - OBSZAR MIEJSKI,Droga gminna,GMINNA,Jednojezdniowa dwukierunkowa,,Obszar zabudowany,22.27525,52.1696944444444,Przejście dla pieszych,Dobre warunki atmosferyczne,Światło dzienne,Najechanie na pieszego,1,0,1,Lekko,N,,,,,,,,,,
EWK-107768973G,2019,2019-03-19,13,POWIAT SIEDLCE,SIEDLCE - OBSZAR MIEJSKI,Droga gminna,GMINNA,Jednojezdniowa dwukierunkowa,,Obszar zabudowany,22.27525,52.1696944444444,Przejście dla pieszych,Dobre warunki atmosferyczne,Światło dzienne,Najechanie na pieszego,1,0,0,Nieokreślone (puste pole),N,,,,,,,,,,
EWK-107788972M,2019,2019-03-27,8,POWIAT LIPSKI,LIPSKO - OBSZAR MIEJSKI,Droga krajowa,79,Jednojezdniowa dwukierunkowa,Odcinek prosty,Obszar zabudowany,21.6497777777778,51.1582777777778,Przejście dla pieszych,Dobre warunki atmosferyczne,Światło dzienne,Najechanie na pieszego,1,0,1,Lekko,N,,,,,,,,,,
EWK-107788972M,2019,2019-03-27,8,POWIAT LIPSKI,LIPSKO - OBSZAR MIEJSKI,Droga krajowa,79,Jednojezdniowa dwukierunkowa,Odcinek prosty,Obszar zabudowany,21.6497777777778,51.1582777777778,Przejście dla pieszych,Dobre warunki atmosferyczne,Światło dzienne,Najechanie na pieszego,1,0,0,Nieokreślone (puste pole),N,,,,,,,,,,
EWK-107792298Q,2019,2019-03-28,14,POWIAT ŻYRARDOWSKI,ŻYRARDÓW - OBSZAR MIEJSKI,Droga gminna,GMINNA,Jednojezdniowa dwukierunkowa,,Obszar zabudowany,20.4454722222222,52.0555277777778,Przejście dla pieszych,Dobre warunki atmosferyczne,Światło dzienne,Najechanie na pieszego,1,0,1,Lekko,N,,,,,,,,,,
EWK-107792298Q,2019,2019-03-28,14,POWIAT ŻYRARDOWSKI,ŻYRARDÓW - OBSZAR MIEJSKI,Droga gminna,GMINNA,Jednojezdniowa dwukierunkowa,,Obszar zabudowany,20.4454722222222,52.0555277777778,Przejście dla pieszych,Dobre warunki atmosferyczne,Światło dzienne,Najechanie na pieszego,1,0,0,Nieokreślone (puste pole),N,,,,,,,,,,
EWK-107810156P,2019,2019-04-02,9,POWIAT MAKOWSKI,MAKÓW MAZOWIECKI - OBSZAR MIEJSKI,Droga gminna,G210408W,Jednojezdniowa dwukierunkowa,Odcinek prosty,Obszar zabudowany,21.0951944444444,52.8627222222222,Przejście dla pieszych,Dobre warunki atmosferyczne,Światło dzienne,Najechanie na pieszego,1,1,0,Nieokreślone (puste pole),N,,,,,,,,,,
EWK-107838184F,2019,2019-04-08,8,POWIAT GRÓJECKI,MOGIELNICA - OBSZAR MIEJSKI,Droga wojewódzka,728,Jednojezdniowa dwukierunkowa,,Obszar zabudowany,20.7235277777778,51.6940277777778,Przejście dla pieszych,Dobre warunki atmosferyczne,Światło dzienne,Najechanie na pieszego,1,0,1,Ciężko,N,,,,,,,,,,
EWK-107838184F,2019,2019-04-08,8,POWIAT GRÓJECKI,MOGIELNICA - OBSZAR MIEJSKI,Droga wojewódzka,728,Jednojezdniowa dwukierunkowa,,Obszar zabudowany,20.7235277777778,51.6940277777778,Przejście dla pieszych,Dobre warunki atmosferyczne,Światło dzienne,Najechanie na pieszego,1,0,0,Nieokreślone (puste pole),N,,,,,,,,,,
EWK-107879025E,2019,2019-04-17,13,POWIAT SIEDLCE,SIEDLCE - OBSZAR MIEJSKI,Droga powiatowa,P,Jednojezdniowa dwukierunkowa,Odcinek prosty,Obszar zabudowany,22.2271111111111,52.17075,Przejście dla pieszych,Dobre warunki atmosferyczne,Światło dzienne,Najechanie na pieszego,1,0,1,Ciężko,N,,,,,,,,,,
EWK-107879025E,2019,2019-04-17,13,POWIAT SIEDLCE,SIEDLCE - OBSZAR MIEJSKI,Droga powiatowa,P,Jednojezdniowa dwukierunkowa,Odcinek prosty,Obszar zabudowany,22.2271111111111,52.17075,Przejście dla pieszych,Dobre warunki atmosferyczne,Światło dzienne,Najechanie na pieszego,1,0,1,Lekko,N,,,,,,,,,,
EWK-107880863H,2019,2019-04-17,6,POWIAT PŁOCK,PŁOCK - OBSZAR MIEJSKI,Droga krajowa,62,Dwie jezdnie jednokierunkowe,,Obszar zabudowany,19.6971111111111,52.5486388888889,Przejście dla pieszych,Dobre warunki atmosferyczne,Światło dzienne,Najechanie na pieszego,1,0,1,Lekko,N,,,,,,,,,,
EWK-107880863H,2019,2019-04-17,6,POWIAT PŁOCK,PŁOCK - OBSZAR MIEJSKI,Droga krajowa,62,Dwie jezdnie jednokierunkowe,,Obszar zabudowany,19.6971111111111,52.5486388888889,Przejście dla pieszych,Dobre warunki atmosferyczne,Światło dzienne,Najechanie na pieszego,1,0,0,Nieokreślone (puste pole),N,,,,,,,,,,
EWK-107885342A,2019,2019-04-20,11,POWIAT RADOM,RADOM - OBSZAR MIEJSKI,Droga powiatowa,P5346W,Jednojezdniowa dwukierunkowa,,Obszar niezabudowany,21.1633333333333,51.4528611111111,Przejście dla pieszych,Dobre warunki atmosferyczne,Światło dzienne,Najechanie na pieszego,1,0,1,Ciężko,N,,,,,,,,,,
EWK-107885342A,2019,2019-04-20,11,POWIAT RADOM,RADOM - OBSZAR MIEJSKI,Droga powiatowa,P5346W,Jednojezdniowa dwukierunkowa,,Obszar niezabudowany,21.1633333333333,51.4528611111111,Przejście dla pieszych,Dobre warunki atmosferyczne,Światło dzienne,Najechanie na pieszego,1,0,0,Nieokreślone (puste pole),N,,,,,,,,,,
EWK-107890183D,2019,2019-04-15,17,POWIAT SIEDLCE,SIEDLCE - OBSZAR MIEJSKI,Droga wojewódzka,803,Jednojezdniowa dwukierunkowa,Odcinek prosty,Obszar zabudowany,22.2434444444444,52.1762222222222,Przejście dla pieszych,Dobre warunki atmosferyczne,Światło dzienne,Najechanie na pieszego,1,0,1,Lekko,N,,,,,,,,,,
EWK-107890183D,2019,2019-04-15,17,POWIAT SIEDLCE,SIEDLCE - OBSZAR MIEJSKI,Droga wojewódzka,803,Jednojezdniowa dwukierunkowa,Odcinek prosty,Obszar zabudowany,22.2434444444444,52.1762222222222,Przejście dla pieszych,Dobre warunki atmosferyczne,Światło dzienne,Najechanie na pieszego,1,0,0,Nieokreślone (puste pole),N,,,,,,,,,,
EWK-107894216Q,2019,2019-04-26,10,POWIAT GRÓJECKI,WARKA - OBSZAR MIEJSKI,Droga wojewódzka,731,Jednojezdniowa dwukierunkowa,,Obszar zabudowany,21.1864444444444,51.7879444444444,Przejście dla pieszych,Dobre warunki atmosferyczne,Światło dzienne,Najechanie na pieszego,1,0,1,Lekko,N,,,,,,,,,,
EWK-107894216Q,2019,2019-04-26,10,POWIAT GRÓJECKI,WARKA - OBSZAR MIEJSKI,Droga wojewódzka,731,Jednojezdniowa dwukierunkowa,,Obszar zabudowany,21.1864444444444,51.7879444444444,Przejście dla pieszych,Dobre warunki atmosferyczne,Światło dzienne,Najechanie na pieszego,1,0,0,Nieokreślone (puste pole),N,,,,,,,,,,
EWK-107903056L,2019,2019-04-30,12,POWIAT RADOM,RADOM - OBSZAR MIEJSKI,Droga gminna,G530154W,Jednojezdniowa dwukierunkowa,,Obszar zabudowany,21.1364166666667,51.3649444444445,Przejście dla pieszych,Dobre warunki atmosferyczne,Światło dzienne,Najechanie na pieszego,1,0,1,Ciężko,N,,,,,,,,,,
EWK-107903056L,2019,2019-04-30,12,POWIAT RADOM,RADOM - OBSZAR MIEJSKI,Droga gminna,G530154W,Jednojezdniowa dwukierunkowa,,Obszar zabudowany,21.1364166666667,51.3649444444445,Przejście dla pieszych,Dobre warunki atmosferyczne,Światło dzienne,Najechanie na pieszego,1,0,0,Nieokreślone (puste pole),N,,,,,,,,,,
EWK-107907210U,2019,2019-05-03,17,POWIAT RADOM,RADOM - OBSZAR MIEJSKI,Droga powiatowa,P5339W,Jednojezdniowa dwukierunkowa,Odcinek prosty,Obszar zabudowany,21.1464166666667,51.41975,Przejście dla pieszych,Dobre warunki atmosferyczne,Światło dzienne,Najechanie na pieszego,1,0,2,Lekko,N,,,,,,,,,,
EWK-107907210U,2019,2019-05-03,17,POWIAT RADOM,RADOM - OBSZAR MIEJSKI,Droga powiatowa,P5339W,Jednojezdniowa dwukierunkowa,Odcinek prosty,Obszar zabudowany,21.1464166666667,51.41975,Przejście dla pieszych,Dobre warunki atmosferyczne,Światło dzienne,Najechanie na pieszego,1,0,0,Nieokreślone (puste pole),N,,,,,,,,,,
EWK-107914632G,2019,2019-05-08,13,POWIAT RADOM,RADOM - OBSZAR MIEJSKI,Droga powiatowa,P5305W,Jednojezdniowa dwukierunkowa,Odcinek prosty,Obszar zabudowany,21.1759166666667,51.4126944444444,Przejście dla pieszych,Dobre warunki atmosferyczne,Światło dzienne,Najechanie na pieszego,1,0,1,Lekko,N,,,,,,,,,,
EWK-107914632G,2019,2019-05-08,13,POWIAT RADOM,RADOM - OBSZAR MIEJSKI,Droga powiatowa,P5305W,Jednojezdniowa dwukierunkowa,Odcinek prosty,Obszar zabudowany,21.1759166666667,51.4126944444444,Przejście dla pieszych,Dobre warunki atmosferyczne,Światło dzienne,Najechanie na pieszego,1,0,0,Nieokreślone (puste pole),N,,,,,,,,,,
EWK-107918335R,2019,2019-05-10,12,POWIAT GRÓJECKI,GRÓJEC - OBSZAR MIEJSKI,Droga powiatowa,P1656W,Jednojezdniowa dwukierunkowa,Odcinek prosty,Obszar zabudowany,20.8762222222222,51.8656111111111,Przejście dla pieszych,Dobre warunki atmosferyczne,Światło dzienne,Najechanie na pieszego,1,0,1,Ciężko,N,,,,,,,,,,
EWK-107918335R,2019,2019-05-10,12,POWIAT GRÓJECKI,GRÓJEC - OBSZAR MIEJSKI,Droga powiatowa,P1656W,Jednojezdniowa dwukierunkowa,Odcinek prosty,Obszar zabudowany,20.8762222222222,51.8656111111111,Przejście dla pieszych,Dobre warunki atmosferyczne,Światło dzienne,Najechanie na pieszego,1,0,0,Nieokreślone (puste pole),N,,,,,,,,,,
EWK-107920992U,2019,2019-05-11,18,POWIAT SOKOŁOWSKI,SOKOŁÓW PODLASKI - OBSZAR MIEJSKI,Droga powiatowa,P3948W,Jednojezdniowa dwukierunkowa,Odcinek prosty,Obszar zabudowany,22.2278333333333,52.4074722222222,Przejście dla pieszych,Dobre warunki atmosferyczne,Światło dzienne,Najechanie na pieszego,1,0,1,Lekko,N,,,,,,,,,,
EWK-107920992U,2019,2019-05-11,18,POWIAT SOKOŁOWSKI,SOKOŁÓW PODLASKI - OBSZAR MIEJSKI,Droga powiatowa,P3948W,Jednojezdniowa dwukierunkowa,Odcinek prosty,Obszar zabudowany,22.2278333333333,52.4074722222222,Przejście dla pieszych,Dobre warunki atmosferyczne,Światło dzienne,Najechanie na pieszego,1,0,0,Nieokreślone (puste pole),N,,,,,,,,,,
EWK-107935661R,2019,2019-05-20,7,POWIAT OSTROŁĘKA,OSTROŁĘKA - OBSZAR MIEJSKI,Droga powiatowa,P5112W,Jednojezdniowa dwukierunkowa,,Obszar zabudowany,21.5828888888889,53.1012222222222,Przejście dla pieszych,Dobre warunki atmosferyczne,Światło dzienne,Najechanie na pieszego,1,0,1,Ciężko,N,,,,,,,,,,
EWK-107935661R,2019,2019-05-20,7,POWIAT OSTROŁĘKA,OSTROŁĘKA - OBSZAR MIEJSKI,Droga powiatowa,P5112W,Jednojezdniowa dwukierunkowa,,Obszar zabudowany,21.5828888888889,53.1012222222222,Przejście dla pieszych,Dobre warunki atmosferyczne,Światło dzienne,Najechanie na pieszego,1,0,0,Nieokreślone (puste pole),N,,,,,,,,,,
EWK-107942950D,2019,2019-05-24,7,POWIAT GRÓJECKI,GRÓJEC - OBSZAR MIEJSKI,Droga gminna,G160528S,Jednokierunkowa,,Obszar zabudowany,20.8648055555556,51.8669722222222,Przejście dla pieszych,Dobre warunki atmosferyczne,Światło dzienne,Najechanie na pieszego,1,0,1,Lekko,N,,,,,,,,,,
EWK-107942950D,2019,2019-05-24,7,POWIAT GRÓJECKI,GRÓJEC - OBSZAR MIEJSKI,Droga gminna,G160528S,Jednokierunkowa,,Obszar zabudowany,20.8648055555556,51.8669722222222,Przejście dla pieszych,Dobre warunki atmosferyczne,Światło dzienne,Najechanie na pieszego,1,0,0,Nieokreślone (puste pole),N,,,,,,,,,,
EWK-107947457U,2019,2019-05-27,7,POWIAT RADOM,RADOM - OBSZAR MIEJSKI,Droga powiatowa,P3539W,Dwie jezdnie jednokierunkowe,,Obszar zabudowany,21.1538333333333,51.3792777777778,Przejście dla pieszych,Dobre warunki atmosferyczne,Światło dzienne,Najechanie na pieszego,1,0,1,Ciężko,N,,,,,,,,,,
EWK-107947457U,2019,2019-05-27,7,POWIAT RADOM,RADOM - OBSZAR MIEJSKI,Droga powiatowa,P3539W,Dwie jezdnie jednokierunkowe,,Obszar zabudowany,21.1538333333333,51.3792777777778,Przejście dla pieszych,Dobre warunki atmosferyczne,Światło dzienne,Najechanie na pieszego,1,0,0,Nieokreślone (puste pole),N,,,,,,,,,,
EWK-107958028T,2019,2019-05-30,20,POWIAT RADOM,RADOM - OBSZAR MIEJSKI,Droga powiatowa,P5309W,Dwie jezdnie jednokierunkowe,Odcinek prosty,Obszar zabudowany,21.1796111111111,51.3826111111111,Przejście dla pieszych,Dobre warunki atmosferyczne,Światło dzienne,Najechanie na pieszego,1,0,1,Lekko,N,,,,,,,,,,
EWK-107958028T,2019,2019-05-30,20,POWIAT RADOM,RADOM - OBSZAR MIEJSKI,Droga powiatowa,P5309W,Dwie jezdnie jednokierunkowe,Odcinek prosty,Obszar zabudowany,21.1796111111111,51.3826111111111,Przejście dla pieszych,Dobre warunki atmosferyczne,Światło dzienne,Najechanie na pieszego,1,0,0,Nieokreślone (puste pole),N,,,,,,,,,,
EWK-107975657G,2019,2019-06-09,14,POWIAT SIERPECKI,SIERPC - OBSZAR MIEJSKI,Droga wojewódzka,541,Jednojezdniowa dwukierunkowa,Odcinek prosty,Obszar zabudowany,19.6712777777778,52.8531666666667,Przejście dla pieszych,Dobre warunki atmosferyczne,Światło dzienne,Najechanie na pieszego,1,0,1,Ciężko,N,,,,,,,,,,
EWK-107975657G,2019,2019-06-09,14,POWIAT SIERPECKI,SIERPC - OBSZAR MIEJSKI,Droga wojewódzka,541,Jednojezdniowa dwukierunkowa,Odcinek prosty,Obszar zabudowany,19.6712777777778,52.8531666666667,Przejście dla pieszych,Dobre warunki atmosferyczne,Światło dzienne,Najechanie na pieszego,1,0,0,Nieokreślone (puste pole),N,,,,,,,,,,
EWK-107979767M,2019,2019-06-03,15,POWIAT RADOM,RADOM - OBSZAR MIEJSKI,Droga powiatowa,P5339W,Jednojezdniowa dwukierunkowa,Odcinek prosty,Obszar zabudowany,21.1459166666667,51.4163333333333,Przejście dla pieszych,Dobre warunki atmosferyczne,Światło dzienne,Najechanie na pieszego,1,0,1,Lekko,N,,,,,,,,,,
EWK-107979767M,2019,2019-06-03,15,POWIAT RADOM,RADOM - OBSZAR MIEJSKI,Droga powiatowa,P5339W,Jednojezdniowa dwukierunkowa,Odcinek prosty,Obszar zabudowany,21.1459166666667,51.4163333333333,Przejście dla pieszych,Dobre warunki atmosferyczne,Światło dzienne,Najechanie na pieszego,1,0,0,Nieokreślone (puste pole),N,,,,,,,,,,
EWK-107982282D,2019,2019-06-10,11,POWIAT RADOM,RADOM - OBSZAR MIEJSKI,Droga powiatowa,P5347W,Jednojezdniowa dwukierunkowa,Odcinek prosty,Obszar zabudowany,21.1316944444444,51.4054444444444,Przejście dla pieszych,Dobre warunki atmosferyczne,Światło dzienne,Najechanie na pieszego,1,0,1,Ciężko,N,,,,,,,,,,
EWK-107982282D,2019,2019-06-10,11,POWIAT RADOM,RADOM - OBSZAR MIEJSKI,Droga powiatowa,P5347W,Jednojezdniowa dwukierunkowa,Odcinek prosty,Obszar zabudowany,21.1316944444444,51.4054444444444,Przejście dla pieszych,Dobre warunki atmosferyczne,Światło dzienne,Najechanie na pieszego,1,0,0,Nieokreślone (puste pole),N,,,,,,,,,,
EWK-108000579K,2019,2019-06-21,14,POWIAT KOZIENICKI,KOZIENICE - OBSZAR MIEJSKI,Droga krajowa,79,Jednojezdniowa dwukierunkowa,Odcinek prosty,Obszar zabudowany,21.5496666666667,51.5865277777778,Przejście dla pieszych,Dobre warunki atmosferyczne,Światło dzienne,Najechanie na pieszego,1,0,1,Ciężko,N,,,,,,,,,,
EWK-108000579K,2019,2019-06-21,14,POWIAT KOZIENICKI,KOZIENICE - OBSZAR MIEJSKI,Droga krajowa,79,Jednojezdniowa dwukierunkowa,Odcinek prosty,Obszar zabudowany,21.5496666666667,51.5865277777778,Przejście dla pieszych,Dobre warunki atmosferyczne,Światło dzienne,Najechanie na pieszego,1,0,0,Nieokreślone (puste pole),N,,,,,,,,,,
EWK-108008853N,2019,2019-06-26,13,POWIAT PŁOŃSKI,PŁOŃSK - OBSZAR MIEJSKI,Droga gminna,G301465W,Jednojezdniowa dwukierunkowa,Odcinek prosty,Obszar zabudowany,20.3796666666667,52.6321944444444,Przejście dla pieszych,Dobre warunki atmosferyczne,Światło dzienne,Najechanie na pieszego,1,0,1,Lekko,N,,,,,,,,,,
EWK-108008853N,2019,2019-06-26,13,POWIAT PŁOŃSKI,PŁOŃSK - OBSZAR MIEJSKI,Droga gminna,G301465W,Jednojezdniowa dwukierunkowa,Odcinek prosty,Obszar zabudowany,20.3796666666667,52.6321944444444,Przejście dla pieszych,Dobre warunki atmosferyczne,Światło dzienne,Najechanie na pieszego,1,0,0,Nieokreślone (puste pole),N,,,,,,,,,,