IDKSIP,year,date,hour,district,district_commune,road_category,road_number,type_of_road,road_geometry,area,Longitude,Latitude,char_place_of_the_event,weather_conditions,lighting,type_of_accident,num_of_accidents,num_of_fatalities,num_of_injured,type_of_injury,is_offender_intoxicated,,,,,,,,,,
EWK-108019698R,2019,2019-07-02,10,POWIAT WYSZKOWSKI,WYSZKÓW - OBSZAR MIEJSKI,Droga gminna,G440561W,Jednojezdniowa dwukierunkowa,Odcinek prosty,Obszar zabudowany,21.4488888888889,52.59975,Przejście dla pieszych,Dobre warunki atmosferyczne,Światło dzienne,Najechanie na pieszego,1,0,1,Ciężko,N,,,,,,,,,,
EWK-108019698R,2019,2019-07-02,10,POWIAT WYSZKOWSKI,WYSZKÓW - OBSZAR MIEJSKI,Droga gminna,G440561W,Jednojezdniowa dwukierunkowa,Odcinek prosty,Obszar zabudowany,21.4488888888889,52.59975,Przejście dla pieszych,Dobre warunki atmosferyczne,Światło dzienne,Najechanie na pieszego,1,0,0,Nieokreślone (puste pole),N,,,,,,,,,,
EWK-108035686P,2019,2019-07-11,11,POWIAT RADOM,RADOM - OBSZAR MIEJSKI,Droga powiatowa,P5309W,Jednojezdniowa dwukierunkowa,Odcinek prosty,Obszar zabudowany,21.1701388888889,51.3910555555556,Przejście dla pieszych,Dobre warunki atmosferyczne,Światło dzienne,Najechanie na pieszego,1,1,0,Nieokreślone (puste pole),N,,,,,,,,,,
EWK-108042734D,2019,2019-07-16,9,POWIAT RADOM,RADOM - OBSZAR MIEJSKI,Droga krajowa,12,Dwie jezdnie jednokierunkowe,,Obszar zabudowany,21.1768888888889,51.3810833333333,Przejście dla pieszych,Dobre warunki atmosferyczne,Światło dzienne,Najechanie na pieszego,1,0,1,Lekko,N,,,,,,,,,,
EWK-108042734D,2019,2019-07-16,9,POWIAT RADOM,RADOM - OBSZAR MIEJSKI,Droga krajowa,12,Dwie jezdnie jednokierunkowe,,Obszar zabudowany,21.1768888888889,51.3810833333333,Przejście dla pieszych,Dobre warunki atmosferyczne,Światło dzienne,Najechanie na pieszego,1,0,0,Nieokreślone (puste pole),N,,,,,,,,,,
EWK-108046600P,2019,2019-07-17,17,POWIAT RADOM,RADOM - OBSZAR MIEJSKI,Droga powiatowa,P5305W,Jednojezdniowa dwukierunkowa,Odcinek prosty,Obszar zabudowany,21.1800833333333,51.4105555555556,Przejście dla pieszych,Dobre warunki atmosferyczne,Światło dzienne,Najechanie na pieszego,1,0,1,Ciężko,N,,,,,,,,,,
EWK-108046600P,2019,2019-07-17,17,POWIAT RADOM,RADOM - OBSZAR MIEJSKI,Droga powiatowa,P5305W,Jednojezdniowa dwukierunkowa,Odcinek prosty,Obszar zabudowany,21.1800833333333,51.4105555555556,Przejście dla pieszych,Dobre warunki atmosferyczne,Światło dzienne,Najechanie na pieszego,1,0,0,Nieokreślone (puste pole),N,,,,,,,,,,
EWK-108055824C,2019,2019-07-23,14,POWIAT RADOMSKI,KOWALA - OBSZAR WIEJSKI,Droga wojewódzka,744,Jednojezdniowa dwukierunkowa,,Obszar zabudowany,21.1287222222222,51.3756111111111,Przejście dla pieszych,Dobre warunki atmosferyczne,Światło dzienne,Najechanie na pieszego,1,0,1,Ciężko,N,,,,,,,,,,
EWK-108055824C,2019,2019-07-23,14,POWIAT RADOMSKI,KOWALA - OBSZAR WIEJSKI,Droga wojewódzka,744,Jednojezdniowa dwukierunkowa,,Obszar zabudowany,21.1287222222222,51.3756111111111,Przejście dla pieszych,Dobre warunki atmosferyczne,Światło dzienne,Najechanie na pieszego,1,0,0,Nieokreślone (puste pole),N,,,,,,,,,,
EWK-108057200T,2019,2019-07-17,8,POWIAT SIEDLECKI,SIEDLCE - OBSZAR WIEJSKI,Droga krajowa,2,Jednojezdniowa dwukierunkowa,,Obszar niezabudowany,22.3373888888889,52.1287222222222,Przejście dla pieszych,Dobre warunki atmosferyczne,Światło dzienne,Najechanie na pieszego,1,0,1,Lekko,N,,,,,,,,,,
EWK-108057200T,2019,2019-07-17,8,POWIAT SIEDLECKI,SIEDLCE - OBSZAR WIEJSKI,Droga krajowa,2,Jednojezdniowa dwukierunkowa,,Obszar niezabudowany,22.3373888888889,52.1287222222222,Przejście dla pieszych,Dobre warunki atmosferyczne,Światło dzienne,Najechanie na pieszego,1,0,0,Nieokreślone (puste pole),N,,,,,,,,,,
EWK-108058369C,2019,2019-07-24,9,POWIAT RADOM,RADOM - OBSZAR MIEJSKI,Droga krajowa,7,Dwie jezdnie jednokierunkowe,,Obszar zabudowany,21.1198055555556,51.4030833333333,Przejście dla pieszych,Dobre warunki atmosferyczne,Światło dzienne,Najechanie na pieszego,1,0,1,Ciężko,N,,,,,,,,,,
EWK-108058369C,2019,2019-07-24,9,POWIAT RADOM,RADOM - OBSZAR MIEJSKI,Droga krajowa,7,Dwie jezdnie jednokierunkowe,,Obszar zabudowany,21.1198055555556,51.4030833333333,Przejście dla pieszych,Dobre warunki atmosferyczne,Światło dzienne,Najechanie na pieszego,1,0,0,Nieokreślone (puste pole),N,,,,,,,,,,
EWK-108077789H,2019,2019-08-05,11,POWIAT RADOM,RADOM - OBSZAR MIEJSKI,Droga powiatowa,P5301W,Dwie jezdnie jednokierunkowe,Odcinek prosty,Obszar zabudowany,21.16575,51.4316944444444,Przejście dla pieszych,Dobre warunki atmosferyczne,Światło dzienne,Najechanie na pieszego,1,0,1,Ciężko,N,,,,,,,,,,
EWK-108077789H,2019,2019-08-05,11,POWIAT RADOM,RADOM - OBSZAR MIEJSKI,Droga powiatowa,P5301W,Dwie jezdnie jednokierunkowe,Odcinek prosty,Obszar zabudowany,21.16575,51.4316944444444,Przejście dla pieszych,Dobre warunki atmosferyczne,Światło dzienne,Najechanie na pieszego,1,0,0,Nieokreślone (puste pole),N,,,,,,,,,,
EWK-108079700J,2019,2019-08-05,16,POWIAT WYSZKOWSKI,WYSZKÓW - OBSZAR MIEJSKI,Droga gminna,G440525W,Jednojezdniowa dwukierunkowa,Odcinek prosty,Obszar zabudowany,21.4552222222222,52.6027777777778,Przejście dla pieszych,Dobre warunki atmosferyczne,Światło dzienne,Najechanie na pieszego,1,0,1,Ciężko,N,,,,,,,,,,
EWK-108079700J,2019,2019-08-05,16,POWIAT WYSZKOWSKI,WYSZKÓW - OBSZAR MIEJSKI,Droga gminna,G440525W,Jednojezdniowa dwukierunkowa,Odcinek prosty,Obszar zabudowany,21.4552222222222,52.6027777777778,Przejście dla pieszych,Dobre warunki atmosferyczne,Światło dzienne,Najechanie na pieszego,1,0,0,Nieokreślone (puste pole),N,,,,,,,,,,
EWK-108085455E,2019,2019-08-08,16,POWIAT GRÓJECKI,GRÓJEC - OBSZAR MIEJSKI,Droga powiatowa,P1647W,Jednojezdniowa dwukierunkowa,Odcinek prosty,Obszar zabudowany,20.865,51.87175,Przejście dla pieszych,Dobre warunki atmosferyczne,Światło dzienne,Najechanie na pieszego,1,1,0,Nieokreślone (puste pole),N,,,,,,,,,,
EWK-108094977G,2019,2019-08-12,14,POWIAT MAKOWSKI,MAKÓW MAZOWIECKI - OBSZAR MIEJSKI,Droga krajowa,57,Jednojezdniowa dwukierunkowa,,Obszar zabudowany,21.1055277777778,52.8643055555556,Przejście dla pieszych,Dobre warunki atmosferyczne,Światło dzienne,Najechanie na pieszego,1,0,1,Lekko,N,,,,,,,,,,
EWK-108094977G,2019,2019-08-12,14,POWIAT MAKOWSKI,MAKÓW MAZOWIECKI - OBSZAR MIEJSKI,Droga krajowa,57,Jednojezdniowa dwukierunkowa,,Obszar zabudowany,21.1055277777778,52.8643055555556,Przejście dla pieszych,Dobre warunki atmosferyczne,Światło dzienne,Najechanie na pieszego,1,0,0,Nieokreślone (puste pole),N,,,,,,,,,,
EWK-108099896T,2019,2019-08-09,10,POWIAT GRÓJECKI,WARKA - OBSZAR MIEJSKI,Droga gminna,GMINNA,Jednojezdniowa dwukierunkowa,Odcinek prosty,Obszar zabudowany,21.1905555555556,51.7909166666667,Przejście dla pieszych,Dobre warunki atmosferyczne,Światło dzienne,Najechanie na pieszego,1,0,1,Lekko,N,,,,,,,,,,
EWK-108099896T,2019,2019-08-09,10,POWIAT GRÓJECKI,WARKA - OBSZAR MIEJSKI,Droga gminna,GMINNA,Jednojezdniowa dwukierunkowa,Odcinek prosty,Obszar zabudowany,21.1905555555556,51.7909166666667,Przejście dla pieszych,Dobre warunki atmosferyczne,Światło dzienne,Najechanie na pieszego,1,0,0,Nieokreślone (puste pole),N,,,,,,,,,,
EWK-108106973H,2019,2019-08-18,17,POWIAT PUŁTUSKI,PUŁTUSK - OBSZAR MIEJSKI,Droga krajowa,61,Jednojezdniowa dwukierunkowa,Odcinek prosty,Obszar zabudowany,21.1027777777778,52.7114166666667,Przejście dla pieszych,Dobre warunki atmosferyczne,Światło dzienne,Najechanie na pieszego,1,0,1,Lekko,N,,,,,,,,,,
EWK-108106973H,2019,2019-08-18,17,POWIAT PUŁTUSKI,PUŁTUSK - OBSZAR MIEJSKI,Droga krajowa,61,Jednojezdniowa dwukierunkowa,Odcinek prosty,Obszar zabudowany,21.1027777777778,52.7114166666667,Przejście dla pieszych,Dobre warunki atmosferyczne,Światło dzienne,Najechanie na pieszego,1,0,0,Nieokreślone (puste pole),N,,,,,,,,,,
EWK-108108911W,2019,2019-08-19,13,POWIAT RADOM,RADOM - OBSZAR MIEJSKI,Droga gminna,G530298W,Jednojezdniowa dwukierunkowa,,Obszar zabudowany,21.1769166666667,51.4060277777778,Przejście dla pieszych,Dobre warunki atmosferyczne,Światło dzienne,Najechanie na pieszego,1,0,1,Lekko,N,,,,,,,,,,
EWK-108108911W,2019,2019-08-19,13,POWIAT RADOM,RADOM - OBSZAR MIEJSKI,Droga gminna,G530298W,Jednojezdniowa dwukierunkowa,,Obszar zabudowany,21.1769166666667,51.4060277777778,Przejście dla pieszych,Dobre warunki atmosferyczne,Światło dzienne,Najechanie na pieszego,1,0,0,Nieokreślone (puste pole),N,,,,,,,,,,
EWK-108118022W,2019,2019-08-25,7,POWIAT RADOM,RADOM - OBSZAR MIEJSKI,Droga powiatowa,P5304W  ,Jednojezdniowa dwukierunkowa,Odcinek prosty,Obszar zabudowany,21.1597777777778,51.3943888888889,Przejście dla pieszych,Dobre warunki atmosferyczne,Światło dzienne,Najechanie na pieszego,1,0,1,Lekko,N,,,,,,,,,,
EWK-108118022W,2019,2019-08-25,7,POWIAT RADOM,RADOM - OBSZAR MIEJSKI,Droga powiatowa,P5304W  ,Jednojezdniowa dwukierunkowa,Odcinek prosty,Obszar zabudowany,21.1597777777778,51.3943888888889,Przejście dla pieszych,Dobre warunki atmosferyczne,Światło dzienne,Najechanie na pieszego,1,0,0,Nieokreślone (puste pole),N,,,,,,,,,,
EWK-108126684A,2019,2019-08-30,9,POWIAT WYSZKOWSKI,WYSZKÓW - OBSZAR MIEJSKI,Droga gminna,G440588W,Jednojezdniowa dwukierunkowa,Odcinek prosty,Obszar zabudowany,21.4482222222222,52.6231388888889,Przejście dla pieszych,Dobre warunki atmosferyczne,Światło dzienne,Najechanie na pieszego,1,0,1,Ciężko,N,,,,,,,,,,
EWK-108126684A,2019,2019-08-30,9,POWIAT WYSZKOWSKI,WYSZKÓW - OBSZAR MIEJSKI,Droga gminna,G440588W,Jednojezdniowa dwukierunkowa,Odcinek prosty,Obszar zabudowany,21.4482222222222,52.6231388888889,Przejście dla pieszych,Dobre warunki atmosferyczne,Światło dzienne,Najechanie na pieszego,1,0,0,Nieokreślone (puste pole),N,,,,,,,,,,
EWK-108134257U,2019,2019-09-03,14,POWIAT RADOM,RADOM - OBSZAR MIEJSKI,Droga powiatowa,P5306W,Dwie jezdnie jednokierunkowe,,Obszar zabudowany,21.1493333333333,51.3931388888889,Przejście dla pieszych,Dobre warunki atmosferyczne,Światło dzienne,Najechanie na pieszego,1,0,1,Ciężko,N,,,,,,,,,,
EWK-108134257U,2019,2019-09-03,14,POWIAT RADOM,RADOM - OBSZAR MIEJSKI,Droga powiatowa,P5306W,Dwie jezdnie jednokierunkowe,,Obszar zabudowany,21.1493333333333,51.3931388888889,Przejście dla pieszych,Dobre warunki atmosferyczne,Światło dzienne,Najechanie na pieszego,1,0,0,Nieokreślone (puste pole),N,,,,,,,,,,
EWK-108141036G,2019,2019-09-06,11,POWIAT RADOM,RADOM - OBSZAR MIEJSKI,Droga powiatowa,P5301W,Dwie jezdnie jednokierunkowe,Odcinek prosty,Obszar zabudowany,21.1587222222222,51.4099166666667,Przejście dla pieszych,Dobre warunki atmosferyczne,Światło dzienne,Najechanie na pieszego,1,0,1,Lekko,N,,,,,,,,,,
EWK-108141036G,2019,2019-09-06,11,POWIAT RADOM,RADOM - OBSZAR MIEJSKI,Droga powiatowa,P5301W,Dwie jezdnie jednokierunkowe,Odcinek prosty,Obszar zabudowany,21.1587222222222,51.4099166666667,Przejście dla pieszych,Dobre warunki atmosferyczne,Światło dzienne,Najechanie na pieszego,1,0,0,Nieokreślone (puste pole),N,,,,,,,,,,
EWK-108151611D,2019,2019-09-12,7,POWIAT RADOM,RADOM - OBSZAR MIEJSKI,Droga krajowa,7,Jednojezdniowa dwukierunkowa,,Obszar zabudowany,21.0966666666667,51.3886944444444,Przejście dla pieszych,Dobre warunki atmosferyczne,Światło dzienne,Najechanie na pieszego,1,0,1,Lekko,N,,,,,,,,,,
EWK-108151611D,2019,2019-09-12,7,POWIAT RADOM,RADOM - OBSZAR MIEJSKI,Droga krajowa,7,Jednojezdniowa dwukierunkowa,,Obszar zabudowany,21.0966666666667,51.3886944444444,Przejście dla pieszych,Dobre warunki atmosferyczne,Światło dzienne,Najechanie na pieszego,1,0,0,Nieokreślone (puste pole),N,,,,,,,,,,
EWK-108161004X,2019,2019-09-16,10,POWIAT SIERPECKI,SIERPC - OBSZAR MIEJSKI,Droga gminna,G370417W,Jednokierunkowa,Odcinek prosty,Obszar zabudowany,19.6664722222222,52.8515277777778,Przejście dla pieszych,Dobre warunki atmosferyczne,Światło dzienne,Najechanie na pieszego,1,0,1,Lekko,N,,,,,,,,,,
EWK-108161004X,2019,2019-09-16,10,POWIAT SIERPECKI,SIERPC - OBSZAR MIEJSKI,Droga gminna,G370417W,Jednokierunkowa,Odcinek prosty,Obszar zabudowany,19.6664722222222,52.8515277777778,Przejście dla pieszych,Dobre warunki atmosferyczne,Światło dzienne,Najechanie na pieszego,1,0,0,Nieokreślone (puste pole),N,,,,,,,,,,
EWK-108171875Y,2019,2019-09-20,15,POWIAT RADOM,RADOM - OBSZAR MIEJSKI,Droga powiatowa,P5321W,Dwie jezdnie jednokierunkowe,Odcinek prosty,Obszar zabudowany,21.1573888888889,51.3928888888889,Przejście dla pieszych,Dobre warunki atmosferyczne,Światło dzienne,Najechanie na pieszego,1,0,1,Ciężko,N,,,,,,,,,,
EWK-108171875Y,2019,2019-09-20,15,POWIAT RADOM,RADOM - OBSZAR MIEJSKI,Droga powiatowa,P5321W,Dwie jezdnie jednokierunkowe,Odcinek prosty,Obszar zabudowany,21.1573888888889,51.3928888888889,Przejście dla pieszych,Dobre warunki atmosferyczne,Światło dzienne,Najechanie na pieszego,1,0,0,Nieokreślone (puste pole),N,,,,,,,,,,
EWK-108181814C,2019,2019-09-25,11,POWIAT SIERPECKI,SIERPC - OBSZAR MIEJSKI,Droga gminna,G370813W,Jednojezdniowa dwukierunkowa,,Obszar zabudowany,19.6721944444444,52.8486388888889,Przejście dla pieszych,Dobre warunki atmosferyczne,Światło dzienne,Najechanie na pieszego,1,0,1,Ciężko,N,,,,,,,,,,
EWK-108181814C,2019,2019-09-25,11,POWIAT SIERPECKI,SIERPC - OBSZAR MIEJSKI,Droga gminna,G370813W,Jednojezdniowa dwukierunkowa,,Obszar zabudowany,19.6721944444444,52.8486388888889,Przejście dla pieszych,Dobre warunki atmosferyczne,Światło dzienne,Najechanie na pieszego,1,0,0,Nieokreślone (puste pole),N,,,,,,,,,,
EWK-108186735K,2019,2019-09-27,12,POWIAT SIEDLCE,SIEDLCE - OBSZAR MIEJSKI,Droga gminna,GMINNA,Jednojezdniowa dwukierunkowa,Odcinek prosty,Obszar zabudowany,22.2459444444444,52.16,Przejście dla pieszych,Dobre warunki atmosferyczne,Światło dzienne,Najechanie na pieszego,1,0,1,Lekko,N,,,,,,,,,,
EWK-108186735K,2019,2019-09-27,12,POWIAT SIEDLCE,SIEDLCE - OBSZAR MIEJSKI,Droga gminna,GMINNA,Jednojezdniowa dwukierunkowa,Odcinek prosty,Obszar zabudowany,22.2459444444444,52.16,Przejście dla pieszych,Dobre warunki atmosferyczne,Światło dzienne,Najechanie na pieszego,1,0,0,Nieokreślone (puste pole),N,,,,,,,,,,
EWK-108211215Y,2019,2019-10-07,17,POWIAT GARWOLIŃSKI,ŻELECHÓW - OBSZAR MIEJSKI,Droga wojewódzka,807,Jednojezdniowa dwukierunkowa,Odcinek prosty,Obszar zabudowany,21.8903055555556,51.8107777777778,Przejście dla pieszych,Dobre warunki atmosferyczne,Światło dzienne,Najechanie na pieszego,1,0,1,Lekko,N,,,,,,,,,,
EWK-108211215Y,2019,2019-10-07,17,POWIAT GARWOLIŃSKI,ŻELECHÓW - OBSZAR MIEJSKI,Droga wojewódzka,807,Jednojezdniowa dwukierunkowa,Odcinek prosty,Obszar zabudowany,21.8903055555556,51.8107777777778,Przejście dla pieszych,Dobre warunki atmosferyczne,Światło dzienne,Najechanie na pieszego,1,0,0,Nieokreślone (puste pole),N,,,,,,,,,,
EWK-108233862D,2019,2019-10-15,11,POWIAT SIEDLECKI,MORDY - OBSZAR MIEJSKI,Droga wojewódzka,698,Jednojezdniowa dwukierunkowa,Odcinek prosty,Obszar zabudowany,22.5178888888889,52.21025,Przejście dla pieszych,Dobre warunki atmosferyczne,Światło dzienne,Najechanie na pieszego,1,0,1,Ciężko,N,,,,,,,,,,
EWK-108233862D,2019,2019-10-15,11,POWIAT SIEDLECKI,MORDY - OBSZAR MIEJSKI,Droga wojewódzka,698,Jednojezdniowa dwukierunkowa,Odcinek prosty,Obszar zabudowany,22.5178888888889,52.21025,Przejście dla pieszych,Dobre warunki atmosferyczne,Światło dzienne,Najechanie na pieszego,1,0,0,Nieokreślone (puste pole),N,,,,,,,,,,
EWK-108236315R,2019,2019-10-16,8,POWIAT RADOM,RADOM - OBSZAR MIEJSKI,Droga krajowa,7,Dwie jezdnie jednokierunkowe,,Obszar zabudowany,21.1185,51.4031666666667,Przejście dla pieszych,Dobre warunki atmosferyczne,Światło dzienne,Najechanie na pieszego,1,0,2,Lekko,N,,,,,,,,,,
EWK-108236315R,2019,2019-10-16,8,POWIAT RADOM,RADOM - OBSZAR MIEJSKI,Droga krajowa,7,Dwie jezdnie jednokierunkowe,,Obszar zabudowany,21.1185,51.4031666666667,Przejście dla pieszych,Dobre warunki atmosferyczne,Światło dzienne,Najechanie na pieszego,1,0,0,Nieokreślone (puste pole),N,,,,,,,,,,
EWK-108246962C,2019,2019-10-21,8,POWIAT PUŁTUSKI,PUŁTUSK - OBSZAR MIEJSKI,Droga wojewódzka,618,Jednojezdniowa dwukierunkowa,Odcinek prosty,Obszar zabudowany,21.0783055555556,52.7089722222222,Przejście dla pieszych,Dobre warunki atmosferyczne,Światło dzienne,Najechanie na pieszego,1,0,1,Lekko,N,,,,,,,,,,
EWK-108246962C,2019,2019-10-21,8,POWIAT PUŁTUSKI,PUŁTUSK - OBSZAR MIEJSKI,Droga wojewódzka,618,Jednojezdniowa dwukierunkowa,Odcinek prosty,Obszar zabudowany,21.0783055555556,52.7089722222222,Przejście dla pieszych,Dobre warunki atmosferyczne,Światło dzienne,Najechanie na pieszego,1,0,0,Nieokreślone (puste pole),N,,,,,,,,,,
EWK-108310902L,2019,2019-11-12,8,POWIAT PUŁTUSKI,OBRYTE - OBSZAR WIEJSKI,Droga powiatowa,P4407W,Jednojezdniowa dwukierunkowa,,Obszar zabudowany,21.2404166666667,52.71575,Przejście dla pieszych,Dobre warunki atmosferyczne,Światło dzienne,Najechanie na pieszego,1,0,1,Lekko,N,,,,,,,,,,
EWK-108310902L,2019,2019-11-12,8,POWIAT PUŁTUSKI,OBRYTE - OBSZAR WIEJSKI,Droga powiatowa,P4407W,Jednojezdniowa dwukierunkowa,,Obszar zabudowany,21.2404166666667,52.71575,Przejście dla pieszych,Dobre warunki atmosferyczne,Światło dzienne,Najechanie na pieszego,1,0,0,Nieokreślone (puste pole),N,,,,,,,,,,
EWK-108417301M,2019,2019-12-05,10,POWIAT OSTROŁĘKA,OSTROŁĘKA - OBSZAR MIEJSKI,Droga gminna,G510144W,Jednojezdniowa dwukierunkowa,Odcinek prosty,Obszar zabudowany,21.5802222222222,53.0816666666667,Przejście dla pieszych,Dobre warunki atmosferyczne,Światło dzienne,Najechanie na pieszego,1,0,1,Lekko,N,,,,,,,,,,
EWK-108417301M,2019,2019-12-05,10,POWIAT OSTROŁĘKA,OSTROŁĘKA - OBSZAR MIEJSKI,Droga gminna,G510144W,Jednojezdniowa dwukierunkowa,Odcinek prosty,Obszar zabudowany,21.5802222222222,53.0816666666667,Przejście dla pieszych,Dobre warunki atmosferyczne,Światło dzienne,Najechanie na pieszego,1,0,0,Nieokreślone (puste pole),N,,,,,,,,,,
EWK-108426931Q,2019,2019-12-09,11,POWIAT RADOMSKI,IŁŻA - OBSZAR MIEJSKI,Droga krajowa,9,Jednojezdniowa dwukierunkowa,Odcinek prosty,Obszar zabudowany,21.2376944444444,51.1635277777778,Przejście dla pieszych,Dobre warunki atmosferyczne,Światło dzienne,Najechanie na pieszego,1,0,1,Lekko,N,,,,,,,,,,
EWK-108426931Q,2019,2019-12-09,11,POWIAT RADOMSKI,IŁŻA - OBSZAR MIEJSKI,Droga krajowa,9,Jednojezdniowa dwukierunkowa,Odcinek prosty,Obszar zabudowany,21.2376944444444,51.1635277777778,Przejście dla pieszych,Dobre warunki atmosferyczne,Światło dzienne,Najechanie na pieszego,1,0,0,Nieokreślone (puste pole),N,,,,,,,,,,
EWK-108435496K,2019,2019-12-11,8,POWIAT RADOM,RADOM - OBSZAR MIEJSKI,Droga powiatowa,P5347W,Jednojezdniowa dwukierunkowa,,Obszar zabudowany,21.1650277777778,51.3999166666667,Przejście dla pieszych,Dobre warunki atmosferyczne,Światło dzienne,Najechanie na pieszego,1,0,1,Lekko,N,,,,,,,,,,
EWK-108435496K,2019,2019-12-11,8,POWIAT RADOM,RADOM - OBSZAR MIEJSKI,Droga powiatowa,P5347W,Jednojezdniowa dwukierunkowa,,Obszar zabudowany,21.1650277777778,51.3999166666667,Przejście dla pieszych,Dobre warunki atmosferyczne,Światło dzienne,Najechanie na pieszego,1,0,0,Nieokreślone (puste pole),N,,,,,,,,,,
EWK-108502392G,2019,2019-12-20,11,POWIAT WYSZKOWSKI,WYSZKÓW - OBSZAR WIEJSKI,Droga powiatowa,4408W,Jednojezdniowa dwukierunkowa,Odcinek prosty,Obszar zabudowany,21.4611111111111,52.6460277777778,Przejście dla pieszych,Dobre warunki atmosferyczne,Światło dzienne,Najechanie na pieszego,1,0,1,Ciężko,N,,,,,,,,,,
EWK-108502392G,2019,2019-12-20,11,POWIAT WYSZKOWSKI,WYSZKÓW - OBSZAR WIEJSKI,Droga powiatowa,4408W,Jednojezdniowa dwukierunkowa,Odcinek prosty,Obszar zabudowany,21.4611111111111,52.6460277777778,Przejście dla pieszych,Dobre warunki atmosferyczne,Światło dzienne,Najechanie na pieszego,1,0,0,Nieokreślone (puste pole),N,,,,,,,,,,
EWK-108337199T,2019,2019-11-19,9,POWIAT SIEDLCE,SIEDLCE - OBSZAR MIEJSKI,Droga gminna,GMINNA,Jednokierunkowa,Odcinek prosty,Obszar zabudowany,22.27175,52.1625555555556,Przystanek komunikacji publicznej,Dobre warunki atmosferyczne,Światło dzienne,Najechanie na pieszego,1,0,1,Lekko,N,,,,,,,,,,
EWK-108337199T,2019,2019-11-19,9,POWIAT SIEDLCE,SIEDLCE - OBSZAR MIEJSKI,Droga gminna,GMINNA,Jednokierunkowa,Odcinek prosty,Obszar zabudowany,22.27175,52.1625555555556,Przystanek komunikacji publicznej,Dobre warunki atmosferyczne,Światło dzienne,Najechanie na pieszego,1,0,0,Nieokreślone (puste pole),N,,,,,,,,,,
EWK-108142098A,2019,2019-09-07,14,POWIAT RADOM,RADOM - OBSZAR MIEJSKI,Droga gminna,G530011W,Jednojezdniowa dwukierunkowa,Odcinek prosty,Obszar zabudowany,21.1368611111111,51.4435277777778,"Wjazd, wyjazd z posesji, pola",Dobre warunki atmosferyczne,Światło dzienne,Najechanie na pieszego,1,0,1,Lekko,N,,,,,,,,,,
EWK-108142098A,2019,2019-09-07,14,POWIAT RADOM,RADOM - OBSZAR MIEJSKI,Droga gminna,G530011W,Jednojezdniowa dwukierunkowa,Odcinek prosty,Obszar zabudowany,21.1368611111111,51.4435277777778,"Wjazd, wyjazd z posesji, pola",Dobre warunki atmosferyczne,Światło dzienne,Najechanie na pieszego,1,0,0,Nieokreślone (puste pole),N,,,,,,,,,,
EWK-108337024M,2019,2019-11-19,9,POWIAT PŁOCK,PŁOCK - OBSZAR MIEJSKI,Droga gminna,G520092W,Jednojezdniowa dwukierunkowa,Odcinek prosty,Obszar zabudowany,19.6900277777778,52.5489722222222,"Wjazd, wyjazd z posesji, pola",Dobre warunki atmosferyczne,Światło dzienne,Najechanie na pieszego,1,0,1,Ciężko,N,,,,,,,,,,
EWK-108337024M,2019,2019-11-19,9,POWIAT PŁOCK,PŁOCK - OBSZAR MIEJSKI,Droga gminna,G520092W,Jednojezdniowa dwukierunkowa,Odcinek prosty,Obszar zabudowany,19.6900277777778,52.5489722222222,"Wjazd, wyjazd z posesji, pola",Dobre warunki atmosferyczne,Światło dzienne,Najechanie na pieszego,1,0,0,Nieokreślone (puste pole),N,,,,,,,,,,
EWK-107712365Y,2019,2019-02-20,6,POWIAT RADOMSKI,PIONKI - OBSZAR WIEJSKI,Droga wojewódzka,691,Jednojezdniowa dwukierunkowa,Odcinek prosty,Obszar zabudowany,21.5215277777778,51.4722777777778,Jezdnia,Dobre warunki atmosferyczne,"Świt, zmrok",Najechanie na pieszego,1,0,1,Lekko,T,,,,,,,,,,
EWK-107712365Y,2019,2019-02-20,6,POWIAT RADOMSKI,PIONKI - OBSZAR WIEJSKI,Droga wojewódzka,691,Jednojezdniowa dwukierunkowa,Odcinek prosty,Obszar zabudowany,21.5215277777778,51.4722777777778,Jezdnia,Dobre warunki atmosferyczne,"Świt, zmrok",Najechanie na pieszego,1,0,0,Nieokreślone (puste pole),T,,,,,,,,,,
EWK-107727675K,2019,2019-02-27,17,POWIAT BIAŁOBRZESKI,PROMNA - OBSZAR WIEJSKI,Droga wojewódzka,731,Jednojezdniowa dwukierunkowa,Odcinek prosty,Obszar niezabudowany,20.9938333333333,51.6945555555556,Jezdnia,Dobre warunki atmosferyczne,"Świt, zmrok",Najechanie na pieszego,1,0,1,Ciężko,T,,,,,,,,,,