IDKSIP,year,date,hour,district,district_commune,road_category,road_number,type_of_road,road_geometry,area,Longitude,Latitude,char_place_of_the_event,weather_conditions,lighting,type_of_accident,num_of_accidents,num_of_fatalities,num_of_injured,type_of_injury,is_offender_intoxicated,,,,,,,,,,
EWK-108155870R,2019,2019-09-13,19,POWIAT ŻYRARDOWSKI,ŻYRARDÓW - OBSZAR MIEJSKI,Droga gminna,GMINNA,Jednojezdniowa dwukierunkowa,Odcinek prosty,Obszar zabudowany,20.4396388888889,52.0544722222222,Przejście dla pieszych,Opady deszczu,Noc - droga oświetlona,Najechanie na pieszego,1,0,1,Lekko,N,,,,,,,,,,
EWK-108155870R,2019,2019-09-13,19,POWIAT ŻYRARDOWSKI,ŻYRARDÓW - OBSZAR MIEJSKI,Droga gminna,GMINNA,Jednojezdniowa dwukierunkowa,Odcinek prosty,Obszar zabudowany,20.4396388888889,52.0544722222222,Przejście dla pieszych,Opady deszczu,Noc - droga oświetlona,Najechanie na pieszego,1,0,0,Nieokreślone (puste pole),N,,,,,,,,,,
EWK-108166279A,2019,2019-09-18,19,POWIAT PŁOŃSKI,PŁOŃSK - OBSZAR MIEJSKI,Droga powiatowa,P3074W,Jednojezdniowa dwukierunkowa,Odcinek prosty,Obszar zabudowany,20.3731944444444,52.6373333333333,Przejście dla pieszych,Opady deszczu,Noc - droga oświetlona,Najechanie na pieszego,1,0,1,Lekko,N,,,,,,,,,,
EWK-108166279A,2019,2019-09-18,19,POWIAT PŁOŃSKI,PŁOŃSK - OBSZAR MIEJSKI,Droga powiatowa,P3074W,Jednojezdniowa dwukierunkowa,Odcinek prosty,Obszar zabudowany,20.3731944444444,52.6373333333333,Przejście dla pieszych,Opady deszczu,Noc - droga oświetlona,Najechanie na pieszego,1,0,0,Nieokreślone (puste pole),N,,,,,,,,,,
EWK-108198132P,2019,2019-09-30,18,POWIAT SIEDLCE,SIEDLCE - OBSZAR MIEJSKI,Droga gminna,GMINNA,Jednojezdniowa dwukierunkowa,Odcinek prosty,Obszar zabudowany,22.2471944444444,52.1605833333333,Przejście dla pieszych,Opady deszczu,Noc - droga oświetlona,Najechanie na pieszego,1,0,1,Lekko,N,,,,,,,,,,
EWK-108198132P,2019,2019-09-30,18,POWIAT SIEDLCE,SIEDLCE - OBSZAR MIEJSKI,Droga gminna,GMINNA,Jednojezdniowa dwukierunkowa,Odcinek prosty,Obszar zabudowany,22.2471944444444,52.1605833333333,Przejście dla pieszych,Opady deszczu,Noc - droga oświetlona,Najechanie na pieszego,1,0,0,Nieokreślone (puste pole),N,,,,,,,,,,
EWK-108207139L,2019,2019-10-04,22,POWIAT RADOM,RADOM - OBSZAR MIEJSKI,Droga wojewódzka,744,Jednojezdniowa dwukierunkowa,Odcinek prosty,Obszar zabudowany,21.1301666666667,51.3888611111111,Przejście dla pieszych,Opady deszczu,Noc - droga oświetlona,Najechanie na pieszego,1,0,1,Ciężko,N,,,,,,,,,,
EWK-108207139L,2019,2019-10-04,22,POWIAT RADOM,RADOM - OBSZAR MIEJSKI,Droga wojewódzka,744,Jednojezdniowa dwukierunkowa,Odcinek prosty,Obszar zabudowany,21.1301666666667,51.3888611111111,Przejście dla pieszych,Opady deszczu,Noc - droga oświetlona,Najechanie na pieszego,1,0,0,Nieokreślone (puste pole),N,,,,,,,,,,
EWK-108230652N,2019,2019-09-26,20,POWIAT RADOM,RADOM - OBSZAR MIEJSKI,Droga powiatowa,P5347W,Jednojezdniowa dwukierunkowa,,Obszar zabudowany,21.1439166666667,51.404,Przejście dla pieszych,Opady deszczu,Noc - droga oświetlona,Najechanie na pieszego,1,0,1,Ciężko,N,,,,,,,,,,
EWK-108230652N,2019,2019-09-26,20,POWIAT RADOM,RADOM - OBSZAR MIEJSKI,Droga powiatowa,P5347W,Jednojezdniowa dwukierunkowa,,Obszar zabudowany,21.1439166666667,51.404,Przejście dla pieszych,Opady deszczu,Noc - droga oświetlona,Najechanie na pieszego,1,0,0,Nieokreślone (puste pole),N,,,,,,,,,,
EWK-108292112D,2019,2019-11-04,17,POWIAT OSTROWSKI,OSTRÓW MAZOWIECKA - OBSZAR MIEJSKI,Droga gminna,GMINNA,Jednojezdniowa dwukierunkowa,Odcinek prosty,Obszar zabudowany,21.8904444444444,52.7994444444444,Przejście dla pieszych,Opady deszczu,Noc - droga oświetlona,Najechanie na pieszego,1,0,1,Lekko,N,,,,,,,,,,
EWK-108292112D,2019,2019-11-04,17,POWIAT OSTROWSKI,OSTRÓW MAZOWIECKA - OBSZAR MIEJSKI,Droga gminna,GMINNA,Jednojezdniowa dwukierunkowa,Odcinek prosty,Obszar zabudowany,21.8904444444444,52.7994444444444,Przejście dla pieszych,Opady deszczu,Noc - droga oświetlona,Najechanie na pieszego,1,0,0,Nieokreślone (puste pole),N,,,,,,,,,,
EWK-108292339H,2019,2019-11-04,17,POWIAT KOZIENICKI,KOZIENICE - OBSZAR MIEJSKI,Droga krajowa,79,Jednojezdniowa dwukierunkowa,Odcinek prosty,Obszar zabudowany,21.5419722222222,51.5949722222222,Przejście dla pieszych,Opady deszczu,Noc - droga oświetlona,Najechanie na pieszego,1,1,0,Nieokreślone (puste pole),N,,,,,,,,,,
EWK-108313873K,2019,2019-11-12,18,POWIAT KOZIENICKI,KOZIENICE - OBSZAR MIEJSKI,Droga krajowa,48,Jednojezdniowa dwukierunkowa,"Zakręt, łuk",Obszar zabudowany,21.5302222222222,51.5892777777778,Przejście dla pieszych,Opady deszczu,Noc - droga oświetlona,Najechanie na pieszego,1,0,1,Lekko,N,,,,,,,,,,
EWK-108313873K,2019,2019-11-12,18,POWIAT KOZIENICKI,KOZIENICE - OBSZAR MIEJSKI,Droga krajowa,48,Jednojezdniowa dwukierunkowa,"Zakręt, łuk",Obszar zabudowany,21.5302222222222,51.5892777777778,Przejście dla pieszych,Opady deszczu,Noc - droga oświetlona,Najechanie na pieszego,1,0,0,Nieokreślone (puste pole),N,,,,,,,,,,
EWK-108331432X,2019,2019-11-18,20,POWIAT SOCHACZEWSKI,SOCHACZEW - OBSZAR MIEJSKI,Droga wojewódzka,705,Jednojezdniowa dwukierunkowa,,Obszar zabudowany,20.2448888888889,52.2274722222222,Przejście dla pieszych,Opady deszczu,Noc - droga oświetlona,Najechanie na pieszego,1,0,1,Ciężko,N,,,,,,,,,,
EWK-108331432X,2019,2019-11-18,20,POWIAT SOCHACZEWSKI,SOCHACZEW - OBSZAR MIEJSKI,Droga wojewódzka,705,Jednojezdniowa dwukierunkowa,,Obszar zabudowany,20.2448888888889,52.2274722222222,Przejście dla pieszych,Opady deszczu,Noc - droga oświetlona,Najechanie na pieszego,1,0,0,Nieokreślone (puste pole),N,,,,,,,,,,
EWK-108408797Y,2019,2019-12-02,16,POWIAT CIECHANOWSKI,CIECHANÓW - OBSZAR MIEJSKI,Droga gminna,G120101W,Dwie jezdnie jednokierunkowe,Odcinek prosty,Obszar zabudowany,20.6294444444444,52.8705277777778,Przejście dla pieszych,Opady deszczu,Noc - droga oświetlona,Najechanie na pieszego,1,0,1,Lekko,N,,,,,,,,,,
EWK-108408797Y,2019,2019-12-02,16,POWIAT CIECHANOWSKI,CIECHANÓW - OBSZAR MIEJSKI,Droga gminna,G120101W,Dwie jezdnie jednokierunkowe,Odcinek prosty,Obszar zabudowany,20.6294444444444,52.8705277777778,Przejście dla pieszych,Opady deszczu,Noc - droga oświetlona,Najechanie na pieszego,1,0,0,Nieokreślone (puste pole),N,,,,,,,,,,
EWK-108422152X,2019,2019-12-07,17,POWIAT RADOMSKI,GÓZD - OBSZAR WIEJSKI,Droga krajowa,12,Jednojezdniowa dwukierunkowa,Odcinek prosty,Obszar zabudowany,21.3816111111111,51.3783888888889,Przejście dla pieszych,Opady deszczu,Noc - droga oświetlona,Najechanie na pieszego,1,0,1,Lekko,N,,,,,,,,,,
EWK-108422152X,2019,2019-12-07,17,POWIAT RADOMSKI,GÓZD - OBSZAR WIEJSKI,Droga krajowa,12,Jednojezdniowa dwukierunkowa,Odcinek prosty,Obszar zabudowany,21.3816111111111,51.3783888888889,Przejście dla pieszych,Opady deszczu,Noc - droga oświetlona,Najechanie na pieszego,1,0,0,Nieokreślone (puste pole),N,,,,,,,,,,
EWK-108422490W,2019,2019-12-07,16,POWIAT PŁOCK,PŁOCK - OBSZAR MIEJSKI,Droga krajowa,60,Dwie jezdnie jednokierunkowe,Odcinek prosty,Obszar zabudowany,19.7229444444444,52.5425,Przejście dla pieszych,Opady deszczu,Noc - droga oświetlona,Najechanie na pieszego,1,0,1,Lekko,N,,,,,,,,,,
EWK-108422490W,2019,2019-12-07,16,POWIAT PŁOCK,PŁOCK - OBSZAR MIEJSKI,Droga krajowa,60,Dwie jezdnie jednokierunkowe,Odcinek prosty,Obszar zabudowany,19.7229444444444,52.5425,Przejście dla pieszych,Opady deszczu,Noc - droga oświetlona,Najechanie na pieszego,1,0,0,Nieokreślone (puste pole),N,,,,,,,,,,
EWK-108432076D,2019,2019-12-10,16,POWIAT OSTROŁĘCKI,LELIS - OBSZAR WIEJSKI,Droga krajowa,53,Jednojezdniowa dwukierunkowa,,Obszar niezabudowany,21.4815555555556,53.1542222222222,Przejście dla pieszych,Opady deszczu,Noc - droga oświetlona,Najechanie na pieszego,1,0,1,Lekko,N,,,,,,,,,,
EWK-108432076D,2019,2019-12-10,16,POWIAT OSTROŁĘCKI,LELIS - OBSZAR WIEJSKI,Droga krajowa,53,Jednojezdniowa dwukierunkowa,,Obszar niezabudowany,21.4815555555556,53.1542222222222,Przejście dla pieszych,Opady deszczu,Noc - droga oświetlona,Najechanie na pieszego,1,0,0,Nieokreślone (puste pole),N,,,,,,,,,,
EWK-108490948C,2019,2019-12-14,18,POWIAT GRÓJECKI,CHYNÓW - OBSZAR WIEJSKI,Droga krajowa,50,Jednojezdniowa dwukierunkowa,Odcinek prosty,Obszar niezabudowany,20.9611944444444,51.8878611111111,Przejście dla pieszych,Opady deszczu,Noc - droga oświetlona,Najechanie na pieszego,1,1,0,Nieokreślone (puste pole),N,,,,,,,,,,
EWK-108511515J,2019,2019-12-23,18,POWIAT RADOM,RADOM - OBSZAR MIEJSKI,Droga powiatowa,P5320W,Jednojezdniowa dwukierunkowa,Odcinek prosty,Obszar zabudowany,21.1641944444444,51.3976111111111,Przejście dla pieszych,Opady deszczu,Noc - droga oświetlona,Najechanie na pieszego,1,0,1,Lekko,N,,,,,,,,,,
EWK-108511515J,2019,2019-12-23,18,POWIAT RADOM,RADOM - OBSZAR MIEJSKI,Droga powiatowa,P5320W,Jednojezdniowa dwukierunkowa,Odcinek prosty,Obszar zabudowany,21.1641944444444,51.3976111111111,Przejście dla pieszych,Opady deszczu,Noc - droga oświetlona,Najechanie na pieszego,1,0,0,Nieokreślone (puste pole),N,,,,,,,,,,
EWK-108511921Y,2019,2019-12-25,18,POWIAT GOSTYNIŃSKI,GOSTYNIN - OBSZAR MIEJSKI,Droga gminna,G140194W,Jednojezdniowa dwukierunkowa,,Obszar zabudowany,19.4597222222222,52.4223611111111,Przejście dla pieszych,Opady deszczu,Noc - droga oświetlona,Najechanie na pieszego,1,0,1,Ciężko,N,,,,,,,,,,
EWK-108511921Y,2019,2019-12-25,18,POWIAT GOSTYNIŃSKI,GOSTYNIN - OBSZAR MIEJSKI,Droga gminna,G140194W,Jednojezdniowa dwukierunkowa,,Obszar zabudowany,19.4597222222222,52.4223611111111,Przejście dla pieszych,Opady deszczu,Noc - droga oświetlona,Najechanie na pieszego,1,0,0,Nieokreślone (puste pole),N,,,,,,,,,,
EWK-108513916K,2019,2019-12-24,17,POWIAT SIERPECKI,SIERPC - OBSZAR MIEJSKI,Droga wojewódzka,541,Jednojezdniowa dwukierunkowa,"Zakręt, łuk",Obszar zabudowany,19.6749444444444,52.8561944444444,Przejście dla pieszych,Opady deszczu,Noc - droga oświetlona,Najechanie na pieszego,1,0,1,Lekko,N,,,,,,,,,,
EWK-108513916K,2019,2019-12-24,17,POWIAT SIERPECKI,SIERPC - OBSZAR MIEJSKI,Droga wojewódzka,541,Jednojezdniowa dwukierunkowa,"Zakręt, łuk",Obszar zabudowany,19.6749444444444,52.8561944444444,Przejście dla pieszych,Opady deszczu,Noc - droga oświetlona,Najechanie na pieszego,1,0,0,Nieokreślone (puste pole),N,,,,,,,,,,
EWK-108515541X,2019,2019-12-26,6,POWIAT SIERPECKI,SIERPC - OBSZAR MIEJSKI,Droga wojewódzka,541,Jednojezdniowa dwukierunkowa,Odcinek prosty,Obszar zabudowany,19.6734444444444,52.8533333333333,Przejście dla pieszych,Opady deszczu,Noc - droga oświetlona,Najechanie na pieszego,1,0,2,Ciężko,N,,,,,,,,,,
EWK-108515541X,2019,2019-12-26,6,POWIAT SIERPECKI,SIERPC - OBSZAR MIEJSKI,Droga wojewódzka,541,Jednojezdniowa dwukierunkowa,Odcinek prosty,Obszar zabudowany,19.6734444444444,52.8533333333333,Przejście dla pieszych,Opady deszczu,Noc - droga oświetlona,Najechanie na pieszego,1,0,0,Nieokreślone (puste pole),N,,,,,,,,,,
EWK-107929093U,2019,2019-05-16,11,POWIAT CIECHANOWSKI,CIECHANÓW - OBSZAR MIEJSKI,Droga gminna,G120101W,Dwie jezdnie jednokierunkowe,,Obszar zabudowany,20.6294444444444,52.8705277777778,Jezdnia,Opady deszczu,Światło dzienne,Najechanie na pieszego,1,0,1,Lekko,N,,,,,,,,,,
EWK-107929093U,2019,2019-05-16,11,POWIAT CIECHANOWSKI,CIECHANÓW - OBSZAR MIEJSKI,Droga gminna,G120101W,Dwie jezdnie jednokierunkowe,,Obszar zabudowany,20.6294444444444,52.8705277777778,Jezdnia,Opady deszczu,Światło dzienne,Najechanie na pieszego,1,0,0,Nieokreślone (puste pole),N,,,,,,,,,,
EWK-108000949Q,2019,2019-06-21,15,POWIAT SIERPECKI,ROŚCISZEWO - OBSZAR WIEJSKI,Droga wojewódzka,541,Jednojezdniowa dwukierunkowa,Odcinek prosty,Obszar niezabudowany,19.7456666666667,52.8995833333333,Jezdnia,Opady deszczu,Światło dzienne,Najechanie na pieszego,1,0,1,Ciężko,N,,,,,,,,,,
EWK-108000949Q,2019,2019-06-21,15,POWIAT SIERPECKI,ROŚCISZEWO - OBSZAR WIEJSKI,Droga wojewódzka,541,Jednojezdniowa dwukierunkowa,Odcinek prosty,Obszar niezabudowany,19.7456666666667,52.8995833333333,Jezdnia,Opady deszczu,Światło dzienne,Najechanie na pieszego,1,0,0,Nieokreślone (puste pole),N,,,,,,,,,,
EWK-107785417J,2019,2019-03-26,14,POWIAT SOCHACZEWSKI,SOCHACZEW - OBSZAR WIEJSKI,Droga krajowa,K92S,Jednojezdniowa dwukierunkowa,,Obszar niezabudowany,20.2616111111111,52.2238888888889,Przejście dla pieszych,Opady deszczu,Światło dzienne,Najechanie na pieszego,1,0,1,Ciężko,N,,,,,,,,,,
EWK-107785417J,2019,2019-03-26,14,POWIAT SOCHACZEWSKI,SOCHACZEW - OBSZAR WIEJSKI,Droga krajowa,K92S,Jednojezdniowa dwukierunkowa,,Obszar niezabudowany,20.2616111111111,52.2238888888889,Przejście dla pieszych,Opady deszczu,Światło dzienne,Najechanie na pieszego,1,0,0,Nieokreślone (puste pole),N,,,,,,,,,,
EWK-107922259L,2019,2019-05-12,19,POWIAT RADOM,RADOM - OBSZAR MIEJSKI,Droga powiatowa,P5306W,Dwie jezdnie jednokierunkowe,Odcinek prosty,Obszar zabudowany,21.1487222222222,51.3922222222222,Przejście dla pieszych,Opady deszczu,Światło dzienne,Najechanie na pieszego,1,0,1,Lekko,N,,,,,,,,,,
EWK-107922259L,2019,2019-05-12,19,POWIAT RADOM,RADOM - OBSZAR MIEJSKI,Droga powiatowa,P5306W,Dwie jezdnie jednokierunkowe,Odcinek prosty,Obszar zabudowany,21.1487222222222,51.3922222222222,Przejście dla pieszych,Opady deszczu,Światło dzienne,Najechanie na pieszego,1,0,0,Nieokreślone (puste pole),N,,,,,,,,,,
EWK-107925382X,2019,2019-05-14,11,POWIAT WYSZKOWSKI,WYSZKÓW - OBSZAR MIEJSKI,Droga gminna,GMINNA,Jednojezdniowa dwukierunkowa,Odcinek prosty,Obszar zabudowany,21.4555555555556,52.5948333333333,Przejście dla pieszych,Opady deszczu,Światło dzienne,Najechanie na pieszego,1,0,1,Ciężko,N,,,,,,,,,,
EWK-107925382X,2019,2019-05-14,11,POWIAT WYSZKOWSKI,WYSZKÓW - OBSZAR MIEJSKI,Droga gminna,GMINNA,Jednojezdniowa dwukierunkowa,Odcinek prosty,Obszar zabudowany,21.4555555555556,52.5948333333333,Przejście dla pieszych,Opady deszczu,Światło dzienne,Najechanie na pieszego,1,0,0,Nieokreślone (puste pole),N,,,,,,,,,,
EWK-107947412F,2019,2019-05-22,10,POWIAT RADOM,RADOM - OBSZAR MIEJSKI,Droga powiatowa,P5321W,Dwie jezdnie jednokierunkowe,"Zakręt, łuk",Obszar zabudowany,21.1681944444444,51.391,Przejście dla pieszych,Opady deszczu,Światło dzienne,Najechanie na pieszego,1,0,1,Ciężko,N,,,,,,,,,,
EWK-107947412F,2019,2019-05-22,10,POWIAT RADOM,RADOM - OBSZAR MIEJSKI,Droga powiatowa,P5321W,Dwie jezdnie jednokierunkowe,"Zakręt, łuk",Obszar zabudowany,21.1681944444444,51.391,Przejście dla pieszych,Opady deszczu,Światło dzienne,Najechanie na pieszego,1,0,0,Nieokreślone (puste pole),N,,,,,,,,,,
EWK-107957996Q,2019,2019-05-29,12,POWIAT RADOM,RADOM - OBSZAR MIEJSKI,Droga powiatowa,P5312W,Jednojezdniowa dwukierunkowa,Odcinek prosty,Obszar zabudowany,21.17775,51.4095555555556,Przejście dla pieszych,Opady deszczu,Światło dzienne,Najechanie na pieszego,1,0,1,Lekko,N,,,,,,,,,,
EWK-107957996Q,2019,2019-05-29,12,POWIAT RADOM,RADOM - OBSZAR MIEJSKI,Droga powiatowa,P5312W,Jednojezdniowa dwukierunkowa,Odcinek prosty,Obszar zabudowany,21.17775,51.4095555555556,Przejście dla pieszych,Opady deszczu,Światło dzienne,Najechanie na pieszego,1,0,0,Nieokreślone (puste pole),N,,,,,,,,,,
EWK-108193929W,2019,2019-09-30,15,POWIAT RADOM,RADOM - OBSZAR MIEJSKI,Droga powiatowa,P5339W,Jednojezdniowa dwukierunkowa,,Obszar zabudowany,21.1490555555556,51.4035555555556,Przejście dla pieszych,Opady deszczu,Światło dzienne,Najechanie na pieszego,1,0,1,Lekko,N,,,,,,,,,,
EWK-108193929W,2019,2019-09-30,15,POWIAT RADOM,RADOM - OBSZAR MIEJSKI,Droga powiatowa,P5339W,Jednojezdniowa dwukierunkowa,,Obszar zabudowany,21.1490555555556,51.4035555555556,Przejście dla pieszych,Opady deszczu,Światło dzienne,Najechanie na pieszego,1,0,0,Nieokreślone (puste pole),N,,,,,,,,,,
EWK-108316986M,2019,2019-11-13,14,POWIAT OSTROWSKI,MAŁKINIA GÓRNA - OBSZAR WIEJSKI,Droga wojewódzka,694,Jednojezdniowa dwukierunkowa,,Obszar zabudowany,22.0555555555556,52.6906666666667,Przejście dla pieszych,Opady deszczu,Światło dzienne,Najechanie na pieszego,1,0,1,Lekko,N,,,,,,,,,,
EWK-108316986M,2019,2019-11-13,14,POWIAT OSTROWSKI,MAŁKINIA GÓRNA - OBSZAR WIEJSKI,Droga wojewódzka,694,Jednojezdniowa dwukierunkowa,,Obszar zabudowany,22.0555555555556,52.6906666666667,Przejście dla pieszych,Opady deszczu,Światło dzienne,Najechanie na pieszego,1,0,0,Nieokreślone (puste pole),N,,,,,,,,,,
EWK-108513125P,2019,2019-12-24,7,POWIAT OSTROWSKI,OSTRÓW MAZOWIECKA - OBSZAR MIEJSKI,Droga gminna,GMINNA,Jednojezdniowa dwukierunkowa,,Obszar zabudowany,21.8915277777778,52.8067777777778,Przejście dla pieszych,Opady deszczu,Światło dzienne,Najechanie na pieszego,1,0,1,Lekko,N,,,,,,,,,,
EWK-108513125P,2019,2019-12-24,7,POWIAT OSTROWSKI,OSTRÓW MAZOWIECKA - OBSZAR MIEJSKI,Droga gminna,GMINNA,Jednojezdniowa dwukierunkowa,,Obszar zabudowany,21.8915277777778,52.8067777777778,Przejście dla pieszych,Opady deszczu,Światło dzienne,Najechanie na pieszego,1,0,0,Nieokreślone (puste pole),N,,,,,,,,,,
EWK-108513130E,2019,2019-12-24,7,POWIAT OSTROWSKI,OSTRÓW MAZOWIECKA - OBSZAR MIEJSKI,Droga powiatowa,P2655W,Jednojezdniowa dwukierunkowa,,Obszar zabudowany,21.9100555555556,52.7998888888889,Przejście dla pieszych,Opady deszczu,Światło dzienne,Najechanie na pieszego,1,0,1,Lekko,N,,,,,,,,,,
EWK-108513130E,2019,2019-12-24,7,POWIAT OSTROWSKI,OSTRÓW MAZOWIECKA - OBSZAR MIEJSKI,Droga powiatowa,P2655W,Jednojezdniowa dwukierunkowa,,Obszar zabudowany,21.9100555555556,52.7998888888889,Przejście dla pieszych,Opady deszczu,Światło dzienne,Najechanie na pieszego,1,0,0,Nieokreślone (puste pole),N,,,,,,,,,,
EWK-107561080L,2019,2019-01-02,7,POWIAT RADOM,RADOM - OBSZAR MIEJSKI,Droga gminna,G530154W,Jednojezdniowa dwukierunkowa,Odcinek prosty,Obszar zabudowany,21.1370277777778,51.3650555555556,Przejście dla pieszych,Opady deszczu,"Świt, zmrok",Najechanie na pieszego,1,0,1,Lekko,N,,,,,,,,,,
EWK-107561080L,2019,2019-01-02,7,POWIAT RADOM,RADOM - OBSZAR MIEJSKI,Droga gminna,G530154W,Jednojezdniowa dwukierunkowa,Odcinek prosty,Obszar zabudowany,21.1370277777778,51.3650555555556,Przejście dla pieszych,Opady deszczu,"Świt, zmrok",Najechanie na pieszego,1,0,0,Nieokreślone (puste pole),N,,,,,,,,,,
EWK-108287926W,2019,2019-11-05,16,POWIAT RADOMSKI,PIONKI - OBSZAR MIEJSKI,Droga powiatowa,P3523W,Jednojezdniowa dwukierunkowa,Odcinek prosty,Obszar zabudowany,21.4393333333333,51.4701666666667,Przejście dla pieszych,Opady deszczu,"Świt, zmrok",Najechanie na pieszego,1,0,1,Ciężko,N,,,,,,,,,,
EWK-108287926W,2019,2019-11-05,16,POWIAT RADOMSKI,PIONKI - OBSZAR MIEJSKI,Droga powiatowa,P3523W,Jednojezdniowa dwukierunkowa,Odcinek prosty,Obszar zabudowany,21.4393333333333,51.4701666666667,Przejście dla pieszych,Opady deszczu,"Świt, zmrok",Najechanie na pieszego,1,0,0,Nieokreślone (puste pole),N,,,,,,,,,,
EWK-108365050T,2019,2019-11-25,6,POWIAT RADOM,RADOM - OBSZAR MIEJSKI,Droga powiatowa,P5301W,Dwie jezdnie jednokierunkowe,,Obszar zabudowany,21.1627222222222,51.4308611111111,Przejście dla pieszych,Opady deszczu,"Świt, zmrok",Najechanie na pieszego,1,0,1,Ciężko,N,,,,,,,,,,
EWK-108365050T,2019,2019-11-25,6,POWIAT RADOM,RADOM - OBSZAR MIEJSKI,Droga powiatowa,P5301W,Dwie jezdnie jednokierunkowe,,Obszar zabudowany,21.1627222222222,51.4308611111111,Przejście dla pieszych,Opady deszczu,"Świt, zmrok",Najechanie na pieszego,1,0,0,Nieokreślone (puste pole),N,,,,,,,,,,
EWK-108409865M,2019,2019-12-02,15,POWIAT SIERPECKI,SIERPC - OBSZAR MIEJSKI,Droga wojewódzka,541,Jednojezdniowa dwukierunkowa,,Obszar zabudowany,19.6759444444444,52.8576944444445,Przejście dla pieszych,Opady deszczu,"Świt, zmrok",Najechanie na pieszego,1,0,1,Ciężko,N,,,,,,,,,,
EWK-108409865M,2019,2019-12-02,15,POWIAT SIERPECKI,SIERPC - OBSZAR MIEJSKI,Droga wojewódzka,541,Jednojezdniowa dwukierunkowa,,Obszar zabudowany,19.6759444444444,52.8576944444445,Przejście dla pieszych,Opady deszczu,"Świt, zmrok",Najechanie na pieszego,1,0,0,Nieokreślone (puste pole),N,,,,,,,,,,
EWK-108414576L,2019,2019-12-04,7,POWIAT WYSZKOWSKI,WYSZKÓW - OBSZAR MIEJSKI,Droga gminna,GMINNA,Jednojezdniowa dwukierunkowa,Odcinek prosty,Obszar zabudowany,21.4639444444444,52.5989722222222,Przejście dla pieszych,Opady deszczu,"Świt, zmrok",Najechanie na pieszego,1,1,0,Nieokreślone (puste pole),N,,,,,,,,,,
EWK-107674875G,2019,2019-01-31,6,POWIAT RADOM,RADOM - OBSZAR MIEJSKI,Droga krajowa,9,Jednojezdniowa dwukierunkowa,Odcinek prosty,Obszar zabudowany,21.1828055555556,51.3796111111111,Jezdnia,"Opady deszczu; Opady śniegu, gradu",Noc - droga oświetlona,Najechanie na pieszego,1,0,1,Ciężko,N,,,,,,,,,,
EWK-107674875G,2019,2019-01-31,6,POWIAT RADOM,RADOM - OBSZAR MIEJSKI,Droga krajowa,9,Jednojezdniowa dwukierunkowa,Odcinek prosty,Obszar zabudowany,21.1828055555556,51.3796111111111,Jezdnia,"Opady deszczu; Opady śniegu, gradu",Noc - droga oświetlona,Najechanie na pieszego,1,0,0,Nieokreślone (puste pole),N,,,,,,,,,,
EWK-107663207H,2019,2019-01-25,5,POWIAT GRÓJECKI,GOSZCZYN - OBSZAR WIEJSKI,Droga gminna,GMINNA,Jednojezdniowa dwukierunkowa,Odcinek prosty,Obszar niezabudowany,20.8665,51.7749444444444,Jezdnia,"Opady śniegu, gradu",Noc - droga nieoświetlona,Najechanie na pieszego,1,0,1,Lekko,N,,,,,,,,,,
EWK-107663207H,2019,2019-01-25,5,POWIAT GRÓJECKI,GOSZCZYN - OBSZAR WIEJSKI,Droga gminna,GMINNA,Jednojezdniowa dwukierunkowa,Odcinek prosty,Obszar niezabudowany,20.8665,51.7749444444444,Jezdnia,"Opady śniegu, gradu",Noc - droga nieoświetlona,Najechanie na pieszego,1,0,0,Nieokreślone (puste pole),N,,,,,,,,,,
EWK-107669202R,2019,2019-01-28,19,POWIAT CIECHANOWSKI,OJRZEŃ - OBSZAR WIEJSKI,Droga powiatowa,P1241W,Jednojezdniowa dwukierunkowa,Odcinek prosty,Obszar niezabudowany,20.4936111111111,52.7975,Jezdnia,"Opady śniegu, gradu",Noc - droga nieoświetlona,Najechanie na pieszego,1,1,0,Nieokreślone (puste pole),N,,,,,,,,,,
EWK-108408870D,2019,2019-12-02,19,POWIAT GARWOLIŃSKI,GARWOLIN - OBSZAR MIEJSKI,Droga powiatowa,P1372W,Jednojezdniowa dwukierunkowa,Odcinek prosty,Obszar zabudowany,21.6060555555556,51.8996388888889,"Chodnik, droga dla pieszych","Opady śniegu, gradu",Noc - droga oświetlona,Najechanie na pieszego,1,0,1,Lekko,N,,,,,,,,,,
EWK-108408870D,2019,2019-12-02,19,POWIAT GARWOLIŃSKI,GARWOLIN - OBSZAR MIEJSKI,Droga powiatowa,P1372W,Jednojezdniowa dwukierunkowa,Odcinek prosty,Obszar zabudowany,21.6060555555556,51.8996388888889,"Chodnik, droga dla pieszych","Opady śniegu, gradu",Noc - droga oświetlona,Najechanie na pieszego,1,0,0,Nieokreślone (puste pole),N,,,,,,,,,,