IDKSIP,year,date,hour,district,district_commune,road_category,road_number,type_of_road,road_geometry,area,Longitude,Latitude,char_place_of_the_event,weather_conditions,lighting,type_of_accident,num_of_accidents,num_of_fatalities,num_of_injured,type_of_injury,is_offender_intoxicated,,,,,,,,,,
EWK-107573897D,2019,2019-01-05,6,POWIAT SOCHACZEWSKI,SOCHACZEW - OBSZAR MIEJSKI,Droga gminna,GMINNA,Jednojezdniowa dwukierunkowa,,Obszar zabudowany,20.2363611111111,52.2297222222222,Przejście dla pieszych,"Opady śniegu, gradu",Światło dzienne,Najechanie na pieszego,1,0,1,Lekko,N,,,,,,,,,,
EWK-107573897D,2019,2019-01-05,6,POWIAT SOCHACZEWSKI,SOCHACZEW - OBSZAR MIEJSKI,Droga gminna,GMINNA,Jednojezdniowa dwukierunkowa,,Obszar zabudowany,20.2363611111111,52.2297222222222,Przejście dla pieszych,"Opady śniegu, gradu",Światło dzienne,Najechanie na pieszego,1,0,0,Nieokreślone (puste pole),N,,,,,,,,,,
EWK-107663381T,2019,2019-01-25,9,POWIAT SIEDLCE,SIEDLCE - OBSZAR MIEJSKI,Droga gminna,GMINNA,Jednojezdniowa dwukierunkowa,Odcinek prosty,Obszar zabudowany,22.2803055555556,52.1740555555556,Przejście dla pieszych,"Opady śniegu, gradu",Światło dzienne,Najechanie na pieszego,1,0,1,Lekko,N,,,,,,,,,,
EWK-107663381T,2019,2019-01-25,9,POWIAT SIEDLCE,SIEDLCE - OBSZAR MIEJSKI,Droga gminna,GMINNA,Jednojezdniowa dwukierunkowa,Odcinek prosty,Obszar zabudowany,22.2803055555556,52.1740555555556,Przejście dla pieszych,"Opady śniegu, gradu",Światło dzienne,Najechanie na pieszego,1,0,0,Nieokreślone (puste pole),N,,,,,,,,,,
EWK-107574524H,2019,2019-01-05,13,POWIAT RADOM,RADOM - OBSZAR MIEJSKI,Droga powiatowa,P5304W  ,Jednojezdniowa dwukierunkowa,Odcinek prosty,Obszar zabudowany,21.1618055555556,51.39825,"Wjazd, wyjazd z posesji, pola","Opady śniegu, gradu",Światło dzienne,Najechanie na pieszego,1,0,1,Lekko,N,,,,,,,,,,
EWK-107574524H,2019,2019-01-05,13,POWIAT RADOM,RADOM - OBSZAR MIEJSKI,Droga powiatowa,P5304W  ,Jednojezdniowa dwukierunkowa,Odcinek prosty,Obszar zabudowany,21.1618055555556,51.39825,"Wjazd, wyjazd z posesji, pola","Opady śniegu, gradu",Światło dzienne,Najechanie na pieszego,1,0,0,Nieokreślone (puste pole),N,,,,,,,,,,
EWK-107615681Q,2019,2019-01-09,18,POWIAT GARWOLIŃSKI,PILAWA - OBSZAR WIEJSKI,Droga wojewódzka,805,Jednojezdniowa dwukierunkowa,Odcinek prosty,Obszar zabudowany,21.5320555555556,51.9589444444445,Jezdnia,"Opady śniegu, gradu","Świt, zmrok",Najechanie na pieszego,1,0,1,Lekko,N,,,,,,,,,,
EWK-107615681Q,2019,2019-01-09,18,POWIAT GARWOLIŃSKI,PILAWA - OBSZAR WIEJSKI,Droga wojewódzka,805,Jednojezdniowa dwukierunkowa,Odcinek prosty,Obszar zabudowany,21.5320555555556,51.9589444444445,Jezdnia,"Opady śniegu, gradu","Świt, zmrok",Najechanie na pieszego,1,0,0,Nieokreślone (puste pole),N,,,,,,,,,,
EWK-107665829H,2019,2019-01-26,7,POWIAT OSTROWSKI,OSTRÓW MAZOWIECKA - OBSZAR WIEJSKI,Droga krajowa,8,Jednojezdniowa dwukierunkowa,"Zakręt, łuk",Obszar niezabudowany,21.7105833333333,52.7203055555556,Jezdnia,"Opady śniegu, gradu","Świt, zmrok",Najechanie na pieszego,1,0,1,Lekko,N,,,,,,,,,,
EWK-107665829H,2019,2019-01-26,7,POWIAT OSTROWSKI,OSTRÓW MAZOWIECKA - OBSZAR WIEJSKI,Droga krajowa,8,Jednojezdniowa dwukierunkowa,"Zakręt, łuk",Obszar niezabudowany,21.7105833333333,52.7203055555556,Jezdnia,"Opady śniegu, gradu","Świt, zmrok",Najechanie na pieszego,1,0,0,Nieokreślone (puste pole),N,,,,,,,,,,
EWK-107806287P,2019,2019-04-01,12,POWIAT RADOM,RADOM - OBSZAR MIEJSKI,Droga wojewódzka,744,Jednojezdniowa dwukierunkowa,Odcinek prosty,Obszar zabudowany,21.1305277777778,51.3877222222222,Jezdnia,Oślepiające słońce,Światło dzienne,Najechanie na pieszego,1,0,1,Ciężko,N,,,,,,,,,,
EWK-107806287P,2019,2019-04-01,12,POWIAT RADOM,RADOM - OBSZAR MIEJSKI,Droga wojewódzka,744,Jednojezdniowa dwukierunkowa,Odcinek prosty,Obszar zabudowany,21.1305277777778,51.3877222222222,Jezdnia,Oślepiające słońce,Światło dzienne,Najechanie na pieszego,1,0,0,Nieokreślone (puste pole),N,,,,,,,,,,
EWK-107808155Y,2019,2019-04-01,18,POWIAT SIEDLCE,SIEDLCE - OBSZAR MIEJSKI,Droga gminna,GMINNA,Jednojezdniowa dwukierunkowa,Odcinek prosty,Obszar zabudowany,22.27425,52.1709722222222,Przejście dla pieszych,Oślepiające słońce,Światło dzienne,Najechanie na pieszego,1,0,1,Lekko,N,,,,,,,,,,
EWK-107808155Y,2019,2019-04-01,18,POWIAT SIEDLCE,SIEDLCE - OBSZAR MIEJSKI,Droga gminna,GMINNA,Jednojezdniowa dwukierunkowa,Odcinek prosty,Obszar zabudowany,22.27425,52.1709722222222,Przejście dla pieszych,Oślepiające słońce,Światło dzienne,Najechanie na pieszego,1,0,0,Nieokreślone (puste pole),N,,,,,,,,,,
EWK-108070572J,2019,2019-07-31,18,POWIAT CIECHANOWSKI,CIECHANÓW - OBSZAR MIEJSKI,Droga wojewódzka,615,Jednojezdniowa dwukierunkowa,Odcinek prosty,Obszar zabudowany,20.6061111111111,52.8831666666667,Przejście dla pieszych,Oślepiające słońce,Światło dzienne,Najechanie na pieszego,1,0,1,Lekko,N,,,,,,,,,,
EWK-108070572J,2019,2019-07-31,18,POWIAT CIECHANOWSKI,CIECHANÓW - OBSZAR MIEJSKI,Droga wojewódzka,615,Jednojezdniowa dwukierunkowa,Odcinek prosty,Obszar zabudowany,20.6061111111111,52.8831666666667,Przejście dla pieszych,Oślepiające słońce,Światło dzienne,Najechanie na pieszego,1,0,0,Nieokreślone (puste pole),N,,,,,,,,,,
EWK-108105460F,2019,2019-08-17,11,POWIAT RADOM,RADOM - OBSZAR MIEJSKI,Droga wojewódzka,744,Jednojezdniowa dwukierunkowa,Odcinek prosty,Obszar zabudowany,21.1304722222222,51.3925833333333,Przejście dla pieszych,Oślepiające słońce,Światło dzienne,Najechanie na pieszego,1,0,1,Ciężko,N,,,,,,,,,,
EWK-108105460F,2019,2019-08-17,11,POWIAT RADOM,RADOM - OBSZAR MIEJSKI,Droga wojewódzka,744,Jednojezdniowa dwukierunkowa,Odcinek prosty,Obszar zabudowany,21.1304722222222,51.3925833333333,Przejście dla pieszych,Oślepiające słońce,Światło dzienne,Najechanie na pieszego,1,0,0,Nieokreślone (puste pole),N,,,,,,,,,,
EWK-108234649Y,2019,2019-10-15,17,POWIAT PŁOŃSKI,PŁOŃSK - OBSZAR MIEJSKI,Droga powiatowa,P3081W,Jednojezdniowa dwukierunkowa,Odcinek prosty,Obszar zabudowany,20.3857777777778,52.6321944444444,Przejście dla pieszych,Oślepiające słońce,Światło dzienne,Najechanie na pieszego,1,0,1,Lekko,N,,,,,,,,,,
EWK-108234649Y,2019,2019-10-15,17,POWIAT PŁOŃSKI,PŁOŃSK - OBSZAR MIEJSKI,Droga powiatowa,P3081W,Jednojezdniowa dwukierunkowa,Odcinek prosty,Obszar zabudowany,20.3857777777778,52.6321944444444,Przejście dla pieszych,Oślepiające słońce,Światło dzienne,Najechanie na pieszego,1,0,0,Nieokreślone (puste pole),N,,,,,,,,,,
EWK-108491557N,2019,2019-12-15,17,POWIAT OSTROŁĘCKI,LELIS - OBSZAR WIEJSKI,Droga krajowa,53,Jednojezdniowa dwukierunkowa,Odcinek prosty,Obszar niezabudowany,21.4995277777778,53.1598611111111,Jezdnia,Pochmurno,Noc - droga nieoświetlona,Inne,1,0,1,Ciężko,T,,,,,,,,,,
EWK-108491557N,2019,2019-12-15,17,POWIAT OSTROŁĘCKI,LELIS - OBSZAR WIEJSKI,Droga krajowa,53,Jednojezdniowa dwukierunkowa,Odcinek prosty,Obszar niezabudowany,21.4995277777778,53.1598611111111,Jezdnia,Pochmurno,Noc - droga nieoświetlona,Inne,1,0,0,Nieokreślone (puste pole),T,,,,,,,,,,
EWK-107556520A,2019,2019-01-01,18,POWIAT GARWOLIŃSKI,PARYSÓW - OBSZAR WIEJSKI,Droga wojewódzka,805,Jednojezdniowa dwukierunkowa,Odcinek prosty,Obszar zabudowany,21.6580833333333,51.9644444444444,Jezdnia,Pochmurno,Noc - droga oświetlona,Inne,1,0,1,Lekko,N,,,,,,,,,,
EWK-107556520A,2019,2019-01-01,18,POWIAT GARWOLIŃSKI,PARYSÓW - OBSZAR WIEJSKI,Droga wojewódzka,805,Jednojezdniowa dwukierunkowa,Odcinek prosty,Obszar zabudowany,21.6580833333333,51.9644444444444,Jezdnia,Pochmurno,Noc - droga oświetlona,Inne,1,0,0,Nieokreślone (puste pole),N,,,,,,,,,,
EWK-107627945L,2019,2019-01-13,16,POWIAT OSTROŁĘCKI,RZEKUŃ - OBSZAR WIEJSKI,Droga wojewódzka,627,Jednojezdniowa dwukierunkowa,Odcinek prosty,Obszar niezabudowany,21.6623055555556,53.0430555555556,Jezdnia,Pochmurno,Noc - droga nieoświetlona,Najechanie na pieszego,1,1,0,Nieokreślone (puste pole),T,,,,,,,,,,
EWK-107670413K,2019,2019-01-29,17,POWIAT PUŁTUSKI,GZY - OBSZAR WIEJSKI,Droga powiatowa,P1242W,Jednojezdniowa dwukierunkowa,Odcinek prosty,Obszar niezabudowany,20.8333333333333,52.7305,Jezdnia,Pochmurno,Noc - droga nieoświetlona,Najechanie na pieszego,1,1,0,Nieokreślone (puste pole),N,,,,,,,,,,
EWK-108064737U,2019,2019-07-27,21,POWIAT PŁOŃSKI,CZERWIŃSK NAD WISŁĄ - OBSZAR WIEJSKI,Droga krajowa,62,Jednojezdniowa dwukierunkowa,Odcinek prosty,Obszar zabudowany,20.3435,52.4054722222222,Jezdnia,Pochmurno,Noc - droga nieoświetlona,Najechanie na pieszego,1,0,1,Lekko,T,,,,,,,,,,
EWK-108064737U,2019,2019-07-27,21,POWIAT PŁOŃSKI,CZERWIŃSK NAD WISŁĄ - OBSZAR WIEJSKI,Droga krajowa,62,Jednojezdniowa dwukierunkowa,Odcinek prosty,Obszar zabudowany,20.3435,52.4054722222222,Jezdnia,Pochmurno,Noc - droga nieoświetlona,Najechanie na pieszego,1,0,0,Nieokreślone (puste pole),T,,,,,,,,,,
EWK-108064799G,2019,2019-07-27,21,POWIAT SIEDLECKI,MORDY - OBSZAR WIEJSKI,Droga gminna,GMINNA,Jednojezdniowa dwukierunkowa,Odcinek prosty,Obszar niezabudowany,22.5725833333333,52.2116388888889,Jezdnia,Pochmurno,Noc - droga nieoświetlona,Najechanie na pieszego,1,0,1,Ciężko,T,,,,,,,,,,
EWK-108064799G,2019,2019-07-27,21,POWIAT SIEDLECKI,MORDY - OBSZAR WIEJSKI,Droga gminna,GMINNA,Jednojezdniowa dwukierunkowa,Odcinek prosty,Obszar niezabudowany,22.5725833333333,52.2116388888889,Jezdnia,Pochmurno,Noc - droga nieoświetlona,Najechanie na pieszego,1,0,0,Nieokreślone (puste pole),T,,,,,,,,,,
EWK-108230376L,2019,2019-10-13,19,POWIAT RADOMSKI,SKARYSZEW - OBSZAR WIEJSKI,Droga wojewódzka,733,Jednojezdniowa dwukierunkowa,Odcinek prosty,Obszar niezabudowany,21.3114444444444,51.30925,Jezdnia,Pochmurno,Noc - droga nieoświetlona,Najechanie na pieszego,1,0,1,Ciężko,N,,,,,,,,,,
EWK-108230376L,2019,2019-10-13,19,POWIAT RADOMSKI,SKARYSZEW - OBSZAR WIEJSKI,Droga wojewódzka,733,Jednojezdniowa dwukierunkowa,Odcinek prosty,Obszar niezabudowany,21.3114444444444,51.30925,Jezdnia,Pochmurno,Noc - droga nieoświetlona,Najechanie na pieszego,1,0,0,Nieokreślone (puste pole),N,,,,,,,,,,
EWK-108273130Y,2019,2019-10-29,19,POWIAT ŁOSICKI,SARNAKI - OBSZAR WIEJSKI,Droga krajowa,19,Jednojezdniowa dwukierunkowa,"Zakręt, łuk",Obszar niezabudowany,22.8714722222222,52.3580277777778,Jezdnia,Pochmurno,Noc - droga nieoświetlona,Najechanie na pieszego,1,0,1,Lekko,N,,,,,,,,,,
EWK-108273130Y,2019,2019-10-29,19,POWIAT ŁOSICKI,SARNAKI - OBSZAR WIEJSKI,Droga krajowa,19,Jednojezdniowa dwukierunkowa,"Zakręt, łuk",Obszar niezabudowany,22.8714722222222,52.3580277777778,Jezdnia,Pochmurno,Noc - droga nieoświetlona,Najechanie na pieszego,1,0,0,Nieokreślone (puste pole),N,,,,,,,,,,
EWK-108317795A,2019,2019-11-13,16,POWIAT PŁOŃSKI,SOCHOCIN - OBSZAR WIEJSKI,Droga powiatowa,P3036W,Jednojezdniowa dwukierunkowa,Odcinek prosty,Obszar niezabudowany,20.4592777777778,52.6996388888889,Jezdnia,Pochmurno,Noc - droga nieoświetlona,Najechanie na pieszego,1,1,0,Nieokreślone (puste pole),N,,,,,,,,,,
EWK-108516949R,2019,2019-12-26,17,POWIAT RADOM,RADOM - OBSZAR MIEJSKI,Droga gminna,G530113W,Jednojezdniowa dwukierunkowa,Odcinek prosty,Obszar zabudowany,21.1661666666667,51.3812777777778,Jezdnia,Pochmurno,Noc - droga nieoświetlona,Najechanie na pieszego,1,0,1,Lekko,N,,,,,,,,,,
EWK-108516949R,2019,2019-12-26,17,POWIAT RADOM,RADOM - OBSZAR MIEJSKI,Droga gminna,G530113W,Jednojezdniowa dwukierunkowa,Odcinek prosty,Obszar zabudowany,21.1661666666667,51.3812777777778,Jezdnia,Pochmurno,Noc - droga nieoświetlona,Najechanie na pieszego,1,0,0,Nieokreślone (puste pole),N,,,,,,,,,,
EWK-108518443A,2019,2019-12-28,5,POWIAT OSTROŁĘCKI,OLSZEWO-BORKI - OBSZAR WIEJSKI,Droga krajowa,53,Jednojezdniowa dwukierunkowa,Odcinek prosty,Obszar niezabudowany,21.5445555555556,53.0989722222222,Jezdnia,Pochmurno,Noc - droga nieoświetlona,Najechanie na pieszego,1,1,0,Nieokreślone (puste pole),N,,,,,,,,,,
EWK-108292332U,2019,2019-11-04,19,POWIAT KOZIENICKI,MAGNUSZEW - OBSZAR WIEJSKI,Droga gminna,GMINNA,Jednojezdniowa dwukierunkowa,Odcinek prosty,Obszar zabudowany,21.3813333333333,51.7636388888889,"Chodnik, droga dla pieszych",Pochmurno,Noc - droga oświetlona,Najechanie na pieszego,1,0,1,Ciężko,N,,,,,,,,,,
EWK-108292332U,2019,2019-11-04,19,POWIAT KOZIENICKI,MAGNUSZEW - OBSZAR WIEJSKI,Droga gminna,GMINNA,Jednojezdniowa dwukierunkowa,Odcinek prosty,Obszar zabudowany,21.3813333333333,51.7636388888889,"Chodnik, droga dla pieszych",Pochmurno,Noc - droga oświetlona,Najechanie na pieszego,1,0,0,Nieokreślone (puste pole),N,,,,,,,,,,
EWK-107586238R,2019,2019-01-03,16,POWIAT WYSZKOWSKI,WYSZKÓW - OBSZAR MIEJSKI,Droga gminna,GMINNA,Jednojezdniowa dwukierunkowa,Odcinek prosty,Obszar zabudowany,21.47775,52.5956666666667,Jezdnia,Pochmurno,Noc - droga oświetlona,Najechanie na pieszego,1,0,1,Ciężko,N,,,,,,,,,,
EWK-107586238R,2019,2019-01-03,16,POWIAT WYSZKOWSKI,WYSZKÓW - OBSZAR MIEJSKI,Droga gminna,GMINNA,Jednojezdniowa dwukierunkowa,Odcinek prosty,Obszar zabudowany,21.47775,52.5956666666667,Jezdnia,Pochmurno,Noc - droga oświetlona,Najechanie na pieszego,1,0,0,Nieokreślone (puste pole),N,,,,,,,,,,
EWK-107658646R,2019,2019-01-21,16,POWIAT RADOMSKI,JEDLIŃSK - OBSZAR WIEJSKI,Droga gminna,GMINNA,Jednojezdniowa dwukierunkowa,Odcinek prosty,Obszar zabudowany,21.1794166666667,51.5746388888889,Jezdnia,Pochmurno,Noc - droga oświetlona,Najechanie na pieszego,1,1,0,Nieokreślone (puste pole),N,,,,,,,,,,
EWK-107701079G,2019,2019-02-14,19,POWIAT RADOMSKI,JEDLIŃSK - OBSZAR WIEJSKI,Droga powiatowa,P3509W,Jednojezdniowa dwukierunkowa,Odcinek prosty,Obszar zabudowany,21.0974444444444,51.4907222222222,Jezdnia,Pochmurno,Noc - droga oświetlona,Najechanie na pieszego,1,0,1,Lekko,T,,,,,,,,,,
EWK-107701079G,2019,2019-02-14,19,POWIAT RADOMSKI,JEDLIŃSK - OBSZAR WIEJSKI,Droga powiatowa,P3509W,Jednojezdniowa dwukierunkowa,Odcinek prosty,Obszar zabudowany,21.0974444444444,51.4907222222222,Jezdnia,Pochmurno,Noc - droga oświetlona,Najechanie na pieszego,1,0,0,Nieokreślone (puste pole),T,,,,,,,,,,
EWK-107706028X,2019,2019-02-17,18,POWIAT SIEDLCE,SIEDLCE - OBSZAR MIEJSKI,Droga wojewódzka,698,Jednojezdniowa dwukierunkowa,Odcinek prosty,Obszar zabudowany,22.3259166666667,52.1661944444444,Jezdnia,Pochmurno,Noc - droga oświetlona,Najechanie na pieszego,1,0,1,Lekko,N,,,,,,,,,,
EWK-107706028X,2019,2019-02-17,18,POWIAT SIEDLCE,SIEDLCE - OBSZAR MIEJSKI,Droga wojewódzka,698,Jednojezdniowa dwukierunkowa,Odcinek prosty,Obszar zabudowany,22.3259166666667,52.1661944444444,Jezdnia,Pochmurno,Noc - droga oświetlona,Najechanie na pieszego,1,0,0,Nieokreślone (puste pole),N,,,,,,,,,,
EWK-107723502L,2019,2019-02-25,19,POWIAT OSTROŁĘCKI,KADZIDŁO - OBSZAR WIEJSKI,Droga powiatowa,2531W,Jednojezdniowa dwukierunkowa,Odcinek prosty,Obszar zabudowany,21.41025,53.2091944444445,Jezdnia,Pochmurno,Noc - droga oświetlona,Najechanie na pieszego,1,0,1,Lekko,N,,,,,,,,,,
EWK-107723502L,2019,2019-02-25,19,POWIAT OSTROŁĘCKI,KADZIDŁO - OBSZAR WIEJSKI,Droga powiatowa,2531W,Jednojezdniowa dwukierunkowa,Odcinek prosty,Obszar zabudowany,21.41025,53.2091944444445,Jezdnia,Pochmurno,Noc - droga oświetlona,Najechanie na pieszego,1,0,0,Nieokreślone (puste pole),N,,,,,,,,,,
EWK-107929390E,2019,2019-05-16,22,POWIAT RADOMSKI,ZAKRZEW - OBSZAR WIEJSKI,Droga wojewódzka,740,Jednojezdniowa dwukierunkowa,Odcinek prosty,Obszar zabudowany,21.0313333333333,51.4327777777778,Jezdnia,Pochmurno,Noc - droga oświetlona,Najechanie na pieszego,1,0,1,Ciężko,N,,,,,,,,,,
EWK-107929390E,2019,2019-05-16,22,POWIAT RADOMSKI,ZAKRZEW - OBSZAR WIEJSKI,Droga wojewódzka,740,Jednojezdniowa dwukierunkowa,Odcinek prosty,Obszar zabudowany,21.0313333333333,51.4327777777778,Jezdnia,Pochmurno,Noc - droga oświetlona,Najechanie na pieszego,1,0,0,Nieokreślone (puste pole),N,,,,,,,,,,
EWK-108195515L,2019,2019-10-01,21,POWIAT SOKOŁOWSKI,KOSÓW LACKI - OBSZAR WIEJSKI,Droga powiatowa,P3902W,Jednojezdniowa dwukierunkowa,"Zakręt, łuk",Obszar zabudowany,22.1425555555556,52.6216666666667,Jezdnia,Pochmurno,Noc - droga oświetlona,Najechanie na pieszego,1,0,1,Lekko,T,,,,,,,,,,
EWK-108195515L,2019,2019-10-01,21,POWIAT SOKOŁOWSKI,KOSÓW LACKI - OBSZAR WIEJSKI,Droga powiatowa,P3902W,Jednojezdniowa dwukierunkowa,"Zakręt, łuk",Obszar zabudowany,22.1425555555556,52.6216666666667,Jezdnia,Pochmurno,Noc - droga oświetlona,Najechanie na pieszego,1,0,0,Nieokreślone (puste pole),T,,,,,,,,,,
EWK-108296659D,2019,2019-11-06,18,POWIAT PŁOCK,PŁOCK - OBSZAR MIEJSKI,Droga powiatowa,P5222W,Jednojezdniowa dwukierunkowa,,Obszar zabudowany,19.7135,52.5393333333333,Jezdnia,Pochmurno,Noc - droga oświetlona,Najechanie na pieszego,1,0,1,Lekko,T,,,,,,,,,,
EWK-108296659D,2019,2019-11-06,18,POWIAT PŁOCK,PŁOCK - OBSZAR MIEJSKI,Droga powiatowa,P5222W,Jednojezdniowa dwukierunkowa,,Obszar zabudowany,19.7135,52.5393333333333,Jezdnia,Pochmurno,Noc - droga oświetlona,Najechanie na pieszego,1,0,0,Nieokreślone (puste pole),T,,,,,,,,,,
EWK-108322122C,2019,2019-11-14,16,POWIAT SIEDLECKI,SKÓRZEC - OBSZAR WIEJSKI,Droga powiatowa,P3605W,Jednojezdniowa dwukierunkowa,Odcinek prosty,Obszar zabudowany,22.1282222222222,52.1074166666667,Jezdnia,Pochmurno,Noc - droga oświetlona,Najechanie na pieszego,1,0,1,Ciężko,N,,,,,,,,,,
EWK-108322122C,2019,2019-11-14,16,POWIAT SIEDLECKI,SKÓRZEC - OBSZAR WIEJSKI,Droga powiatowa,P3605W,Jednojezdniowa dwukierunkowa,Odcinek prosty,Obszar zabudowany,22.1282222222222,52.1074166666667,Jezdnia,Pochmurno,Noc - droga oświetlona,Najechanie na pieszego,1,0,0,Nieokreślone (puste pole),N,,,,,,,,,,
EWK-108365870T,2019,2019-11-25,17,POWIAT RADOMSKI,JEDLNIA-LETNISKO - OBSZAR WIEJSKI,Droga wojewódzka,699,Jednojezdniowa dwukierunkowa,Odcinek prosty,Obszar zabudowany,21.3303888888889,51.3938611111111,Jezdnia,Pochmurno,Noc - droga oświetlona,Najechanie na pieszego,1,1,0,Nieokreślone (puste pole),N,,,,,,,,,,
EWK-108366614Y,2019,2019-11-25,16,POWIAT PUŁTUSKI,PUŁTUSK - OBSZAR MIEJSKI,Droga krajowa,61,Jednojezdniowa dwukierunkowa,Odcinek prosty,Obszar zabudowany,21.08775,52.72425,Jezdnia,Pochmurno,Noc - droga oświetlona,Najechanie na pieszego,1,1,0,Nieokreślone (puste pole),N,,,,,,,,,,
EWK-108487495Y,2019,2019-12-13,17,POWIAT RADOMSKI,JASTRZĘBIA - OBSZAR WIEJSKI,Droga powiatowa,P1715W,Jednojezdniowa dwukierunkowa,Odcinek prosty,Obszar niezabudowany,21.2225277777778,51.4818888888889,Jezdnia,Pochmurno,Noc - droga oświetlona,Najechanie na pieszego,1,0,1,Ciężko,N,,,,,,,,,,
EWK-108487495Y,2019,2019-12-13,17,POWIAT RADOMSKI,JASTRZĘBIA - OBSZAR WIEJSKI,Droga powiatowa,P1715W,Jednojezdniowa dwukierunkowa,Odcinek prosty,Obszar niezabudowany,21.2225277777778,51.4818888888889,Jezdnia,Pochmurno,Noc - droga oświetlona,Najechanie na pieszego,1,0,0,Nieokreślone (puste pole),N,,,,,,,,,,
EWK-108489865T,2019,2019-12-14,23,POWIAT SZYDŁOWIECKI,OROŃSKO - OBSZAR WIEJSKI,Droga krajowa,7,Jednojezdniowa dwukierunkowa,Odcinek prosty,Obszar zabudowany,20.9917222222222,51.3143333333333,Jezdnia,Pochmurno,Noc - droga oświetlona,Najechanie na pieszego,1,1,0,Nieokreślone (puste pole),N,,,,,,,,,,
EWK-108505909J,2019,2019-12-20,18,POWIAT SIERPECKI,SIERPC - OBSZAR WIEJSKI,Droga gminna,GMINNA,Jednojezdniowa dwukierunkowa,Odcinek prosty,Obszar zabudowany,19.7407222222222,52.8551944444444,Jezdnia,Pochmurno,Noc - droga oświetlona,Najechanie na pieszego,1,0,1,Lekko,T,,,,,,,,,,
EWK-108505909J,2019,2019-12-20,18,POWIAT SIERPECKI,SIERPC - OBSZAR WIEJSKI,Droga gminna,GMINNA,Jednojezdniowa dwukierunkowa,Odcinek prosty,Obszar zabudowany,19.7407222222222,52.8551944444444,Jezdnia,Pochmurno,Noc - droga oświetlona,Najechanie na pieszego,1,0,0,Nieokreślone (puste pole),T,,,,,,,,,,
EWK-108517030N,2019,2019-12-26,18,POWIAT RADOMSKI,SKARYSZEW - OBSZAR WIEJSKI,Droga krajowa,9,Jednojezdniowa dwukierunkowa,Odcinek prosty,Obszar zabudowany,21.2083055555556,51.3571388888889,Jezdnia,Pochmurno,Noc - droga oświetlona,Najechanie na pieszego,1,1,0,Nieokreślone (puste pole),N,,,,,,,,,,
EWK-107620263E,2019,2019-01-10,17,POWIAT SIEDLCE,SIEDLCE - OBSZAR MIEJSKI,Droga powiatowa,P,Jednojezdniowa dwukierunkowa,,Obszar zabudowany,22.2530833333333,52.1618611111111,Przejście dla pieszych,Pochmurno,Noc - droga oświetlona,Najechanie na pieszego,1,0,1,Lekko,N,,,,,,,,,,
EWK-107620263E,2019,2019-01-10,17,POWIAT SIEDLCE,SIEDLCE - OBSZAR MIEJSKI,Droga powiatowa,P,Jednojezdniowa dwukierunkowa,,Obszar zabudowany,22.2530833333333,52.1618611111111,Przejście dla pieszych,Pochmurno,Noc - droga oświetlona,Najechanie na pieszego,1,0,0,Nieokreślone (puste pole),N,,,,,,,,,,
EWK-107626304P,2019,2019-01-12,17,POWIAT RADOM,RADOM - OBSZAR MIEJSKI,Droga wojewódzka,737,Dwie jezdnie jednokierunkowe,Odcinek prosty,Obszar zabudowany,21.21575,51.4225277777778,Przejście dla pieszych,Pochmurno,Noc - droga oświetlona,Najechanie na pieszego,1,0,1,Ciężko,N,,,,,,,,,,
EWK-107626304P,2019,2019-01-12,17,POWIAT RADOM,RADOM - OBSZAR MIEJSKI,Droga wojewódzka,737,Dwie jezdnie jednokierunkowe,Odcinek prosty,Obszar zabudowany,21.21575,51.4225277777778,Przejście dla pieszych,Pochmurno,Noc - droga oświetlona,Najechanie na pieszego,1,0,0,Nieokreślone (puste pole),N,,,,,,,,,,
EWK-107701580F,2019,2019-02-12,5,POWIAT RADOM,RADOM - OBSZAR MIEJSKI,Droga krajowa,7,Dwie jezdnie jednokierunkowe,,Obszar zabudowany,21.1445833333333,51.4447222222222,Przejście dla pieszych,Pochmurno,Noc - droga oświetlona,Najechanie na pieszego,1,1,0,Nieokreślone (puste pole),N,,,,,,,,,,
EWK-107710043L,2019,2019-02-08,19,POWIAT SOKOŁOWSKI,SOKOŁÓW PODLASKI - OBSZAR MIEJSKI,Droga krajowa,62,Jednojezdniowa dwukierunkowa,,Obszar zabudowany,22.2305277777778,52.4071666666667,Przejście dla pieszych,Pochmurno,Noc - droga oświetlona,Najechanie na pieszego,1,0,1,Ciężko,N,,,,,,,,,,
EWK-107710043L,2019,2019-02-08,19,POWIAT SOKOŁOWSKI,SOKOŁÓW PODLASKI - OBSZAR MIEJSKI,Droga krajowa,62,Jednojezdniowa dwukierunkowa,,Obszar zabudowany,22.2305277777778,52.4071666666667,Przejście dla pieszych,Pochmurno,Noc - droga oświetlona,Najechanie na pieszego,1,0,0,Nieokreślone (puste pole),N,,,,,,,,,,
EWK-107736116U,2019,2019-03-02,22,POWIAT RADOM,RADOM - OBSZAR MIEJSKI,Droga powiatowa,P5312W,Jednojezdniowa dwukierunkowa,Odcinek prosty,Obszar zabudowany,21.1590833333333,51.4057777777778,Przejście dla pieszych,Pochmurno,Noc - droga oświetlona,Najechanie na pieszego,1,1,0,Nieokreślone (puste pole),N,,,,,,,,,,
EWK-107744154N,2019,2019-03-07,20,POWIAT ŻUROMIŃSKI,ŻUROMIN - OBSZAR MIEJSKI,Droga powiatowa,P,Jednojezdniowa dwukierunkowa,,Obszar zabudowany,19.9134444444444,53.0660555555556,Przejście dla pieszych,Pochmurno,Noc - droga oświetlona,Najechanie na pieszego,1,0,1,Ciężko,N,,,,,,,,,,
EWK-107744154N,2019,2019-03-07,20,POWIAT ŻUROMIŃSKI,ŻUROMIN - OBSZAR MIEJSKI,Droga powiatowa,P,Jednojezdniowa dwukierunkowa,,Obszar zabudowany,19.9134444444444,53.0660555555556,Przejście dla pieszych,Pochmurno,Noc - droga oświetlona,Najechanie na pieszego,1,0,0,Nieokreślone (puste pole),N,,,,,,,,,,