IDKSIP,year,date,hour,district,district_commune,road_category,road_number,type_of_road,road_geometry,area,Longitude,Latitude,char_place_of_the_event,weather_conditions,lighting,type_of_accident,num_of_accidents,num_of_fatalities,num_of_injured,type_of_injury,is_offender_intoxicated,,,,,,,,,,
EWK-108220455W,2019,2019-10-09,19,POWIAT CIECHANOWSKI,CIECHANÓW - OBSZAR MIEJSKI,Droga wojewódzka,615,Jednojezdniowa dwukierunkowa,,Obszar zabudowany,20.6038333333333,52.88325,Przejście dla pieszych,Pochmurno,Noc - droga oświetlona,Najechanie na pieszego,1,0,1,Ciężko,N,,,,,,,,,,
EWK-108220455W,2019,2019-10-09,19,POWIAT CIECHANOWSKI,CIECHANÓW - OBSZAR MIEJSKI,Droga wojewódzka,615,Jednojezdniowa dwukierunkowa,,Obszar zabudowany,20.6038333333333,52.88325,Przejście dla pieszych,Pochmurno,Noc - droga oświetlona,Najechanie na pieszego,1,0,0,Nieokreślone (puste pole),N,,,,,,,,,,
EWK-108421417X,2019,2019-12-07,15,POWIAT RADOM,RADOM - OBSZAR MIEJSKI,Droga powiatowa,P5329W,Jednojezdniowa dwukierunkowa,Odcinek prosty,Obszar zabudowany,21.1765,51.4143055555556,Przejście dla pieszych,Pochmurno,Noc - droga oświetlona,Najechanie na pieszego,1,0,1,Lekko,N,,,,,,,,,,
EWK-108421417X,2019,2019-12-07,15,POWIAT RADOM,RADOM - OBSZAR MIEJSKI,Droga powiatowa,P5329W,Jednojezdniowa dwukierunkowa,Odcinek prosty,Obszar zabudowany,21.1765,51.4143055555556,Przejście dla pieszych,Pochmurno,Noc - droga oświetlona,Najechanie na pieszego,1,0,0,Nieokreślone (puste pole),N,,,,,,,,,,
EWK-108526101X,2019,2019-12-31,15,POWIAT SIEDLECKI,KOTUŃ - OBSZAR WIEJSKI,Droga krajowa,2,Jednojezdniowa dwukierunkowa,Odcinek prosty,Obszar zabudowany,21.954,52.2037777777778,Przejście dla pieszych,Pochmurno,Noc - droga oświetlona,Najechanie na pieszego,1,2,0,Nieokreślone (puste pole),N,,,,,,,,,,
EWK-108303456D,2019,2019-11-10,16,POWIAT CIECHANOWSKI,OPINOGÓRA GÓRNA - OBSZAR WIEJSKI,Droga gminna,G120706W,Jednojezdniowa dwukierunkowa,"Zakręt, łuk",Obszar zabudowany,20.7365833333333,52.96375,"Wjazd, wyjazd z posesji, pola",Pochmurno,Noc - droga oświetlona,Najechanie na pieszego,1,0,1,Lekko,T,,,,,,,,,,
EWK-108303456D,2019,2019-11-10,16,POWIAT CIECHANOWSKI,OPINOGÓRA GÓRNA - OBSZAR WIEJSKI,Droga gminna,G120706W,Jednojezdniowa dwukierunkowa,"Zakręt, łuk",Obszar zabudowany,20.7365833333333,52.96375,"Wjazd, wyjazd z posesji, pola",Pochmurno,Noc - droga oświetlona,Najechanie na pieszego,1,0,0,Nieokreślone (puste pole),T,,,,,,,,,,
EWK-107697907F,2019,2019-02-13,11,POWIAT RADOM,RADOM - OBSZAR MIEJSKI,Droga gminna,GMINNA,Jednojezdniowa dwukierunkowa,Odcinek prosty,Obszar zabudowany,21.1776666666667,51.3716111111111,"Chodnik, droga dla pieszych",Pochmurno,Światło dzienne,Najechanie na pieszego,1,0,1,Lekko,N,,,,,,,,,,
EWK-107697907F,2019,2019-02-13,11,POWIAT RADOM,RADOM - OBSZAR MIEJSKI,Droga gminna,GMINNA,Jednojezdniowa dwukierunkowa,Odcinek prosty,Obszar zabudowany,21.1776666666667,51.3716111111111,"Chodnik, droga dla pieszych",Pochmurno,Światło dzienne,Najechanie na pieszego,1,0,0,Nieokreślone (puste pole),N,,,,,,,,,,
EWK-107625744U,2019,2019-01-12,9,POWIAT CIECHANOWSKI,CIECHANÓW - OBSZAR MIEJSKI,Droga gminna,G120151W,Jednojezdniowa dwukierunkowa,Odcinek prosty,Obszar zabudowany,20.6321944444444,52.8805277777778,Jezdnia,Pochmurno,Światło dzienne,Najechanie na pieszego,1,0,1,Lekko,N,,,,,,,,,,
EWK-107625744U,2019,2019-01-12,9,POWIAT CIECHANOWSKI,CIECHANÓW - OBSZAR MIEJSKI,Droga gminna,G120151W,Jednojezdniowa dwukierunkowa,Odcinek prosty,Obszar zabudowany,20.6321944444444,52.8805277777778,Jezdnia,Pochmurno,Światło dzienne,Najechanie na pieszego,1,0,0,Nieokreślone (puste pole),N,,,,,,,,,,
EWK-107922223E,2019,2019-05-12,18,POWIAT WYSZKOWSKI,RZĄŚNIK - OBSZAR WIEJSKI,Droga powiatowa,4410W,Jednojezdniowa dwukierunkowa,Odcinek prosty,Obszar zabudowany,21.3312777777778,52.6721944444445,Jezdnia,Pochmurno,Światło dzienne,Najechanie na pieszego,1,0,1,Ciężko,N,,,,,,,,,,
EWK-107922223E,2019,2019-05-12,18,POWIAT WYSZKOWSKI,RZĄŚNIK - OBSZAR WIEJSKI,Droga powiatowa,4410W,Jednojezdniowa dwukierunkowa,Odcinek prosty,Obszar zabudowany,21.3312777777778,52.6721944444445,Jezdnia,Pochmurno,Światło dzienne,Najechanie na pieszego,1,0,0,Nieokreślone (puste pole),N,,,,,,,,,,
EWK-107937280H,2019,2019-05-14,9,POWIAT RADOM,RADOM - OBSZAR MIEJSKI,Droga gminna,GMINNA,Jednojezdniowa dwukierunkowa,Odcinek prosty,Obszar zabudowany,21.1483888888889,51.3760555555556,Jezdnia,Pochmurno,Światło dzienne,Najechanie na pieszego,1,1,0,Nieokreślone (puste pole),N,,,,,,,,,,
EWK-108029472G,2019,2019-07-07,20,POWIAT GARWOLIŃSKI,PARYSÓW - OBSZAR WIEJSKI,Droga powiatowa,P1316W,Jednojezdniowa dwukierunkowa,Odcinek prosty,Obszar zabudowany,21.6946388888889,51.993,Jezdnia,Pochmurno,Światło dzienne,Najechanie na pieszego,1,0,1,Lekko,N,,,,,,,,,,
EWK-108029472G,2019,2019-07-07,20,POWIAT GARWOLIŃSKI,PARYSÓW - OBSZAR WIEJSKI,Droga powiatowa,P1316W,Jednojezdniowa dwukierunkowa,Odcinek prosty,Obszar zabudowany,21.6946388888889,51.993,Jezdnia,Pochmurno,Światło dzienne,Najechanie na pieszego,1,0,0,Nieokreślone (puste pole),N,,,,,,,,,,
EWK-108192588K,2019,2019-09-30,14,POWIAT SOCHACZEWSKI,BROCHÓW - OBSZAR WIEJSKI,Droga wojewódzka,705,Jednojezdniowa dwukierunkowa,Odcinek prosty,Obszar niezabudowany,20.2811944444444,52.3317777777778,Jezdnia,Pochmurno,Światło dzienne,Najechanie na pieszego,1,0,1,Ciężko,T,,,,,,,,,,
EWK-108192588K,2019,2019-09-30,14,POWIAT SOCHACZEWSKI,BROCHÓW - OBSZAR WIEJSKI,Droga wojewódzka,705,Jednojezdniowa dwukierunkowa,Odcinek prosty,Obszar niezabudowany,20.2811944444444,52.3317777777778,Jezdnia,Pochmurno,Światło dzienne,Najechanie na pieszego,1,0,0,Nieokreślone (puste pole),T,,,,,,,,,,
EWK-108196398X,2019,2019-10-01,13,POWIAT PŁOCKI,BULKOWO - OBSZAR WIEJSKI,Droga gminna,GMINNA,Jednojezdniowa dwukierunkowa,Odcinek prosty,Obszar zabudowany,20.14875,52.5148055555556,Jezdnia,Pochmurno,Światło dzienne,Najechanie na pieszego,1,0,1,Lekko,N,,,,,,,,,,
EWK-108196398X,2019,2019-10-01,13,POWIAT PŁOCKI,BULKOWO - OBSZAR WIEJSKI,Droga gminna,GMINNA,Jednojezdniowa dwukierunkowa,Odcinek prosty,Obszar zabudowany,20.14875,52.5148055555556,Jezdnia,Pochmurno,Światło dzienne,Najechanie na pieszego,1,0,0,Nieokreślone (puste pole),N,,,,,,,,,,
EWK-108235631T,2019,2019-10-16,11,POWIAT GOSTYNIŃSKI,GOSTYNIN - OBSZAR WIEJSKI,Droga krajowa,S60G,Jednojezdniowa dwukierunkowa,Odcinek prosty,Obszar niezabudowany,19.4603333333333,52.4047222222222,Jezdnia,Pochmurno,Światło dzienne,Najechanie na pieszego,1,0,1,Ciężko,N,,,,,,,,,,
EWK-108235631T,2019,2019-10-16,11,POWIAT GOSTYNIŃSKI,GOSTYNIN - OBSZAR WIEJSKI,Droga krajowa,S60G,Jednojezdniowa dwukierunkowa,Odcinek prosty,Obszar niezabudowany,19.4603333333333,52.4047222222222,Jezdnia,Pochmurno,Światło dzienne,Najechanie na pieszego,1,0,0,Nieokreślone (puste pole),N,,,,,,,,,,
EWK-108414638P,2019,2019-12-04,5,POWIAT RADOMSKI,WIERZBICA - OBSZAR WIEJSKI,Droga powiatowa,P3545W,Jednojezdniowa dwukierunkowa,Odcinek prosty,Obszar zabudowany,21.1413333333333,51.2235555555556,Jezdnia,Pochmurno,Światło dzienne,Najechanie na pieszego,1,0,1,Ciężko,N,,,,,,,,,,
EWK-108414638P,2019,2019-12-04,5,POWIAT RADOMSKI,WIERZBICA - OBSZAR WIEJSKI,Droga powiatowa,P3545W,Jednojezdniowa dwukierunkowa,Odcinek prosty,Obszar zabudowany,21.1413333333333,51.2235555555556,Jezdnia,Pochmurno,Światło dzienne,Najechanie na pieszego,1,0,0,Nieokreślone (puste pole),N,,,,,,,,,,
EWK-108414818U,2019,2019-12-04,11,POWIAT RADOMSKI,WOLANÓW - OBSZAR WIEJSKI,Droga gminna,GMINNA,Jednojezdniowa dwukierunkowa,Odcinek prosty,Obszar zabudowany,21.0258333333333,51.3818888888889,Jezdnia,Pochmurno,Światło dzienne,Najechanie na pieszego,1,0,1,Lekko,T,,,,,,,,,,
EWK-108414818U,2019,2019-12-04,11,POWIAT RADOMSKI,WOLANÓW - OBSZAR WIEJSKI,Droga gminna,GMINNA,Jednojezdniowa dwukierunkowa,Odcinek prosty,Obszar zabudowany,21.0258333333333,51.3818888888889,Jezdnia,Pochmurno,Światło dzienne,Najechanie na pieszego,1,0,0,Nieokreślone (puste pole),T,,,,,,,,,,
EWK-108498677N,2019,2019-12-18,13,POWIAT RADOM,RADOM - OBSZAR MIEJSKI,Droga powiatowa,P5339W,Dwie jezdnie jednokierunkowe,,Obszar zabudowany,21.1377222222222,51.4115,Jezdnia,Pochmurno,Światło dzienne,Najechanie na pieszego,1,0,1,Ciężko,N,,,,,,,,,,
EWK-108498677N,2019,2019-12-18,13,POWIAT RADOM,RADOM - OBSZAR MIEJSKI,Droga powiatowa,P5339W,Dwie jezdnie jednokierunkowe,,Obszar zabudowany,21.1377222222222,51.4115,Jezdnia,Pochmurno,Światło dzienne,Najechanie na pieszego,1,0,0,Nieokreślone (puste pole),N,,,,,,,,,,
EWK-107922729Q,2019,2019-05-13,7,POWIAT WĘGROWSKI,WĘGRÓW - OBSZAR MIEJSKI,Droga gminna,GMINNA,Jednojezdniowa dwukierunkowa,Odcinek prosty,Obszar zabudowany,22.0416666666667,52.3985833333333,"Parking, plac, MOP",Pochmurno,Światło dzienne,Najechanie na pieszego,1,0,1,Lekko,N,,,,,,,,,,
EWK-107922729Q,2019,2019-05-13,7,POWIAT WĘGROWSKI,WĘGRÓW - OBSZAR MIEJSKI,Droga gminna,GMINNA,Jednojezdniowa dwukierunkowa,Odcinek prosty,Obszar zabudowany,22.0416666666667,52.3985833333333,"Parking, plac, MOP",Pochmurno,Światło dzienne,Najechanie na pieszego,1,0,0,Nieokreślone (puste pole),N,,,,,,,,,,
EWK-108345202C,2019,2019-11-20,6,POWIAT OSTROŁĘCKI,BARANOWO - OBSZAR WIEJSKI,Droga powiatowa,2574W,Jednojezdniowa dwukierunkowa,"Zakręt, łuk",Obszar niezabudowany,21.1769166666667,53.2450277777778,Pobocze,Pochmurno,Światło dzienne,Najechanie na pieszego,1,1,0,Nieokreślone (puste pole),N,,,,,,,,,,
EWK-107695007N,2019,2019-01-25,13,POWIAT RADOM,RADOM - OBSZAR MIEJSKI,Droga powiatowa,P5309W,Jednojezdniowa dwukierunkowa,,Obszar zabudowany,21.1725833333333,51.3891388888889,Przejście dla pieszych,Pochmurno,Światło dzienne,Najechanie na pieszego,1,0,1,Lekko,N,,,,,,,,,,
EWK-107695007N,2019,2019-01-25,13,POWIAT RADOM,RADOM - OBSZAR MIEJSKI,Droga powiatowa,P5309W,Jednojezdniowa dwukierunkowa,,Obszar zabudowany,21.1725833333333,51.3891388888889,Przejście dla pieszych,Pochmurno,Światło dzienne,Najechanie na pieszego,1,0,0,Nieokreślone (puste pole),N,,,,,,,,,,
EWK-107880998A,2019,2019-04-12,7,POWIAT RADOMSKI,JEDLIŃSK - OBSZAR WIEJSKI,Droga krajowa,7,Jednojezdniowa dwukierunkowa,Odcinek prosty,Obszar niezabudowany,21.1372222222222,51.4848611111111,Przejście dla pieszych,Pochmurno,Światło dzienne,Najechanie na pieszego,1,0,1,Ciężko,N,,,,,,,,,,
EWK-107880998A,2019,2019-04-12,7,POWIAT RADOMSKI,JEDLIŃSK - OBSZAR WIEJSKI,Droga krajowa,7,Jednojezdniowa dwukierunkowa,Odcinek prosty,Obszar niezabudowany,21.1372222222222,51.4848611111111,Przejście dla pieszych,Pochmurno,Światło dzienne,Najechanie na pieszego,1,0,0,Nieokreślone (puste pole),N,,,,,,,,,,
EWK-107915183R,2019,2019-05-08,18,POWIAT RADOM,RADOM - OBSZAR MIEJSKI,Droga krajowa,7,Dwie jezdnie jednokierunkowe,Odcinek prosty,Obszar zabudowany,21.1378611111111,51.4326944444444,Przejście dla pieszych,Pochmurno,Światło dzienne,Najechanie na pieszego,1,0,1,Ciężko,N,,,,,,,,,,
EWK-107915183R,2019,2019-05-08,18,POWIAT RADOM,RADOM - OBSZAR MIEJSKI,Droga krajowa,7,Dwie jezdnie jednokierunkowe,Odcinek prosty,Obszar zabudowany,21.1378611111111,51.4326944444444,Przejście dla pieszych,Pochmurno,Światło dzienne,Najechanie na pieszego,1,0,0,Nieokreślone (puste pole),N,,,,,,,,,,
EWK-107917594D,2019,2019-05-10,10,POWIAT ŻYRARDOWSKI,ŻYRARDÓW - OBSZAR MIEJSKI,Droga powiatowa,P4730W,Jednojezdniowa dwukierunkowa,,Obszar zabudowany,20.4481666666667,52.0581944444444,Przejście dla pieszych,Pochmurno,Światło dzienne,Najechanie na pieszego,1,0,1,Ciężko,N,,,,,,,,,,
EWK-107917594D,2019,2019-05-10,10,POWIAT ŻYRARDOWSKI,ŻYRARDÓW - OBSZAR MIEJSKI,Droga powiatowa,P4730W,Jednojezdniowa dwukierunkowa,,Obszar zabudowany,20.4481666666667,52.0581944444444,Przejście dla pieszych,Pochmurno,Światło dzienne,Najechanie na pieszego,1,0,0,Nieokreślone (puste pole),N,,,,,,,,,,
EWK-107923953P,2019,2019-05-13,15,POWIAT SOCHACZEWSKI,TERESIN - OBSZAR WIEJSKI,Droga powiatowa,P0244T,Jednojezdniowa dwukierunkowa,,Obszar zabudowany,20.4056111111111,52.1999722222222,Przejście dla pieszych,Pochmurno,Światło dzienne,Najechanie na pieszego,1,0,1,Ciężko,N,,,,,,,,,,
EWK-107923953P,2019,2019-05-13,15,POWIAT SOCHACZEWSKI,TERESIN - OBSZAR WIEJSKI,Droga powiatowa,P0244T,Jednojezdniowa dwukierunkowa,,Obszar zabudowany,20.4056111111111,52.1999722222222,Przejście dla pieszych,Pochmurno,Światło dzienne,Najechanie na pieszego,1,0,0,Nieokreślone (puste pole),N,,,,,,,,,,
EWK-107930226X,2019,2019-05-16,15,POWIAT ŻYRARDOWSKI,ŻYRARDÓW - OBSZAR MIEJSKI,Droga gminna,GMINNA,Jednojezdniowa dwukierunkowa,Odcinek prosty,Obszar zabudowany,20.4381388888889,52.0558333333333,Przejście dla pieszych,Pochmurno,Światło dzienne,Najechanie na pieszego,1,0,2,Ciężko,N,,,,,,,,,,
EWK-107930226X,2019,2019-05-16,15,POWIAT ŻYRARDOWSKI,ŻYRARDÓW - OBSZAR MIEJSKI,Droga gminna,GMINNA,Jednojezdniowa dwukierunkowa,Odcinek prosty,Obszar zabudowany,20.4381388888889,52.0558333333333,Przejście dla pieszych,Pochmurno,Światło dzienne,Najechanie na pieszego,1,0,0,Nieokreślone (puste pole),N,,,,,,,,,,
EWK-107930474G,2019,2019-05-16,15,POWIAT PŁOCK,PŁOCK - OBSZAR MIEJSKI,Droga gminna,G520084W,Jednojezdniowa dwukierunkowa,,Obszar zabudowany,19.7206388888889,52.5481388888889,Przejście dla pieszych,Pochmurno,Światło dzienne,Najechanie na pieszego,1,0,1,Ciężko,N,,,,,,,,,,
EWK-107930474G,2019,2019-05-16,15,POWIAT PŁOCK,PŁOCK - OBSZAR MIEJSKI,Droga gminna,G520084W,Jednojezdniowa dwukierunkowa,,Obszar zabudowany,19.7206388888889,52.5481388888889,Przejście dla pieszych,Pochmurno,Światło dzienne,Najechanie na pieszego,1,0,0,Nieokreślone (puste pole),N,,,,,,,,,,
EWK-107936702R,2019,2019-05-21,7,POWIAT RADOM,RADOM - OBSZAR MIEJSKI,Droga powiatowa,P5301W,Jednojezdniowa dwukierunkowa,Odcinek prosty,Obszar zabudowany,21.1584444444444,51.4094166666667,Przejście dla pieszych,Pochmurno,Światło dzienne,Najechanie na pieszego,1,0,1,Lekko,N,,,,,,,,,,
EWK-107936702R,2019,2019-05-21,7,POWIAT RADOM,RADOM - OBSZAR MIEJSKI,Droga powiatowa,P5301W,Jednojezdniowa dwukierunkowa,Odcinek prosty,Obszar zabudowany,21.1584444444444,51.4094166666667,Przejście dla pieszych,Pochmurno,Światło dzienne,Najechanie na pieszego,1,0,0,Nieokreślone (puste pole),N,,,,,,,,,,
EWK-108079172D,2019,2019-08-05,8,POWIAT PŁOCK,PŁOCK - OBSZAR MIEJSKI,Droga wojewódzka,559,Jednojezdniowa dwukierunkowa,,Obszar zabudowany,19.6763055555556,52.5648055555556,Przejście dla pieszych,Pochmurno,Światło dzienne,Najechanie na pieszego,1,0,1,Lekko,N,,,,,,,,,,
EWK-108079172D,2019,2019-08-05,8,POWIAT PŁOCK,PŁOCK - OBSZAR MIEJSKI,Droga wojewódzka,559,Jednojezdniowa dwukierunkowa,,Obszar zabudowany,19.6763055555556,52.5648055555556,Przejście dla pieszych,Pochmurno,Światło dzienne,Najechanie na pieszego,1,0,0,Nieokreślone (puste pole),N,,,,,,,,,,
EWK-108159959D,2019,2019-09-05,4,POWIAT RADOM,RADOM - OBSZAR MIEJSKI,Droga powiatowa,P5321W,Jednojezdniowa dwukierunkowa,Odcinek prosty,Obszar zabudowany,21.1669722222222,51.391,Przejście dla pieszych,Pochmurno,Światło dzienne,Najechanie na pieszego,1,0,1,Lekko,T,,,,,,,,,,
EWK-108159959D,2019,2019-09-05,4,POWIAT RADOM,RADOM - OBSZAR MIEJSKI,Droga powiatowa,P5321W,Jednojezdniowa dwukierunkowa,Odcinek prosty,Obszar zabudowany,21.1669722222222,51.391,Przejście dla pieszych,Pochmurno,Światło dzienne,Najechanie na pieszego,1,0,0,Nieokreślone (puste pole),T,,,,,,,,,,
EWK-108185024W,2019,2019-09-26,9,POWIAT GARWOLIŃSKI,GARWOLIN - OBSZAR MIEJSKI,Droga krajowa,76,Jednojezdniowa dwukierunkowa,Odcinek prosty,Obszar zabudowany,21.61575,51.8975833333333,Przejście dla pieszych,Pochmurno,Światło dzienne,Najechanie na pieszego,1,0,1,Lekko,N,,,,,,,,,,
EWK-108185024W,2019,2019-09-26,9,POWIAT GARWOLIŃSKI,GARWOLIN - OBSZAR MIEJSKI,Droga krajowa,76,Jednojezdniowa dwukierunkowa,Odcinek prosty,Obszar zabudowany,21.61575,51.8975833333333,Przejście dla pieszych,Pochmurno,Światło dzienne,Najechanie na pieszego,1,0,0,Nieokreślone (puste pole),N,,,,,,,,,,
EWK-108425629Q,2019,2019-12-09,12,POWIAT GARWOLIŃSKI,GARWOLIN - OBSZAR MIEJSKI,Droga gminna,GMINNA,Jednojezdniowa dwukierunkowa,Odcinek prosty,Obszar zabudowany,21.6222777777778,51.8878611111111,Przejście dla pieszych,Pochmurno,Światło dzienne,Najechanie na pieszego,1,0,1,Lekko,N,,,,,,,,,,
EWK-108425629Q,2019,2019-12-09,12,POWIAT GARWOLIŃSKI,GARWOLIN - OBSZAR MIEJSKI,Droga gminna,GMINNA,Jednojezdniowa dwukierunkowa,Odcinek prosty,Obszar zabudowany,21.6222777777778,51.8878611111111,Przejście dla pieszych,Pochmurno,Światło dzienne,Najechanie na pieszego,1,0,0,Nieokreślone (puste pole),N,,,,,,,,,,
EWK-107905852K,2019,2019-05-02,8,POWIAT PŁOCK,PŁOCK - OBSZAR MIEJSKI,Droga wojewódzka,559,Jednojezdniowa dwukierunkowa,Odcinek prosty,Obszar zabudowany,19.6750277777778,52.5666388888889,Przystanek komunikacji publicznej,Pochmurno,Światło dzienne,Najechanie na pieszego,1,0,1,Lekko,T,,,,,,,,,,
EWK-107905852K,2019,2019-05-02,8,POWIAT PŁOCK,PŁOCK - OBSZAR MIEJSKI,Droga wojewódzka,559,Jednojezdniowa dwukierunkowa,Odcinek prosty,Obszar zabudowany,19.6750277777778,52.5666388888889,Przystanek komunikacji publicznej,Pochmurno,Światło dzienne,Najechanie na pieszego,1,0,0,Nieokreślone (puste pole),T,,,,,,,,,,
EWK-108323442H,2019,2019-11-15,7,POWIAT ŻYRARDOWSKI,ŻYRARDÓW - OBSZAR MIEJSKI,Droga gminna,GMINNA,Jednojezdniowa dwukierunkowa,Odcinek prosty,Obszar zabudowany,20.4299444444444,52.0610833333333,Przystanek komunikacji publicznej,Pochmurno,Światło dzienne,Najechanie na pieszego,1,0,1,Ciężko,N,,,,,,,,,,
EWK-108323442H,2019,2019-11-15,7,POWIAT ŻYRARDOWSKI,ŻYRARDÓW - OBSZAR MIEJSKI,Droga gminna,GMINNA,Jednojezdniowa dwukierunkowa,Odcinek prosty,Obszar zabudowany,20.4299444444444,52.0610833333333,Przystanek komunikacji publicznej,Pochmurno,Światło dzienne,Najechanie na pieszego,1,1,0,Nieokreślone (puste pole),N,,,,,,,,,,
EWK-108100749H,2019,2019-08-14,12,POWIAT RADOM,RADOM - OBSZAR MIEJSKI,Droga powiatowa,P5312W,Jednojezdniowa dwukierunkowa,Odcinek prosty,Obszar zabudowany,21.1778888888889,51.4096111111111,"Wjazd, wyjazd z posesji, pola",Pochmurno,Światło dzienne,Najechanie na pieszego,1,0,1,Lekko,N,,,,,,,,,,
EWK-108100749H,2019,2019-08-14,12,POWIAT RADOM,RADOM - OBSZAR MIEJSKI,Droga powiatowa,P5312W,Jednojezdniowa dwukierunkowa,Odcinek prosty,Obszar zabudowany,21.1778888888889,51.4096111111111,"Wjazd, wyjazd z posesji, pola",Pochmurno,Światło dzienne,Najechanie na pieszego,1,0,0,Nieokreślone (puste pole),N,,,,,,,,,,
EWK-108112096X,2019,2019-08-21,12,POWIAT RADOM,RADOM - OBSZAR MIEJSKI,Droga gminna,G530325W,Jednojezdniowa dwukierunkowa,Odcinek prosty,Obszar zabudowany,21.1495555555556,51.4033888888889,"Wjazd, wyjazd z posesji, pola",Pochmurno,Światło dzienne,Najechanie na pieszego,1,0,1,Lekko,N,,,,,,,,,,
EWK-108112096X,2019,2019-08-21,12,POWIAT RADOM,RADOM - OBSZAR MIEJSKI,Droga gminna,G530325W,Jednojezdniowa dwukierunkowa,Odcinek prosty,Obszar zabudowany,21.1495555555556,51.4033888888889,"Wjazd, wyjazd z posesji, pola",Pochmurno,Światło dzienne,Najechanie na pieszego,1,0,0,Nieokreślone (puste pole),N,,,,,,,,,,
EWK-107662126D,2019,2019-01-23,20,POWIAT RADOMSKI,JEDLNIA-LETNISKO - OBSZAR WIEJSKI,Droga powiatowa,P3524W,Jednojezdniowa dwukierunkowa,Odcinek prosty,Obszar zabudowany,21.4164166666667,51.4148611111111,Jezdnia,Pochmurno,"Świt, zmrok",Najechanie na pieszego,1,1,0,Nieokreślone (puste pole),N,,,,,,,,,,
EWK-107787863C,2019,2019-03-26,18,POWIAT SOCHACZEWSKI,SOCHACZEW - OBSZAR MIEJSKI,Droga powiatowa,3840W,Jednojezdniowa dwukierunkowa,Odcinek prosty,Obszar zabudowany,20.2394722222222,52.2315833333333,Jezdnia,Pochmurno,"Świt, zmrok",Najechanie na pieszego,1,0,1,Lekko,N,,,,,,,,,,
EWK-107787863C,2019,2019-03-26,18,POWIAT SOCHACZEWSKI,SOCHACZEW - OBSZAR MIEJSKI,Droga powiatowa,3840W,Jednojezdniowa dwukierunkowa,Odcinek prosty,Obszar zabudowany,20.2394722222222,52.2315833333333,Jezdnia,Pochmurno,"Świt, zmrok",Najechanie na pieszego,1,0,0,Nieokreślone (puste pole),N,,,,,,,,,,
EWK-107887286N,2019,2019-04-22,5,POWIAT RADOM,RADOM - OBSZAR MIEJSKI,Droga powiatowa,P1715W,Jednojezdniowa dwukierunkowa,,Obszar zabudowany,21.1819444444444,51.4255277777778,Jezdnia,Pochmurno,"Świt, zmrok",Najechanie na pieszego,1,0,1,Ciężko,N,,,,,,,,,,
EWK-107887286N,2019,2019-04-22,5,POWIAT RADOM,RADOM - OBSZAR MIEJSKI,Droga powiatowa,P1715W,Jednojezdniowa dwukierunkowa,,Obszar zabudowany,21.1819444444444,51.4255277777778,Jezdnia,Pochmurno,"Świt, zmrok",Najechanie na pieszego,1,0,0,Nieokreślone (puste pole),N,,,,,,,,,,
EWK-108287268Y,2019,2019-11-03,16,POWIAT WYSZKOWSKI,WYSZKÓW - OBSZAR MIEJSKI,Droga powiatowa,4403W,Jednojezdniowa dwukierunkowa,Odcinek prosty,Obszar zabudowany,21.4811944444444,52.6114722222222,Jezdnia,Pochmurno,"Świt, zmrok",Najechanie na pieszego,1,0,1,Ciężko,T,,,,,,,,,,
EWK-108287268Y,2019,2019-11-03,16,POWIAT WYSZKOWSKI,WYSZKÓW - OBSZAR MIEJSKI,Droga powiatowa,4403W,Jednojezdniowa dwukierunkowa,Odcinek prosty,Obszar zabudowany,21.4811944444444,52.6114722222222,Jezdnia,Pochmurno,"Świt, zmrok",Najechanie na pieszego,1,0,0,Nieokreślone (puste pole),T,,,,,,,,,,
EWK-107643860R,2019,2019-01-16,16,POWIAT ŻYRARDOWSKI,ŻYRARDÓW - OBSZAR MIEJSKI,Droga gminna,GMINNA,Jednojezdniowa dwukierunkowa,Odcinek prosty,Obszar zabudowany,20.4598611111111,52.0578055555556,Przejście dla pieszych,Pochmurno,"Świt, zmrok",Najechanie na pieszego,1,0,1,Ciężko,N,,,,,,,,,,
EWK-107643860R,2019,2019-01-16,16,POWIAT ŻYRARDOWSKI,ŻYRARDÓW - OBSZAR MIEJSKI,Droga gminna,GMINNA,Jednojezdniowa dwukierunkowa,Odcinek prosty,Obszar zabudowany,20.4598611111111,52.0578055555556,Przejście dla pieszych,Pochmurno,"Świt, zmrok",Najechanie na pieszego,1,0,0,Nieokreślone (puste pole),N,,,,,,,,,,
EWK-107732584L,2019,2019-02-22,5,POWIAT RADOM,RADOM - OBSZAR MIEJSKI,Droga powiatowa,P5305W,Jednojezdniowa dwukierunkowa,Odcinek prosty,Obszar zabudowany,21.1662222222222,51.4128888888889,Przejście dla pieszych,Pochmurno,"Świt, zmrok",Najechanie na pieszego,1,0,1,Lekko,N,,,,,,,,,,
EWK-107732584L,2019,2019-02-22,5,POWIAT RADOM,RADOM - OBSZAR MIEJSKI,Droga powiatowa,P5305W,Jednojezdniowa dwukierunkowa,Odcinek prosty,Obszar zabudowany,21.1662222222222,51.4128888888889,Przejście dla pieszych,Pochmurno,"Świt, zmrok",Najechanie na pieszego,1,0,0,Nieokreślone (puste pole),N,,,,,,,,,,
EWK-108293163X,2019,2019-11-05,7,POWIAT CIECHANOWSKI,SOŃSK - OBSZAR WIEJSKI,Droga powiatowa,P2421W,Jednojezdniowa dwukierunkowa,Odcinek prosty,Obszar zabudowany,20.6884722222222,52.7923333333333,Przejście dla pieszych,Pochmurno,"Świt, zmrok",Najechanie na pieszego,1,0,1,Ciężko,N,,,,,,,,,,