IDKSIP,year,date,hour,district,district_commune,road_category,road_number,type_of_road,road_geometry,area,Longitude,Latitude,char_place_of_the_event,weather_conditions,lighting,type_of_accident,num_of_accidents,num_of_fatalities,num_of_injured,type_of_injury,is_offender_intoxicated,,,,,,,,,,
EWK-108293163X,2019,2019-11-05,7,POWIAT CIECHANOWSKI,SOŃSK - OBSZAR WIEJSKI,Droga powiatowa,P2421W,Jednojezdniowa dwukierunkowa,Odcinek prosty,Obszar zabudowany,20.6884722222222,52.7923333333333,Przejście dla pieszych,Pochmurno,"Świt, zmrok",Najechanie na pieszego,1,0,0,Nieokreślone (puste pole),N,,,,,,,,,,
EWK-108302212T,2019,2019-11-07,18,POWIAT RADOM,RADOM - OBSZAR MIEJSKI,Droga gminna,G530065W,Jednojezdniowa dwukierunkowa,,Obszar zabudowany,21.1541388888889,51.4225277777778,Przejście dla pieszych,Pochmurno,"Świt, zmrok",Najechanie na pieszego,1,0,1,Lekko,N,,,,,,,,,,
EWK-108302212T,2019,2019-11-07,18,POWIAT RADOM,RADOM - OBSZAR MIEJSKI,Droga gminna,G530065W,Jednojezdniowa dwukierunkowa,,Obszar zabudowany,21.1541388888889,51.4225277777778,Przejście dla pieszych,Pochmurno,"Świt, zmrok",Najechanie na pieszego,1,0,0,Nieokreślone (puste pole),N,,,,,,,,,,
EWK-108359823Y,2019,2019-11-22,6,POWIAT RADOM,RADOM - OBSZAR MIEJSKI,Droga powiatowa,P5321W,Dwie jezdnie jednokierunkowe,Odcinek prosty,Obszar zabudowany,21.159,51.39325,Przejście dla pieszych,Pochmurno,"Świt, zmrok",Najechanie na pieszego,1,0,1,Ciężko,N,,,,,,,,,,
EWK-108359823Y,2019,2019-11-22,6,POWIAT RADOM,RADOM - OBSZAR MIEJSKI,Droga powiatowa,P5321W,Dwie jezdnie jednokierunkowe,Odcinek prosty,Obszar zabudowany,21.159,51.39325,Przejście dla pieszych,Pochmurno,"Świt, zmrok",Najechanie na pieszego,1,0,0,Nieokreślone (puste pole),N,,,,,,,,,,
EWK-108416632Y,2019,2019-12-05,7,POWIAT KOZIENICKI,KOZIENICE - OBSZAR MIEJSKI,Droga krajowa,79,Jednojezdniowa dwukierunkowa,,Obszar zabudowany,21.5620277777778,51.6064722222222,Przejście dla pieszych,Pochmurno,"Świt, zmrok",Najechanie na pieszego,1,0,1,Lekko,N,,,,,,,,,,
EWK-108416632Y,2019,2019-12-05,7,POWIAT KOZIENICKI,KOZIENICE - OBSZAR MIEJSKI,Droga krajowa,79,Jednojezdniowa dwukierunkowa,,Obszar zabudowany,21.5620277777778,51.6064722222222,Przejście dla pieszych,Pochmurno,"Świt, zmrok",Najechanie na pieszego,1,0,0,Nieokreślone (puste pole),N,,,,,,,,,,
EWK-108427037A,2019,2019-12-09,18,POWIAT RADOM,RADOM - OBSZAR MIEJSKI,Droga krajowa,7,Dwie jezdnie jednokierunkowe,Odcinek prosty,Obszar zabudowany,21.1446666666667,51.4444166666667,Przejście dla pieszych,Pochmurno,"Świt, zmrok",Najechanie na pieszego,1,0,1,Lekko,N,,,,,,,,,,
EWK-108427037A,2019,2019-12-09,18,POWIAT RADOM,RADOM - OBSZAR MIEJSKI,Droga krajowa,7,Dwie jezdnie jednokierunkowe,Odcinek prosty,Obszar zabudowany,21.1446666666667,51.4444166666667,Przejście dla pieszych,Pochmurno,"Świt, zmrok",Najechanie na pieszego,1,0,0,Nieokreślone (puste pole),N,,,,,,,,,,
EWK-108509160L,2019,2019-12-22,17,POWIAT GARWOLIŃSKI,ŻELECHÓW - OBSZAR MIEJSKI,Droga gminna,GMINNA,Jednojezdniowa dwukierunkowa,,Obszar zabudowany,21.8931388888889,51.8110555555556,Przejście dla pieszych,Pochmurno,"Świt, zmrok",Najechanie na pieszego,1,0,1,Lekko,N,,,,,,,,,,
EWK-108509160L,2019,2019-12-22,17,POWIAT GARWOLIŃSKI,ŻELECHÓW - OBSZAR MIEJSKI,Droga gminna,GMINNA,Jednojezdniowa dwukierunkowa,,Obszar zabudowany,21.8931388888889,51.8110555555556,Przejście dla pieszych,Pochmurno,"Świt, zmrok",Najechanie na pieszego,1,0,0,Nieokreślone (puste pole),N,,,,,,,,,,
EWK-108522264L,2019,2019-12-30,16,POWIAT SZYDŁOWIECKI,SZYDŁOWIEC - OBSZAR MIEJSKI,Droga gminna,G400560W,Jednojezdniowa dwukierunkowa,Odcinek prosty,Obszar zabudowany,20.8629444444444,51.2268611111111,Przejście dla pieszych,Pochmurno,"Świt, zmrok",Najechanie na pieszego,1,0,1,Lekko,N,,,,,,,,,,
EWK-108522264L,2019,2019-12-30,16,POWIAT SZYDŁOWIECKI,SZYDŁOWIEC - OBSZAR MIEJSKI,Droga gminna,G400560W,Jednojezdniowa dwukierunkowa,Odcinek prosty,Obszar zabudowany,20.8629444444444,51.2268611111111,Przejście dla pieszych,Pochmurno,"Świt, zmrok",Najechanie na pieszego,1,0,0,Nieokreślone (puste pole),N,,,,,,,,,,
EWK-108256220P,2019,2019-10-25,7,POWIAT RADOM,RADOM - OBSZAR MIEJSKI,Droga powiatowa,P5312W,Jednojezdniowa dwukierunkowa,,Obszar zabudowany,21.1740555555556,51.4075,Jezdnia,Pochmurno,Światło dzienne,Zderzenie pojazdów boczne,1,0,1,Ciężko,N,,,,,,,,,,
EWK-108256220P,2019,2019-10-25,7,POWIAT RADOM,RADOM - OBSZAR MIEJSKI,Droga powiatowa,P5312W,Jednojezdniowa dwukierunkowa,,Obszar zabudowany,21.1740555555556,51.4075,Jezdnia,Pochmurno,Światło dzienne,Zderzenie pojazdów boczne,1,0,2,Lekko,N,,,,,,,,,,
EWK-108256220P,2019,2019-10-25,7,POWIAT RADOM,RADOM - OBSZAR MIEJSKI,Droga powiatowa,P5312W,Jednojezdniowa dwukierunkowa,,Obszar zabudowany,21.1740555555556,51.4075,Jezdnia,Pochmurno,Światło dzienne,Zderzenie pojazdów boczne,1,0,0,Nieokreślone (puste pole),N,,,,,,,,,,
EWK-108186056C,2019,2019-09-26,5,POWIAT ŻYRARDOWSKI,MSZCZONÓW - OBSZAR MIEJSKI,Droga powiatowa,P4724W,Jednojezdniowa dwukierunkowa,,Obszar zabudowany,20.5087777777778,51.9708611111111,Jezdnia,"Pochmurno; Opady deszczu; Mgła, dym",Noc - droga oświetlona,Najechanie na pieszego,1,0,1,Lekko,N,,,,,,,,,,
EWK-108186056C,2019,2019-09-26,5,POWIAT ŻYRARDOWSKI,MSZCZONÓW - OBSZAR MIEJSKI,Droga powiatowa,P4724W,Jednojezdniowa dwukierunkowa,,Obszar zabudowany,20.5087777777778,51.9708611111111,Jezdnia,"Pochmurno; Opady deszczu; Mgła, dym",Noc - droga oświetlona,Najechanie na pieszego,1,0,0,Nieokreślone (puste pole),N,,,,,,,,,,
EWK-108521501T,2019,2019-12-27,22,POWIAT PŁOCK,PŁOCK - OBSZAR MIEJSKI,Droga krajowa,62,Jednojezdniowa dwukierunkowa,,Obszar niezabudowany,19.7959444444444,52.5270555555556,Jezdnia,"Pochmurno; Opady deszczu; Opady śniegu, gradu",Noc - droga nieoświetlona,Najechanie na pieszego,1,1,0,Nieokreślone (puste pole),T,,,,,,,,,,
EWK-107697005P,2019,2019-02-13,11,POWIAT RADOM,RADOM - OBSZAR MIEJSKI,Droga powiatowa,P5339W,Jednojezdniowa dwukierunkowa,Odcinek prosty,Obszar zabudowany,21.14625,51.4181944444445,Przejście dla pieszych,"Pochmurno; Opady śniegu, gradu",Światło dzienne,Najechanie na pieszego,1,0,1,Lekko,N,,,,,,,,,,
EWK-107697005P,2019,2019-02-13,11,POWIAT RADOM,RADOM - OBSZAR MIEJSKI,Droga powiatowa,P5339W,Jednojezdniowa dwukierunkowa,Odcinek prosty,Obszar zabudowany,21.14625,51.4181944444445,Przejście dla pieszych,"Pochmurno; Opady śniegu, gradu",Światło dzienne,Najechanie na pieszego,1,0,0,Nieokreślone (puste pole),N,,,,,,,,,,
EWK-108422025J,2019,2019-12-07,17,POWIAT OSTROŁĘCKI,RZEKUŃ - OBSZAR WIEJSKI,Droga wojewódzka,627,Jednojezdniowa dwukierunkowa,Odcinek prosty,Obszar zabudowany,21.6459444444444,53.0471666666667,Jezdnia,Silny wiatr,Noc - droga oświetlona,Najechanie na pieszego,1,0,1,Ciężko,N,,,,,,,,,,
EWK-108422025J,2019,2019-12-07,17,POWIAT OSTROŁĘCKI,RZEKUŃ - OBSZAR WIEJSKI,Droga wojewódzka,627,Jednojezdniowa dwukierunkowa,Odcinek prosty,Obszar zabudowany,21.6459444444444,53.0471666666667,Jezdnia,Silny wiatr,Noc - droga oświetlona,Najechanie na pieszego,1,0,0,Nieokreślone (puste pole),N,,,,,,,,,,
EWK-108486694C,2019,2019-12-13,17,POWIAT MŁAWSKI,WIŚNIEWO - OBSZAR WIEJSKI,Droga krajowa,7,Jednojezdniowa dwukierunkowa,Odcinek prosty,Obszar niezabudowany,20.3620277777778,53.0867222222222,Jezdnia,Silny wiatr,Noc - droga oświetlona,Najechanie na pieszego,1,1,0,Nieokreślone (puste pole),T,,,,,,,,,,
EWK-107734629L,2019,2019-03-01,18,POWIAT PŁOŃSKI,RACIĄŻ - OBSZAR WIEJSKI,Droga powiatowa,2994W,Jednojezdniowa dwukierunkowa,Odcinek prosty,Obszar niezabudowany,19.9986666666667,52.8077777777778,Jezdnia,Silny wiatr,"Świt, zmrok",Najechanie na pieszego,1,1,0,Nieokreślone (puste pole),T,,,,,,,,,,
EWK-107741109W,2019,2019-03-05,18,POWIAT GOSTYNIŃSKI,GOSTYNIN - OBSZAR WIEJSKI,Droga krajowa,60,Jednojezdniowa dwukierunkowa,Odcinek prosty,Obszar zabudowany,19.4235,52.3659166666667,Jezdnia,Silny wiatr,"Świt, zmrok",Najechanie na pieszego,1,1,0,Nieokreślone (puste pole),T,,,,,,,,,,
EWK-107473498F,2018,2018-12-02,16,POWIAT OSTROŁĘKA,OSTROŁĘKA - OBSZAR MIEJSKI,Droga powiatowa,4403W,Jednokierunkowa,Odcinek prosty,Obszar zabudowany,21.5879444444444,53.0821111111111,Przejście dla pieszych,Dobre warunki atmosferyczne,Noc - droga oświetlona,Inne,1,0,1,Lekko,T,,,,,,,,,,
EWK-107473498F,2018,2018-12-02,16,POWIAT OSTROŁĘKA,OSTROŁĘKA - OBSZAR MIEJSKI,Droga powiatowa,4403W,Jednokierunkowa,Odcinek prosty,Obszar zabudowany,21.5879444444444,53.0821111111111,Przejście dla pieszych,Dobre warunki atmosferyczne,Noc - droga oświetlona,Inne,1,0,0,Nieokreślone (puste pole),T,,,,,,,,,,
EWK-106932667T,2018,2018-05-09,3,POWIAT OSTROŁĘCKI,LELIS - OBSZAR WIEJSKI,Droga krajowa,53,Jednojezdniowa dwukierunkowa,Odcinek prosty,Obszar zabudowany,21.48175,53.1532777777778,Jezdnia,Dobre warunki atmosferyczne,Światło dzienne,Inne,1,0,1,Ciężko,N,,,,,,,,,,
EWK-106932667T,2018,2018-05-09,3,POWIAT OSTROŁĘCKI,LELIS - OBSZAR WIEJSKI,Droga krajowa,53,Jednojezdniowa dwukierunkowa,Odcinek prosty,Obszar zabudowany,21.48175,53.1532777777778,Jezdnia,Dobre warunki atmosferyczne,Światło dzienne,Inne,1,0,0,Nieokreślone (puste pole),N,,,,,,,,,,
EWK-106936917F,2018,2018-05-11,8,POWIAT WĘGROWSKI,ŁOCHÓW - OBSZAR WIEJSKI,Droga powiatowa,P4213W,Jednojezdniowa dwukierunkowa,Odcinek prosty,Obszar zabudowany,21.7828055555556,52.5139166666667,Jezdnia,Dobre warunki atmosferyczne,Światło dzienne,Inne,1,0,1,Lekko,N,,,,,,,,,,
EWK-106936917F,2018,2018-05-11,8,POWIAT WĘGROWSKI,ŁOCHÓW - OBSZAR WIEJSKI,Droga powiatowa,P4213W,Jednojezdniowa dwukierunkowa,Odcinek prosty,Obszar zabudowany,21.7828055555556,52.5139166666667,Jezdnia,Dobre warunki atmosferyczne,Światło dzienne,Inne,1,0,0,Nieokreślone (puste pole),N,,,,,,,,,,
EWK-107063881D,2018,2018-06-26,12,POWIAT SOCHACZEWSKI,SOCHACZEW - OBSZAR MIEJSKI,Droga gminna,GMINNA,Jednojezdniowa dwukierunkowa,,Obszar zabudowany,20.2458055555556,52.23275,Przejście dla pieszych,Dobre warunki atmosferyczne,Światło dzienne,Inne,1,0,1,Lekko,N,,,,,,,,,,
EWK-107063881D,2018,2018-06-26,12,POWIAT SOCHACZEWSKI,SOCHACZEW - OBSZAR MIEJSKI,Droga gminna,GMINNA,Jednojezdniowa dwukierunkowa,,Obszar zabudowany,20.2458055555556,52.23275,Przejście dla pieszych,Dobre warunki atmosferyczne,Światło dzienne,Inne,1,0,0,Nieokreślone (puste pole),N,,,,,,,,,,
EWK-106671576W,2018,2018-01-13,18,POWIAT PŁOŃSKI,PŁOŃSK - OBSZAR WIEJSKI,Droga krajowa,10,Jednojezdniowa dwukierunkowa,,Obszar niezabudowany,20.37975,52.6084166666667,Jezdnia,Dobre warunki atmosferyczne,Noc - droga nieoświetlona,Najechanie na pieszego,1,1,0,Nieokreślone (puste pole),T,,,,,,,,,,
EWK-106671579J,2018,2018-01-13,19,POWIAT CIECHANOWSKI,OPINOGÓRA GÓRNA - OBSZAR WIEJSKI,Droga krajowa,60,Jednojezdniowa dwukierunkowa,Odcinek prosty,Obszar niezabudowany,20.6626111111111,52.8798611111111,Jezdnia,Dobre warunki atmosferyczne,Noc - droga nieoświetlona,Najechanie na pieszego,1,1,0,Nieokreślone (puste pole),N,,,,,,,,,,
EWK-106686146Q,2018,2018-01-20,2,POWIAT MAKOWSKI,MŁYNARZE - OBSZAR WIEJSKI,Droga krajowa,61,Jednojezdniowa dwukierunkowa,Odcinek prosty,Obszar niezabudowany,21.4055555555556,52.9439166666667,Jezdnia,Dobre warunki atmosferyczne,Noc - droga nieoświetlona,Najechanie na pieszego,1,1,0,Nieokreślone (puste pole),T,,,,,,,,,,
EWK-106702288T,2018,2018-01-29,17,POWIAT RADOMSKI,GÓZD - OBSZAR WIEJSKI,Droga krajowa,12,Jednojezdniowa dwukierunkowa,Odcinek prosty,Obszar niezabudowany,21.3495555555556,51.3816944444444,Jezdnia,Dobre warunki atmosferyczne,Noc - droga nieoświetlona,Najechanie na pieszego,1,1,0,Nieokreślone (puste pole),N,,,,,,,,,,
EWK-106707318Q,2018,2018-01-31,18,POWIAT GRÓJECKI,PNIEWY - OBSZAR WIEJSKI,Droga krajowa,50,Jednojezdniowa dwukierunkowa,Odcinek prosty,Obszar zabudowany,20.6892777777778,51.9153333333333,Jezdnia,Dobre warunki atmosferyczne,Noc - droga nieoświetlona,Najechanie na pieszego,1,1,0,Nieokreślone (puste pole),N,,,,,,,,,,
EWK-106718618N,2018,2018-02-06,20,POWIAT SOCHACZEWSKI,SOCHACZEW - OBSZAR WIEJSKI,Droga krajowa,92,Jednojezdniowa dwukierunkowa,Odcinek prosty,Obszar niezabudowany,20.2920833333333,52.2246944444444,Jezdnia,Dobre warunki atmosferyczne,Noc - droga nieoświetlona,Najechanie na pieszego,1,1,0,Nieokreślone (puste pole),N,,,,,,,,,,
EWK-106727134N,2018,2018-02-11,21,POWIAT MŁAWSKI,WIŚNIEWO - OBSZAR WIEJSKI,Droga krajowa,7,Jednojezdniowa dwukierunkowa,Odcinek prosty,Obszar niezabudowany,20.3534722222222,53.0774722222222,Jezdnia,Dobre warunki atmosferyczne,Noc - droga nieoświetlona,Najechanie na pieszego,1,1,0,Nieokreślone (puste pole),N,,,,,,,,,,
EWK-106792529P,2018,2018-03-12,19,POWIAT PUŁTUSKI,PUŁTUSK - OBSZAR WIEJSKI,Droga krajowa,61,Jednojezdniowa dwukierunkowa,Odcinek prosty,Obszar niezabudowany,21.0815,52.6650277777778,Jezdnia,Dobre warunki atmosferyczne,Noc - droga nieoświetlona,Najechanie na pieszego,1,0,1,Ciężko,T,,,,,,,,,,
EWK-106792529P,2018,2018-03-12,19,POWIAT PUŁTUSKI,PUŁTUSK - OBSZAR WIEJSKI,Droga krajowa,61,Jednojezdniowa dwukierunkowa,Odcinek prosty,Obszar niezabudowany,21.0815,52.6650277777778,Jezdnia,Dobre warunki atmosferyczne,Noc - droga nieoświetlona,Najechanie na pieszego,1,0,0,Nieokreślone (puste pole),T,,,,,,,,,,
EWK-106853023X,2018,2018-03-23,19,POWIAT GRÓJECKI,CHYNÓW - OBSZAR WIEJSKI,Droga powiatowa,P1651W,Jednojezdniowa dwukierunkowa,Odcinek prosty,Obszar niezabudowany,21.0700277777778,51.9140277777778,Jezdnia,Dobre warunki atmosferyczne,Noc - droga nieoświetlona,Najechanie na pieszego,1,0,1,Lekko,N,,,,,,,,,,
EWK-106853023X,2018,2018-03-23,19,POWIAT GRÓJECKI,CHYNÓW - OBSZAR WIEJSKI,Droga powiatowa,P1651W,Jednojezdniowa dwukierunkowa,Odcinek prosty,Obszar niezabudowany,21.0700277777778,51.9140277777778,Jezdnia,Dobre warunki atmosferyczne,Noc - droga nieoświetlona,Najechanie na pieszego,1,0,0,Nieokreślone (puste pole),N,,,,,,,,,,
EWK-106866242N,2018,2018-03-30,20,POWIAT PŁOCKI,STARA BIAŁA - OBSZAR WIEJSKI,Droga wojewódzka,559,Jednojezdniowa dwukierunkowa,Spadek,Obszar niezabudowany,19.6048611111111,52.6094722222222,Jezdnia,Dobre warunki atmosferyczne,Noc - droga nieoświetlona,Najechanie na pieszego,1,0,1,Lekko,T,,,,,,,,,,
EWK-106866242N,2018,2018-03-30,20,POWIAT PŁOCKI,STARA BIAŁA - OBSZAR WIEJSKI,Droga wojewódzka,559,Jednojezdniowa dwukierunkowa,Spadek,Obszar niezabudowany,19.6048611111111,52.6094722222222,Jezdnia,Dobre warunki atmosferyczne,Noc - droga nieoświetlona,Najechanie na pieszego,1,0,0,Nieokreślone (puste pole),T,,,,,,,,,,
EWK-106915520E,2018,2018-04-25,23,POWIAT PRZYSUSKI,KLWÓW - OBSZAR WIEJSKI,Droga powiatowa,P3314W,Jednojezdniowa dwukierunkowa,Odcinek prosty,Obszar zabudowany,20.5933611111111,51.5079722222222,Jezdnia,Dobre warunki atmosferyczne,Noc - droga nieoświetlona,Najechanie na pieszego,1,0,1,Lekko,T,,,,,,,,,,
EWK-106915520E,2018,2018-04-25,23,POWIAT PRZYSUSKI,KLWÓW - OBSZAR WIEJSKI,Droga powiatowa,P3314W,Jednojezdniowa dwukierunkowa,Odcinek prosty,Obszar zabudowany,20.5933611111111,51.5079722222222,Jezdnia,Dobre warunki atmosferyczne,Noc - droga nieoświetlona,Najechanie na pieszego,1,0,0,Nieokreślone (puste pole),T,,,,,,,,,,
EWK-106938951U,2018,2018-05-11,22,POWIAT KOZIENICKI,KOZIENICE - OBSZAR WIEJSKI,Droga wojewódzka,737,Jednojezdniowa dwukierunkowa,Odcinek prosty,Obszar niezabudowany,21.5249722222222,51.5608611111111,Jezdnia,Dobre warunki atmosferyczne,Noc - droga nieoświetlona,Najechanie na pieszego,1,0,1,Ciężko,N,,,,,,,,,,
EWK-106938951U,2018,2018-05-11,22,POWIAT KOZIENICKI,KOZIENICE - OBSZAR WIEJSKI,Droga wojewódzka,737,Jednojezdniowa dwukierunkowa,Odcinek prosty,Obszar niezabudowany,21.5249722222222,51.5608611111111,Jezdnia,Dobre warunki atmosferyczne,Noc - droga nieoświetlona,Najechanie na pieszego,1,0,0,Nieokreślone (puste pole),N,,,,,,,,,,
EWK-106941735K,2018,2018-05-11,21,POWIAT OSTROWSKI,WĄSEWO - OBSZAR WIEJSKI,Droga krajowa,60,Jednojezdniowa dwukierunkowa,Odcinek prosty,Obszar niezabudowany,21.7573888888889,52.8368333333333,Jezdnia,Dobre warunki atmosferyczne,Noc - droga nieoświetlona,Najechanie na pieszego,1,1,0,Nieokreślone (puste pole),N,,,,,,,,,,
EWK-106997417W,2018,2018-06-09,21,POWIAT RADOMSKI,JEDLNIA-LETNISKO - OBSZAR WIEJSKI,Droga krajowa,12,Jednojezdniowa dwukierunkowa,Odcinek prosty,Obszar niezabudowany,21.2485,51.4048333333333,Jezdnia,Dobre warunki atmosferyczne,Noc - droga nieoświetlona,Najechanie na pieszego,1,0,1,Lekko,N,,,,,,,,,,
EWK-106997417W,2018,2018-06-09,21,POWIAT RADOMSKI,JEDLNIA-LETNISKO - OBSZAR WIEJSKI,Droga krajowa,12,Jednojezdniowa dwukierunkowa,Odcinek prosty,Obszar niezabudowany,21.2485,51.4048333333333,Jezdnia,Dobre warunki atmosferyczne,Noc - droga nieoświetlona,Najechanie na pieszego,1,0,0,Nieokreślone (puste pole),N,,,,,,,,,,
EWK-107001513M,2018,2018-06-11,1,POWIAT GRÓJECKI,WARKA - OBSZAR WIEJSKI,Droga gminna,GMINNA,Jednojezdniowa dwukierunkowa,Odcinek prosty,Obszar niezabudowany,21.05675,51.7458611111111,Jezdnia,Dobre warunki atmosferyczne,Noc - droga nieoświetlona,Najechanie na pieszego,1,1,0,Nieokreślone (puste pole),N,,,,,,,,,,
EWK-107073904Q,2018,2018-06-29,0,POWIAT PŁOCKI,NOWY DUNINÓW - OBSZAR WIEJSKI,Droga krajowa,62,Jednojezdniowa dwukierunkowa,Odcinek prosty,Obszar zabudowany,19.6406666666667,52.544,Jezdnia,Dobre warunki atmosferyczne,Noc - droga nieoświetlona,Najechanie na pieszego,1,1,0,Nieokreślone (puste pole),T,,,,,,,,,,
EWK-107077821M,2018,2018-06-29,22,POWIAT LIPSKI,LIPSKO - OBSZAR WIEJSKI,Droga powiatowa,P1920W,Jednojezdniowa dwukierunkowa,Odcinek prosty,Obszar niezabudowany,21.5753333333333,51.1318611111111,Jezdnia,Dobre warunki atmosferyczne,Noc - droga nieoświetlona,Najechanie na pieszego,1,1,0,Nieokreślone (puste pole),T,,,,,,,,,,
EWK-107081419G,2018,2018-07-02,22,POWIAT PŁOŃSKI,PŁOŃSK - OBSZAR WIEJSKI,Droga krajowa,7,Jednojezdniowa dwukierunkowa,"Zakręt, łuk",Obszar niezabudowany,20.3793611111111,52.6571111111111,Jezdnia,Dobre warunki atmosferyczne,Noc - droga nieoświetlona,Najechanie na pieszego,1,0,2,Lekko,N,,,,,,,,,,
EWK-107090802C,2018,2018-07-08,21,POWIAT ZWOLEŃSKI,ZWOLEŃ - OBSZAR WIEJSKI,Droga krajowa,79,Jednojezdniowa dwukierunkowa,Odcinek prosty,Obszar niezabudowany,21.5940833333333,51.3232222222222,Jezdnia,Dobre warunki atmosferyczne,Noc - droga nieoświetlona,Najechanie na pieszego,1,1,0,Nieokreślone (puste pole),N,,,,,,,,,,
EWK-107102178K,2018,2018-07-09,1,POWIAT KOZIENICKI,KOZIENICE - OBSZAR WIEJSKI,Droga powiatowa,P1724W,Jednojezdniowa dwukierunkowa,Odcinek prosty,Obszar zabudowany,21.5701388888889,51.6040833333333,Jezdnia,Dobre warunki atmosferyczne,Noc - droga nieoświetlona,Najechanie na pieszego,1,0,1,Lekko,N,,,,,,,,,,
EWK-107102178K,2018,2018-07-09,1,POWIAT KOZIENICKI,KOZIENICE - OBSZAR WIEJSKI,Droga powiatowa,P1724W,Jednojezdniowa dwukierunkowa,Odcinek prosty,Obszar zabudowany,21.5701388888889,51.6040833333333,Jezdnia,Dobre warunki atmosferyczne,Noc - droga nieoświetlona,Najechanie na pieszego,1,0,0,Nieokreślone (puste pole),N,,,,,,,,,,
EWK-107103066U,2018,2018-07-13,22,POWIAT BIAŁOBRZESKI,STARA BŁOTNICA - OBSZAR WIEJSKI,Droga powiatowa,P0244T,Jednojezdniowa dwukierunkowa,Odcinek prosty,Obszar zabudowany,21.0254722222222,51.56525,Jezdnia,Dobre warunki atmosferyczne,Noc - droga nieoświetlona,Najechanie na pieszego,1,0,1,Lekko,N,,,,,,,,,,
EWK-107103066U,2018,2018-07-13,22,POWIAT BIAŁOBRZESKI,STARA BŁOTNICA - OBSZAR WIEJSKI,Droga powiatowa,P0244T,Jednojezdniowa dwukierunkowa,Odcinek prosty,Obszar zabudowany,21.0254722222222,51.56525,Jezdnia,Dobre warunki atmosferyczne,Noc - droga nieoświetlona,Najechanie na pieszego,1,0,0,Nieokreślone (puste pole),N,,,,,,,,,,
EWK-107148839U,2018,2018-07-27,22,POWIAT PRZYSUSKI,POTWORÓW - OBSZAR WIEJSKI,Droga krajowa,48,Jednojezdniowa dwukierunkowa,Odcinek prosty,Obszar niezabudowany,20.7256111111111,51.5096944444444,Jezdnia,Dobre warunki atmosferyczne,Noc - droga nieoświetlona,Najechanie na pieszego,1,1,0,Nieokreślone (puste pole),N,,,,,,,,,,
EWK-107160064X,2018,2018-08-07,22,POWIAT RADOMSKI,SKARYSZEW - OBSZAR MIEJSKI,Droga powiatowa,P3540W,Jednojezdniowa dwukierunkowa,Odcinek prosty,Obszar niezabudowany,21.2394444444444,51.3105277777778,Jezdnia,Dobre warunki atmosferyczne,Noc - droga nieoświetlona,Najechanie na pieszego,1,0,1,Ciężko,N,,,,,,,,,,
EWK-107160064X,2018,2018-08-07,22,POWIAT RADOMSKI,SKARYSZEW - OBSZAR MIEJSKI,Droga powiatowa,P3540W,Jednojezdniowa dwukierunkowa,Odcinek prosty,Obszar niezabudowany,21.2394444444444,51.3105277777778,Jezdnia,Dobre warunki atmosferyczne,Noc - droga nieoświetlona,Najechanie na pieszego,1,0,0,Nieokreślone (puste pole),N,,,,,,,,,,
EWK-107199491W,2018,2018-08-19,22,POWIAT ŻYRARDOWSKI,WISKITKI - OBSZAR WIEJSKI,Autostrada,A2,Autostrada,Odcinek prosty,Obszar niezabudowany,20.2695555555556,52.0738333333333,Jezdnia,Dobre warunki atmosferyczne,Noc - droga nieoświetlona,Najechanie na pieszego,1,0,2,Lekko,N,,,,,,,,,,
EWK-107199491W,2018,2018-08-19,22,POWIAT ŻYRARDOWSKI,WISKITKI - OBSZAR WIEJSKI,Autostrada,A2,Autostrada,Odcinek prosty,Obszar niezabudowany,20.2695555555556,52.0738333333333,Jezdnia,Dobre warunki atmosferyczne,Noc - droga nieoświetlona,Najechanie na pieszego,1,1,0,Nieokreślone (puste pole),N,,,,,,,,,,
EWK-107238873G,2018,2018-08-27,20,POWIAT CIECHANOWSKI,CIECHANÓW - OBSZAR WIEJSKI,Droga powiatowa,P1221W,Jednojezdniowa dwukierunkowa,Odcinek prosty,Obszar niezabudowany,20.6130555555556,52.8294444444444,Jezdnia,Dobre warunki atmosferyczne,Noc - droga nieoświetlona,Najechanie na pieszego,1,0,1,Lekko,N,,,,,,,,,,
EWK-107238873G,2018,2018-08-27,20,POWIAT CIECHANOWSKI,CIECHANÓW - OBSZAR WIEJSKI,Droga powiatowa,P1221W,Jednojezdniowa dwukierunkowa,Odcinek prosty,Obszar niezabudowany,20.6130555555556,52.8294444444444,Jezdnia,Dobre warunki atmosferyczne,Noc - droga nieoświetlona,Najechanie na pieszego,1,0,0,Nieokreślone (puste pole),N,,,,,,,,,,
EWK-107265745T,2018,2018-09-07,21,POWIAT PUŁTUSKI,PUŁTUSK - OBSZAR WIEJSKI,Droga wojewódzka,571,Jednojezdniowa dwukierunkowa,Odcinek prosty,Obszar niezabudowany,21.0528333333333,52.6848611111111,Jezdnia,Dobre warunki atmosferyczne,Noc - droga nieoświetlona,Najechanie na pieszego,1,0,1,Ciężko,T,,,,,,,,,,
EWK-107265745T,2018,2018-09-07,21,POWIAT PUŁTUSKI,PUŁTUSK - OBSZAR WIEJSKI,Droga wojewódzka,571,Jednojezdniowa dwukierunkowa,Odcinek prosty,Obszar niezabudowany,21.0528333333333,52.6848611111111,Jezdnia,Dobre warunki atmosferyczne,Noc - droga nieoświetlona,Najechanie na pieszego,1,0,0,Nieokreślone (puste pole),T,,,,,,,,,,
EWK-107276467R,2018,2018-09-11,19,POWIAT SIERPECKI,SIERPC - OBSZAR MIEJSKI,Droga wojewódzka,560,Jednojezdniowa dwukierunkowa,Odcinek prosty,Obszar niezabudowany,19.6771388888889,52.8898611111111,Jezdnia,Dobre warunki atmosferyczne,Noc - droga nieoświetlona,Najechanie na pieszego,1,1,0,Nieokreślone (puste pole),N,,,,,,,,,,