IDKSIP,year,date,hour,district,district_commune,road_category,road_number,type_of_road,road_geometry,area,Longitude,Latitude,char_place_of_the_event,weather_conditions,lighting,type_of_accident,num_of_accidents,num_of_fatalities,num_of_injured,type_of_injury,is_offender_intoxicated,,,,,,,,,,
EWK-107285827R,2018,2018-09-16,3,POWIAT SOCHACZEWSKI,SOCHACZEW - OBSZAR WIEJSKI,Droga krajowa,92,Jednojezdniowa dwukierunkowa,Odcinek prosty,Obszar niezabudowany,20.3048055555556,52.2240833333333,Jezdnia,Dobre warunki atmosferyczne,Noc - droga nieoświetlona,Najechanie na pieszego,1,0,1,Ciężko,T,,,,,,,,,,
EWK-107285827R,2018,2018-09-16,3,POWIAT SOCHACZEWSKI,SOCHACZEW - OBSZAR WIEJSKI,Droga krajowa,92,Jednojezdniowa dwukierunkowa,Odcinek prosty,Obszar niezabudowany,20.3048055555556,52.2240833333333,Jezdnia,Dobre warunki atmosferyczne,Noc - droga nieoświetlona,Najechanie na pieszego,1,0,0,Nieokreślone (puste pole),T,,,,,,,,,,
EWK-107324838U,2018,2018-09-29,20,POWIAT RADOMSKI,IŁŻA - OBSZAR MIEJSKI,Droga krajowa,9,Jednojezdniowa dwukierunkowa,Odcinek prosty,Obszar niezabudowany,21.227,51.1269722222222,Jezdnia,Dobre warunki atmosferyczne,Noc - droga nieoświetlona,Najechanie na pieszego,1,0,1,Lekko,N,,,,,,,,,,
EWK-107324838U,2018,2018-09-29,20,POWIAT RADOMSKI,IŁŻA - OBSZAR MIEJSKI,Droga krajowa,9,Jednojezdniowa dwukierunkowa,Odcinek prosty,Obszar niezabudowany,21.227,51.1269722222222,Jezdnia,Dobre warunki atmosferyczne,Noc - droga nieoświetlona,Najechanie na pieszego,1,0,0,Nieokreślone (puste pole),N,,,,,,,,,,
EWK-107326053T,2018,2018-09-29,20,POWIAT MŁAWSKI,DZIERZGOWO - OBSZAR WIEJSKI,Droga wojewódzka,616,Jednojezdniowa dwukierunkowa,,Obszar niezabudowany,20.7040833333333,53.1146666666667,Jezdnia,Dobre warunki atmosferyczne,Noc - droga nieoświetlona,Najechanie na pieszego,1,1,0,Nieokreślone (puste pole),N,,,,,,,,,,
EWK-107331145F,2018,2018-10-01,1,POWIAT CIECHANOWSKI,GLINOJECK - OBSZAR WIEJSKI,Droga krajowa,7,Jednojezdniowa dwukierunkowa,Odcinek prosty,Obszar niezabudowany,20.2710555555556,52.7964166666667,Jezdnia,Dobre warunki atmosferyczne,Noc - droga nieoświetlona,Najechanie na pieszego,1,1,0,Nieokreślone (puste pole),N,,,,,,,,,,
EWK-107333235T,2018,2018-10-01,19,POWIAT RADOMSKI,SKARYSZEW - OBSZAR WIEJSKI,Droga powiatowa,P3534W,Jednojezdniowa dwukierunkowa,Odcinek prosty,Obszar zabudowany,21.2468888888889,51.3458055555556,Jezdnia,Dobre warunki atmosferyczne,Noc - droga nieoświetlona,Najechanie na pieszego,1,0,1,Ciężko,N,,,,,,,,,,
EWK-107333235T,2018,2018-10-01,19,POWIAT RADOMSKI,SKARYSZEW - OBSZAR WIEJSKI,Droga powiatowa,P3534W,Jednojezdniowa dwukierunkowa,Odcinek prosty,Obszar zabudowany,21.2468888888889,51.3458055555556,Jezdnia,Dobre warunki atmosferyczne,Noc - droga nieoświetlona,Najechanie na pieszego,1,0,0,Nieokreślone (puste pole),N,,,,,,,,,,
EWK-107338941J,2018,2018-10-02,20,POWIAT OSTROWSKI,OSTRÓW MAZOWIECKA - OBSZAR WIEJSKI,Droga powiatowa,P2640W,Jednojezdniowa dwukierunkowa,Odcinek prosty,Obszar niezabudowany,21.7851944444444,52.7988333333333,Jezdnia,Dobre warunki atmosferyczne,Noc - droga nieoświetlona,Najechanie na pieszego,1,0,1,Ciężko,T,,,,,,,,,,
EWK-107338941J,2018,2018-10-02,20,POWIAT OSTROWSKI,OSTRÓW MAZOWIECKA - OBSZAR WIEJSKI,Droga powiatowa,P2640W,Jednojezdniowa dwukierunkowa,Odcinek prosty,Obszar niezabudowany,21.7851944444444,52.7988333333333,Jezdnia,Dobre warunki atmosferyczne,Noc - droga nieoświetlona,Najechanie na pieszego,1,0,0,Nieokreślone (puste pole),T,,,,,,,,,,
EWK-107348777F,2018,2018-10-05,19,POWIAT ZWOLEŃSKI,ZWOLEŃ - OBSZAR WIEJSKI,Droga krajowa,79,Jednojezdniowa dwukierunkowa,Odcinek prosty,Obszar niezabudowany,21.6036111111111,51.3931111111111,Jezdnia,Dobre warunki atmosferyczne,Noc - droga nieoświetlona,Najechanie na pieszego,1,0,1,Lekko,T,,,,,,,,,,
EWK-107348777F,2018,2018-10-05,19,POWIAT ZWOLEŃSKI,ZWOLEŃ - OBSZAR WIEJSKI,Droga krajowa,79,Jednojezdniowa dwukierunkowa,Odcinek prosty,Obszar niezabudowany,21.6036111111111,51.3931111111111,Jezdnia,Dobre warunki atmosferyczne,Noc - droga nieoświetlona,Najechanie na pieszego,1,0,0,Nieokreślone (puste pole),T,,,,,,,,,,
EWK-107374922F,2018,2018-10-12,21,POWIAT PŁOCKI,STAROŹREBY - OBSZAR WIEJSKI,Droga krajowa,10,Jednojezdniowa dwukierunkowa,Odcinek prosty,Obszar niezabudowany,20.1060555555556,52.6451388888889,Jezdnia,Dobre warunki atmosferyczne,Noc - droga nieoświetlona,Najechanie na pieszego,1,1,0,Nieokreślone (puste pole),T,,,,,,,,,,
EWK-107384422N,2018,2018-10-15,21,POWIAT ŁOSICKI,ŁOSICE - OBSZAR MIEJSKI,Droga krajowa,19,Jednojezdniowa dwukierunkowa,Odcinek prosty,Obszar niezabudowany,22.727,52.1990555555556,Jezdnia,Dobre warunki atmosferyczne,Noc - droga nieoświetlona,Najechanie na pieszego,1,1,0,Nieokreślone (puste pole),T,,,,,,,,,,
EWK-107384612R,2018,2018-10-15,17,POWIAT SIEDLECKI,MORDY - OBSZAR WIEJSKI,Droga wojewódzka,698,Jednojezdniowa dwukierunkowa,Odcinek prosty,Obszar niezabudowany,22.64075,52.2131944444445,Jezdnia,Dobre warunki atmosferyczne,Noc - droga nieoświetlona,Najechanie na pieszego,1,1,0,Nieokreślone (puste pole),N,,,,,,,,,,
EWK-107390473H,2018,2018-10-19,18,POWIAT PŁOŃSKI,ZAŁUSKI - OBSZAR WIEJSKI,Inna,I2,Jednojezdniowa dwukierunkowa,Odcinek prosty,Obszar niezabudowany,20.5306388888889,52.5203611111111,Jezdnia,Dobre warunki atmosferyczne,Noc - droga nieoświetlona,Najechanie na pieszego,1,0,1,Lekko,T,,,,,,,,,,
EWK-107390473H,2018,2018-10-19,18,POWIAT PŁOŃSKI,ZAŁUSKI - OBSZAR WIEJSKI,Inna,I2,Jednojezdniowa dwukierunkowa,Odcinek prosty,Obszar niezabudowany,20.5306388888889,52.5203611111111,Jezdnia,Dobre warunki atmosferyczne,Noc - droga nieoświetlona,Najechanie na pieszego,1,0,0,Nieokreślone (puste pole),T,,,,,,,,,,
EWK-107414671P,2018,2018-10-30,23,POWIAT ŻYRARDOWSKI,WISKITKI - OBSZAR WIEJSKI,Droga krajowa,50a,Jednojezdniowa dwukierunkowa,Odcinek prosty,Obszar niezabudowany,20.4038611111111,52.0574444444444,Jezdnia,Dobre warunki atmosferyczne,Noc - droga nieoświetlona,Najechanie na pieszego,1,0,1,Lekko,T,,,,,,,,,,
EWK-107414671P,2018,2018-10-30,23,POWIAT ŻYRARDOWSKI,WISKITKI - OBSZAR WIEJSKI,Droga krajowa,50a,Jednojezdniowa dwukierunkowa,Odcinek prosty,Obszar niezabudowany,20.4038611111111,52.0574444444444,Jezdnia,Dobre warunki atmosferyczne,Noc - droga nieoświetlona,Najechanie na pieszego,1,0,0,Nieokreślone (puste pole),T,,,,,,,,,,
EWK-107417819E,2018,2018-10-31,19,POWIAT LIPSKI,LIPSKO - OBSZAR WIEJSKI,Droga wojewódzka,754,Jednojezdniowa dwukierunkowa,Odcinek prosty,Obszar zabudowany,21.6761944444444,51.1950555555556,Jezdnia,Dobre warunki atmosferyczne,Noc - droga nieoświetlona,Najechanie na pieszego,1,0,1,Lekko,T,,,,,,,,,,
EWK-107417819E,2018,2018-10-31,19,POWIAT LIPSKI,LIPSKO - OBSZAR WIEJSKI,Droga wojewódzka,754,Jednojezdniowa dwukierunkowa,Odcinek prosty,Obszar zabudowany,21.6761944444444,51.1950555555556,Jezdnia,Dobre warunki atmosferyczne,Noc - droga nieoświetlona,Najechanie na pieszego,1,0,0,Nieokreślone (puste pole),T,,,,,,,,,,
EWK-107422119T,2018,2018-11-03,16,POWIAT RADOMSKI,KOWALA - OBSZAR WIEJSKI,Droga krajowa,7,Jednojezdniowa dwukierunkowa,Odcinek prosty,Obszar niezabudowany,21.0627777777778,51.3645833333333,Jezdnia,Dobre warunki atmosferyczne,Noc - droga nieoświetlona,Najechanie na pieszego,1,1,0,Nieokreślone (puste pole),N,,,,,,,,,,
EWK-107438542K,2018,2018-11-12,16,POWIAT GARWOLIŃSKI,MIASTKÓW KOŚCIELNY - OBSZAR WIEJSKI,Nieokreślone (puste pole),,Jednojezdniowa dwukierunkowa,Odcinek prosty,Obszar niezabudowany,21.8640277777778,51.9088333333333,Jezdnia,Dobre warunki atmosferyczne,Noc - droga nieoświetlona,Najechanie na pieszego,1,0,1,Lekko,N,,,,,,,,,,
EWK-107438542K,2018,2018-11-12,16,POWIAT GARWOLIŃSKI,MIASTKÓW KOŚCIELNY - OBSZAR WIEJSKI,Nieokreślone (puste pole),,Jednojezdniowa dwukierunkowa,Odcinek prosty,Obszar niezabudowany,21.8640277777778,51.9088333333333,Jezdnia,Dobre warunki atmosferyczne,Noc - droga nieoświetlona,Najechanie na pieszego,1,0,0,Nieokreślone (puste pole),N,,,,,,,,,,
EWK-107442247N,2018,2018-10-30,18,POWIAT CIECHANOWSKI,GOŁYMIN-OŚRODEK - OBSZAR WIEJSKI,Droga gminna,G120448W,Jednojezdniowa dwukierunkowa,Odcinek prosty,Obszar niezabudowany,20.8548888888889,52.8325833333333,Jezdnia,Dobre warunki atmosferyczne,Noc - droga nieoświetlona,Najechanie na pieszego,1,1,0,Nieokreślone (puste pole),N,,,,,,,,,,
EWK-107447264A,2018,2018-11-17,18,POWIAT KOZIENICKI,KOZIENICE - OBSZAR WIEJSKI,Droga krajowa,79,Jednojezdniowa dwukierunkowa,,Obszar niezabudowany,21.4420833333333,51.68825,Jezdnia,Dobre warunki atmosferyczne,Noc - droga nieoświetlona,Najechanie na pieszego,1,1,0,Nieokreślone (puste pole),T,,,,,,,,,,
EWK-107447276G,2018,2018-11-17,18,POWIAT RADOMSKI,JEDLIŃSK - OBSZAR WIEJSKI,Droga powiatowa,P1133W,Jednojezdniowa dwukierunkowa,Odcinek prosty,Obszar niezabudowany,21.0873888888889,51.5286388888889,Jezdnia,Dobre warunki atmosferyczne,Noc - droga nieoświetlona,Najechanie na pieszego,1,1,0,Nieokreślone (puste pole),N,,,,,,,,,,
EWK-107459671L,2018,2018-11-25,16,POWIAT GARWOLIŃSKI,WILGA - OBSZAR WIEJSKI,Droga wojewódzka,801,Jednojezdniowa dwukierunkowa,Odcinek prosty,Obszar niezabudowany,21.4243611111111,51.8101388888889,Jezdnia,Dobre warunki atmosferyczne,Noc - droga nieoświetlona,Najechanie na pieszego,1,0,1,Lekko,N,,,,,,,,,,
EWK-107459671L,2018,2018-11-25,16,POWIAT GARWOLIŃSKI,WILGA - OBSZAR WIEJSKI,Droga wojewódzka,801,Jednojezdniowa dwukierunkowa,Odcinek prosty,Obszar niezabudowany,21.4243611111111,51.8101388888889,Jezdnia,Dobre warunki atmosferyczne,Noc - droga nieoświetlona,Najechanie na pieszego,1,0,0,Nieokreślone (puste pole),N,,,,,,,,,,
EWK-107466421H,2018,2018-11-28,16,POWIAT PRZASNYSKI,PRZASNYSZ - OBSZAR WIEJSKI,Droga powiatowa,P3238W  ,Jednojezdniowa dwukierunkowa,Odcinek prosty,Obszar niezabudowany,20.9143055555556,52.9883333333333,Jezdnia,Dobre warunki atmosferyczne,Noc - droga nieoświetlona,Najechanie na pieszego,1,1,0,Nieokreślone (puste pole),N,,,,,,,,,,
EWK-107502233D,2018,2018-12-15,16,POWIAT RADOMSKI,PRZYTYK - OBSZAR WIEJSKI,Droga gminna,GMINNA,Jednojezdniowa dwukierunkowa,Odcinek prosty,Obszar zabudowany,20.9315,51.4935,Jezdnia,Dobre warunki atmosferyczne,Noc - droga nieoświetlona,Najechanie na pieszego,1,0,1,Lekko,N,,,,,,,,,,
EWK-107502233D,2018,2018-12-15,16,POWIAT RADOMSKI,PRZYTYK - OBSZAR WIEJSKI,Droga gminna,GMINNA,Jednojezdniowa dwukierunkowa,Odcinek prosty,Obszar zabudowany,20.9315,51.4935,Jezdnia,Dobre warunki atmosferyczne,Noc - droga nieoświetlona,Najechanie na pieszego,1,0,0,Nieokreślone (puste pole),N,,,,,,,,,,
EWK-107514928C,2018,2018-12-19,16,POWIAT PŁOŃSKI,NARUSZEWO - OBSZAR WIEJSKI,Droga wojewódzka,W570,Jednojezdniowa dwukierunkowa,Odcinek prosty,Obszar niezabudowany,20.3587777777778,52.5155277777778,Jezdnia,Dobre warunki atmosferyczne,Noc - droga nieoświetlona,Najechanie na pieszego,1,0,1,Lekko,T,,,,,,,,,,
EWK-107514928C,2018,2018-12-19,16,POWIAT PŁOŃSKI,NARUSZEWO - OBSZAR WIEJSKI,Droga wojewódzka,W570,Jednojezdniowa dwukierunkowa,Odcinek prosty,Obszar niezabudowany,20.3587777777778,52.5155277777778,Jezdnia,Dobre warunki atmosferyczne,Noc - droga nieoświetlona,Najechanie na pieszego,1,0,0,Nieokreślone (puste pole),T,,,,,,,,,,
EWK-107507730T,2018,2018-12-18,6,POWIAT KOZIENICKI,KOZIENICE - OBSZAR MIEJSKI,Droga krajowa,79,Jednojezdniowa dwukierunkowa,Odcinek prosty,Obszar zabudowany,21.5476111111111,51.5878333333333,Przejście dla pieszych,Dobre warunki atmosferyczne,Noc - droga nieoświetlona,Najechanie na pieszego,1,0,1,Ciężko,N,,,,,,,,,,
EWK-107507730T,2018,2018-12-18,6,POWIAT KOZIENICKI,KOZIENICE - OBSZAR MIEJSKI,Droga krajowa,79,Jednojezdniowa dwukierunkowa,Odcinek prosty,Obszar zabudowany,21.5476111111111,51.5878333333333,Przejście dla pieszych,Dobre warunki atmosferyczne,Noc - droga nieoświetlona,Najechanie na pieszego,1,0,0,Nieokreślone (puste pole),N,,,,,,,,,,
EWK-107467726E,2018,2018-11-29,6,POWIAT ŻYRARDOWSKI,MSZCZONÓW - OBSZAR WIEJSKI,Droga krajowa,50,Jednojezdniowa dwukierunkowa,Odcinek prosty,Obszar niezabudowany,20.6596388888889,51.9248333333333,"Roboty drogowe, oznakowanie tymczasowe",Dobre warunki atmosferyczne,Noc - droga nieoświetlona,Najechanie na pieszego,1,1,0,Nieokreślone (puste pole),N,,,,,,,,,,
EWK-106814636C,2018,2018-03-25,21,POWIAT ŻYRARDOWSKI,ŻYRARDÓW - OBSZAR MIEJSKI,Droga gminna,GMINNA,Jednojezdniowa dwukierunkowa,Odcinek prosty,Obszar zabudowany,20.4404166666667,52.0606944444444,"Chodnik, droga dla pieszych",Dobre warunki atmosferyczne,Noc - droga oświetlona,Najechanie na pieszego,1,0,1,Ciężko,N,,,,,,,,,,
EWK-106814636C,2018,2018-03-25,21,POWIAT ŻYRARDOWSKI,ŻYRARDÓW - OBSZAR MIEJSKI,Droga gminna,GMINNA,Jednojezdniowa dwukierunkowa,Odcinek prosty,Obszar zabudowany,20.4404166666667,52.0606944444444,"Chodnik, droga dla pieszych",Dobre warunki atmosferyczne,Noc - droga oświetlona,Najechanie na pieszego,1,0,0,Nieokreślone (puste pole),N,,,,,,,,,,
EWK-106666464C,2018,2018-01-10,19,POWIAT LIPSKI,SOLEC NAD WISŁĄ - OBSZAR WIEJSKI,Droga wojewódzka,747,Jednojezdniowa dwukierunkowa,Odcinek prosty,Obszar zabudowany,21.7083055555556,51.1389166666667,Jezdnia,Dobre warunki atmosferyczne,Noc - droga oświetlona,Najechanie na pieszego,1,0,1,Lekko,N,,,,,,,,,,
EWK-106666464C,2018,2018-01-10,19,POWIAT LIPSKI,SOLEC NAD WISŁĄ - OBSZAR WIEJSKI,Droga wojewódzka,747,Jednojezdniowa dwukierunkowa,Odcinek prosty,Obszar zabudowany,21.7083055555556,51.1389166666667,Jezdnia,Dobre warunki atmosferyczne,Noc - droga oświetlona,Najechanie na pieszego,1,0,0,Nieokreślone (puste pole),N,,,,,,,,,,
EWK-106673503N,2018,2018-01-14,18,POWIAT BIAŁOBRZESKI,RADZANÓW - OBSZAR WIEJSKI,Droga gminna,G110315W,Jednojezdniowa dwukierunkowa,Odcinek prosty,Obszar zabudowany,20.8881111111111,51.5536388888889,Jezdnia,Dobre warunki atmosferyczne,Noc - droga oświetlona,Najechanie na pieszego,1,0,1,Ciężko,N,,,,,,,,,,
EWK-106673503N,2018,2018-01-14,18,POWIAT BIAŁOBRZESKI,RADZANÓW - OBSZAR WIEJSKI,Droga gminna,G110315W,Jednojezdniowa dwukierunkowa,Odcinek prosty,Obszar zabudowany,20.8881111111111,51.5536388888889,Jezdnia,Dobre warunki atmosferyczne,Noc - droga oświetlona,Najechanie na pieszego,1,0,0,Nieokreślone (puste pole),N,,,,,,,,,,
EWK-106718416H,2018,2018-02-06,18,POWIAT ŻYRARDOWSKI,ŻYRARDÓW - OBSZAR MIEJSKI,Droga gminna,GMINNA,Jednojezdniowa dwukierunkowa,Odcinek prosty,Obszar zabudowany,20.4438333333333,52.0658611111111,Jezdnia,Dobre warunki atmosferyczne,Noc - droga oświetlona,Najechanie na pieszego,1,0,1,Lekko,N,,,,,,,,,,
EWK-106718416H,2018,2018-02-06,18,POWIAT ŻYRARDOWSKI,ŻYRARDÓW - OBSZAR MIEJSKI,Droga gminna,GMINNA,Jednojezdniowa dwukierunkowa,Odcinek prosty,Obszar zabudowany,20.4438333333333,52.0658611111111,Jezdnia,Dobre warunki atmosferyczne,Noc - droga oświetlona,Najechanie na pieszego,1,0,0,Nieokreślone (puste pole),N,,,,,,,,,,
EWK-106739713J,2018,2018-02-16,18,POWIAT OSTROWSKI,STARY LUBOTYŃ - OBSZAR WIEJSKI,Droga wojewódzka,677,Jednojezdniowa dwukierunkowa,"Zakręt, łuk",Obszar zabudowany,21.8701944444444,52.8891944444444,Jezdnia,Dobre warunki atmosferyczne,Noc - droga oświetlona,Najechanie na pieszego,1,0,1,Lekko,N,,,,,,,,,,
EWK-106739713J,2018,2018-02-16,18,POWIAT OSTROWSKI,STARY LUBOTYŃ - OBSZAR WIEJSKI,Droga wojewódzka,677,Jednojezdniowa dwukierunkowa,"Zakręt, łuk",Obszar zabudowany,21.8701944444444,52.8891944444444,Jezdnia,Dobre warunki atmosferyczne,Noc - droga oświetlona,Najechanie na pieszego,1,0,0,Nieokreślone (puste pole),N,,,,,,,,,,
EWK-106881938N,2018,2018-04-10,20,POWIAT PŁOCKI,BIELSK - OBSZAR WIEJSKI,Droga powiatowa,P2910W,Jednojezdniowa dwukierunkowa,Odcinek prosty,Obszar niezabudowany,19.7833055555556,52.6209444444445,Jezdnia,Dobre warunki atmosferyczne,Noc - droga oświetlona,Najechanie na pieszego,1,0,2,Lekko,T,,,,,,,,,,
EWK-106927886Y,2018,2018-05-06,21,POWIAT WYSZKOWSKI,BRAŃSZCZYK - OBSZAR WIEJSKI,Droga gminna,GMINNA,Jednojezdniowa dwukierunkowa,Odcinek prosty,Obszar zabudowany,21.5416388888889,52.6479722222222,Jezdnia,Dobre warunki atmosferyczne,Noc - droga oświetlona,Najechanie na pieszego,1,1,0,Nieokreślone (puste pole),N,,,,,,,,,,
EWK-106984435A,2018,2018-06-02,22,POWIAT SIEDLECKI,SIEDLCE - OBSZAR WIEJSKI,Nieokreślone (puste pole),,Jednojezdniowa dwukierunkowa,Odcinek prosty,Obszar zabudowany,22.2390555555556,52.1315,Jezdnia,Dobre warunki atmosferyczne,Noc - droga oświetlona,Najechanie na pieszego,1,0,1,Ciężko,N,,,,,,,,,,
EWK-106984435A,2018,2018-06-02,22,POWIAT SIEDLECKI,SIEDLCE - OBSZAR WIEJSKI,Nieokreślone (puste pole),,Jednojezdniowa dwukierunkowa,Odcinek prosty,Obszar zabudowany,22.2390555555556,52.1315,Jezdnia,Dobre warunki atmosferyczne,Noc - droga oświetlona,Najechanie na pieszego,1,0,0,Nieokreślone (puste pole),N,,,,,,,,,,
EWK-107002206A,2018,2018-06-11,21,POWIAT GRÓJECKI,GRÓJEC - OBSZAR MIEJSKI,Droga powiatowa,P1647W,Jednojezdniowa dwukierunkowa,Odcinek prosty,Obszar zabudowany,20.8647777777778,51.8737777777778,Jezdnia,Dobre warunki atmosferyczne,Noc - droga oświetlona,Najechanie na pieszego,1,0,1,Ciężko,T,,,,,,,,,,
EWK-107002206A,2018,2018-06-11,21,POWIAT GRÓJECKI,GRÓJEC - OBSZAR MIEJSKI,Droga powiatowa,P1647W,Jednojezdniowa dwukierunkowa,Odcinek prosty,Obszar zabudowany,20.8647777777778,51.8737777777778,Jezdnia,Dobre warunki atmosferyczne,Noc - droga oświetlona,Najechanie na pieszego,1,0,0,Nieokreślone (puste pole),T,,,,,,,,,,
EWK-107079159P,2018,2018-07-01,22,POWIAT RADOMSKI,SKARYSZEW - OBSZAR WIEJSKI,Droga krajowa,9,Jednojezdniowa dwukierunkowa,Odcinek prosty,Obszar zabudowany,21.2081666666667,51.35725,Jezdnia,Dobre warunki atmosferyczne,Noc - droga oświetlona,Najechanie na pieszego,1,0,1,Ciężko,T,,,,,,,,,,
EWK-107079159P,2018,2018-07-01,22,POWIAT RADOMSKI,SKARYSZEW - OBSZAR WIEJSKI,Droga krajowa,9,Jednojezdniowa dwukierunkowa,Odcinek prosty,Obszar zabudowany,21.2081666666667,51.35725,Jezdnia,Dobre warunki atmosferyczne,Noc - droga oświetlona,Najechanie na pieszego,1,0,0,Nieokreślone (puste pole),T,,,,,,,,,,
EWK-107152281C,2018,2018-08-05,4,POWIAT RADOMSKI,JEDLIŃSK - OBSZAR WIEJSKI,Droga powiatowa,P3336W,Jednojezdniowa dwukierunkowa,"Zakręt, łuk",Obszar zabudowany,21.0710833333333,51.5081111111111,Jezdnia,Dobre warunki atmosferyczne,Noc - droga oświetlona,Najechanie na pieszego,1,0,1,Lekko,N,,,,,,,,,,
EWK-107152281C,2018,2018-08-05,4,POWIAT RADOMSKI,JEDLIŃSK - OBSZAR WIEJSKI,Droga powiatowa,P3336W,Jednojezdniowa dwukierunkowa,"Zakręt, łuk",Obszar zabudowany,21.0710833333333,51.5081111111111,Jezdnia,Dobre warunki atmosferyczne,Noc - droga oświetlona,Najechanie na pieszego,1,0,0,Nieokreślone (puste pole),N,,,,,,,,,,
EWK-107153920Q,2018,2018-08-05,21,POWIAT RADOMSKI,WIERZBICA - OBSZAR WIEJSKI,Droga powiatowa,P3545W,Jednojezdniowa dwukierunkowa,Odcinek prosty,Obszar zabudowany,21.1119722222222,51.22775,Jezdnia,Dobre warunki atmosferyczne,Noc - droga oświetlona,Najechanie na pieszego,1,0,1,Ciężko,N,,,,,,,,,,
EWK-107153920Q,2018,2018-08-05,21,POWIAT RADOMSKI,WIERZBICA - OBSZAR WIEJSKI,Droga powiatowa,P3545W,Jednojezdniowa dwukierunkowa,Odcinek prosty,Obszar zabudowany,21.1119722222222,51.22775,Jezdnia,Dobre warunki atmosferyczne,Noc - droga oświetlona,Najechanie na pieszego,1,0,0,Nieokreślone (puste pole),N,,,,,,,,,,
EWK-107193812G,2018,2018-08-18,3,POWIAT GARWOLIŃSKI,MACIEJOWICE - OBSZAR WIEJSKI,Droga wojewódzka,801,Jednojezdniowa dwukierunkowa,Odcinek prosty,Obszar zabudowany,21.4738333333333,51.7430555555556,Jezdnia,Dobre warunki atmosferyczne,Noc - droga oświetlona,Najechanie na pieszego,1,0,1,Lekko,N,,,,,,,,,,
EWK-107193812G,2018,2018-08-18,3,POWIAT GARWOLIŃSKI,MACIEJOWICE - OBSZAR WIEJSKI,Droga wojewódzka,801,Jednojezdniowa dwukierunkowa,Odcinek prosty,Obszar zabudowany,21.4738333333333,51.7430555555556,Jezdnia,Dobre warunki atmosferyczne,Noc - droga oświetlona,Najechanie na pieszego,1,0,0,Nieokreślone (puste pole),N,,,,,,,,,,
EWK-107254421J,2018,2018-09-04,3,POWIAT RADOM,RADOM - OBSZAR MIEJSKI,Droga gminna,GMINNA,Jednojezdniowa dwukierunkowa,,Obszar zabudowany,21.094,51.3545555555556,Jezdnia,Dobre warunki atmosferyczne,Noc - droga oświetlona,Najechanie na pieszego,1,0,1,Ciężko,N,,,,,,,,,,
EWK-107254421J,2018,2018-09-04,3,POWIAT RADOM,RADOM - OBSZAR MIEJSKI,Droga gminna,GMINNA,Jednojezdniowa dwukierunkowa,,Obszar zabudowany,21.094,51.3545555555556,Jezdnia,Dobre warunki atmosferyczne,Noc - droga oświetlona,Najechanie na pieszego,1,0,0,Nieokreślone (puste pole),N,,,,,,,,,,
EWK-107273411J,2018,2018-09-10,19,POWIAT RADOM,RADOM - OBSZAR MIEJSKI,Droga powiatowa,P5347W,Jednokierunkowa,Odcinek prosty,Obszar zabudowany,21.1622777777778,51.4021388888889,Jezdnia,Dobre warunki atmosferyczne,Noc - droga oświetlona,Najechanie na pieszego,1,0,1,Lekko,N,,,,,,,,,,
EWK-107273411J,2018,2018-09-10,19,POWIAT RADOM,RADOM - OBSZAR MIEJSKI,Droga powiatowa,P5347W,Jednokierunkowa,Odcinek prosty,Obszar zabudowany,21.1622777777778,51.4021388888889,Jezdnia,Dobre warunki atmosferyczne,Noc - droga oświetlona,Najechanie na pieszego,1,0,0,Nieokreślone (puste pole),N,,,,,,,,,,
EWK-107280390P,2018,2018-09-13,19,POWIAT KOZIENICKI,GŁOWACZÓW - OBSZAR WIEJSKI,Droga krajowa,48,Jednojezdniowa dwukierunkowa,,Obszar zabudowany,21.3164444444444,51.6227777777778,Jezdnia,Dobre warunki atmosferyczne,Noc - droga oświetlona,Najechanie na pieszego,1,0,1,Ciężko,N,,,,,,,,,,
EWK-107280390P,2018,2018-09-13,19,POWIAT KOZIENICKI,GŁOWACZÓW - OBSZAR WIEJSKI,Droga krajowa,48,Jednojezdniowa dwukierunkowa,,Obszar zabudowany,21.3164444444444,51.6227777777778,Jezdnia,Dobre warunki atmosferyczne,Noc - droga oświetlona,Najechanie na pieszego,1,0,0,Nieokreślone (puste pole),N,,,,,,,,,,
EWK-107381667Y,2018,2018-10-15,21,POWIAT RADOM,RADOM - OBSZAR MIEJSKI,Droga powiatowa,P5304W  ,Jednojezdniowa dwukierunkowa,Odcinek prosty,Obszar zabudowany,21.16175,51.3983333333333,Jezdnia,Dobre warunki atmosferyczne,Noc - droga oświetlona,Najechanie na pieszego,1,0,1,Ciężko,N,,,,,,,,,,
EWK-107381667Y,2018,2018-10-15,21,POWIAT RADOM,RADOM - OBSZAR MIEJSKI,Droga powiatowa,P5304W  ,Jednojezdniowa dwukierunkowa,Odcinek prosty,Obszar zabudowany,21.16175,51.3983333333333,Jezdnia,Dobre warunki atmosferyczne,Noc - droga oświetlona,Najechanie na pieszego,1,0,0,Nieokreślone (puste pole),N,,,,,,,,,,
EWK-107391133U,2018,2018-10-19,21,POWIAT OSTROŁĘCKI,LELIS - OBSZAR WIEJSKI,Droga powiatowa,2539W,Jednojezdniowa dwukierunkowa,Odcinek prosty,Obszar zabudowany,21.5948611111111,53.1282777777778,Jezdnia,Dobre warunki atmosferyczne,Noc - droga oświetlona,Najechanie na pieszego,1,1,0,Nieokreślone (puste pole),N,,,,,,,,,,