IDKSIP,year,date,hour,district,district_commune,road_category,road_number,type_of_road,road_geometry,area,Longitude,Latitude,char_place_of_the_event,weather_conditions,lighting,type_of_accident,num_of_accidents,num_of_fatalities,num_of_injured,type_of_injury,is_offender_intoxicated,,,,,,,,,,
EWK-107412859U,2018,2018-10-30,1,POWIAT WYSZKOWSKI,RZĄŚNIK - OBSZAR WIEJSKI,Droga powiatowa,P4410W,Jednojezdniowa dwukierunkowa,"Zakręt, łuk",Obszar zabudowany,21.3249444444444,52.6640277777778,Jezdnia,Dobre warunki atmosferyczne,Noc - droga oświetlona,Najechanie na pieszego,1,0,1,Ciężko,N,,,,,,,,,,
EWK-107412859U,2018,2018-10-30,1,POWIAT WYSZKOWSKI,RZĄŚNIK - OBSZAR WIEJSKI,Droga powiatowa,P4410W,Jednojezdniowa dwukierunkowa,"Zakręt, łuk",Obszar zabudowany,21.3249444444444,52.6640277777778,Jezdnia,Dobre warunki atmosferyczne,Noc - droga oświetlona,Najechanie na pieszego,1,0,0,Nieokreślone (puste pole),N,,,,,,,,,,
EWK-107418725E,2018,2018-11-01,16,POWIAT WĘGROWSKI,GRĘBKÓW - OBSZAR WIEJSKI,Droga powiatowa,P4248W,Jednojezdniowa dwukierunkowa,Odcinek prosty,Obszar niezabudowany,21.8864166666667,52.2726111111111,Jezdnia,Dobre warunki atmosferyczne,Noc - droga oświetlona,Najechanie na pieszego,1,1,0,Nieokreślone (puste pole),N,,,,,,,,,,
EWK-107420226A,2018,2018-11-02,18,POWIAT OSTROWSKI,WĄSEWO - OBSZAR WIEJSKI,Droga powiatowa,2647W,Jednojezdniowa dwukierunkowa,Odcinek prosty,Obszar zabudowany,21.7037777777778,52.8141944444444,Jezdnia,Dobre warunki atmosferyczne,Noc - droga oświetlona,Najechanie na pieszego,1,0,1,Lekko,T,,,,,,,,,,
EWK-107420226A,2018,2018-11-02,18,POWIAT OSTROWSKI,WĄSEWO - OBSZAR WIEJSKI,Droga powiatowa,2647W,Jednojezdniowa dwukierunkowa,Odcinek prosty,Obszar zabudowany,21.7037777777778,52.8141944444444,Jezdnia,Dobre warunki atmosferyczne,Noc - droga oświetlona,Najechanie na pieszego,1,0,0,Nieokreślone (puste pole),T,,,,,,,,,,
EWK-107427516J,2018,2018-11-05,17,POWIAT ZWOLEŃSKI,ZWOLEŃ - OBSZAR WIEJSKI,Droga powiatowa,P4508W,Jednojezdniowa dwukierunkowa,Odcinek prosty,Obszar niezabudowany,21.5993611111111,51.3783888888889,Jezdnia,Dobre warunki atmosferyczne,Noc - droga oświetlona,Najechanie na pieszego,1,0,1,Lekko,N,,,,,,,,,,
EWK-107427516J,2018,2018-11-05,17,POWIAT ZWOLEŃSKI,ZWOLEŃ - OBSZAR WIEJSKI,Droga powiatowa,P4508W,Jednojezdniowa dwukierunkowa,Odcinek prosty,Obszar niezabudowany,21.5993611111111,51.3783888888889,Jezdnia,Dobre warunki atmosferyczne,Noc - droga oświetlona,Najechanie na pieszego,1,0,0,Nieokreślone (puste pole),N,,,,,,,,,,
EWK-107432298W,2018,2018-11-07,16,POWIAT PŁOCK,PŁOCK - OBSZAR MIEJSKI,Droga powiatowa,P5223W,Jednojezdniowa dwukierunkowa,Odcinek prosty,Obszar zabudowany,19.7178888888889,52.5381666666667,Jezdnia,Dobre warunki atmosferyczne,Noc - droga oświetlona,Najechanie na pieszego,1,0,1,Ciężko,N,,,,,,,,,,
EWK-107432298W,2018,2018-11-07,16,POWIAT PŁOCK,PŁOCK - OBSZAR MIEJSKI,Droga powiatowa,P5223W,Jednojezdniowa dwukierunkowa,Odcinek prosty,Obszar zabudowany,19.7178888888889,52.5381666666667,Jezdnia,Dobre warunki atmosferyczne,Noc - droga oświetlona,Najechanie na pieszego,1,0,0,Nieokreślone (puste pole),N,,,,,,,,,,
EWK-107432309Y,2018,2018-11-07,16,POWIAT LIPSKI,LIPSKO - OBSZAR WIEJSKI,Droga wojewódzka,747,Jednojezdniowa dwukierunkowa,Odcinek prosty,Obszar zabudowany,21.5863055555556,51.1534722222222,Jezdnia,Dobre warunki atmosferyczne,Noc - droga oświetlona,Najechanie na pieszego,1,0,1,Lekko,T,,,,,,,,,,
EWK-107432309Y,2018,2018-11-07,16,POWIAT LIPSKI,LIPSKO - OBSZAR WIEJSKI,Droga wojewódzka,747,Jednojezdniowa dwukierunkowa,Odcinek prosty,Obszar zabudowany,21.5863055555556,51.1534722222222,Jezdnia,Dobre warunki atmosferyczne,Noc - droga oświetlona,Najechanie na pieszego,1,0,0,Nieokreślone (puste pole),T,,,,,,,,,,
EWK-107456754D,2018,2018-11-21,17,POWIAT SIEDLECKI,SUCHOŻEBRY - OBSZAR WIEJSKI,Droga gminna,GMINNA,Jednojezdniowa dwukierunkowa,Odcinek prosty,Obszar zabudowany,22.3286944444444,52.2900833333333,Jezdnia,Dobre warunki atmosferyczne,Noc - droga oświetlona,Najechanie na pieszego,1,0,1,Lekko,T,,,,,,,,,,
EWK-107456754D,2018,2018-11-21,17,POWIAT SIEDLECKI,SUCHOŻEBRY - OBSZAR WIEJSKI,Droga gminna,GMINNA,Jednojezdniowa dwukierunkowa,Odcinek prosty,Obszar zabudowany,22.3286944444444,52.2900833333333,Jezdnia,Dobre warunki atmosferyczne,Noc - droga oświetlona,Najechanie na pieszego,1,0,0,Nieokreślone (puste pole),T,,,,,,,,,,
EWK-107473607C,2018,2018-12-02,16,POWIAT PUŁTUSKI,ŚWIERCZE - OBSZAR WIEJSKI,Droga powiatowa,P2422W,Jednojezdniowa dwukierunkowa,Odcinek prosty,Obszar niezabudowany,20.8235833333333,52.6380555555556,Jezdnia,Dobre warunki atmosferyczne,Noc - droga oświetlona,Najechanie na pieszego,1,1,0,Nieokreślone (puste pole),N,,,,,,,,,,
EWK-107497551M,2018,2018-12-13,17,POWIAT GRÓJECKI,GRÓJEC - OBSZAR MIEJSKI,Droga powiatowa,P1656W,Jednojezdniowa dwukierunkowa,,Obszar zabudowany,20.8754722222222,51.8648333333333,Jezdnia,Dobre warunki atmosferyczne,Noc - droga oświetlona,Najechanie na pieszego,1,0,1,Ciężko,N,,,,,,,,,,
EWK-107497551M,2018,2018-12-13,17,POWIAT GRÓJECKI,GRÓJEC - OBSZAR MIEJSKI,Droga powiatowa,P1656W,Jednojezdniowa dwukierunkowa,,Obszar zabudowany,20.8754722222222,51.8648333333333,Jezdnia,Dobre warunki atmosferyczne,Noc - droga oświetlona,Najechanie na pieszego,1,0,0,Nieokreślone (puste pole),N,,,,,,,,,,
EWK-107509862K,2018,2018-12-17,17,POWIAT PŁOCKI,RADZANOWO - OBSZAR WIEJSKI,Droga powiatowa,P2942W,Jednojezdniowa dwukierunkowa,Odcinek prosty,Obszar zabudowany,19.8815555555556,52.5675833333333,Jezdnia,Dobre warunki atmosferyczne,Noc - droga oświetlona,Najechanie na pieszego,1,0,1,Lekko,N,,,,,,,,,,
EWK-107509862K,2018,2018-12-17,17,POWIAT PŁOCKI,RADZANOWO - OBSZAR WIEJSKI,Droga powiatowa,P2942W,Jednojezdniowa dwukierunkowa,Odcinek prosty,Obszar zabudowany,19.8815555555556,52.5675833333333,Jezdnia,Dobre warunki atmosferyczne,Noc - droga oświetlona,Najechanie na pieszego,1,0,0,Nieokreślone (puste pole),N,,,,,,,,,,
EWK-107521484A,2018,2018-12-21,16,POWIAT ŻYRARDOWSKI,ŻYRARDÓW - OBSZAR MIEJSKI,Droga gminna,GMINNA,Jednojezdniowa dwukierunkowa,Odcinek prosty,Obszar zabudowany,20.4362222222222,52.0485,Jezdnia,Dobre warunki atmosferyczne,Noc - droga oświetlona,Najechanie na pieszego,1,0,1,Ciężko,T,,,,,,,,,,
EWK-107521484A,2018,2018-12-21,16,POWIAT ŻYRARDOWSKI,ŻYRARDÓW - OBSZAR MIEJSKI,Droga gminna,GMINNA,Jednojezdniowa dwukierunkowa,Odcinek prosty,Obszar zabudowany,20.4362222222222,52.0485,Jezdnia,Dobre warunki atmosferyczne,Noc - droga oświetlona,Najechanie na pieszego,1,0,0,Nieokreślone (puste pole),T,,,,,,,,,,
EWK-107527875P,2018,2018-12-24,3,POWIAT KOZIENICKI,KOZIENICE - OBSZAR WIEJSKI,Droga powiatowa,P1711W,Jednojezdniowa dwukierunkowa,Odcinek prosty,Obszar zabudowany,21.5115277777778,51.5814722222222,Jezdnia,Dobre warunki atmosferyczne,Noc - droga oświetlona,Najechanie na pieszego,1,1,0,Nieokreślone (puste pole),N,,,,,,,,,,
EWK-107555990U,2018,2018-12-31,19,POWIAT WĘGROWSKI,ŁOCHÓW - OBSZAR WIEJSKI,Droga krajowa,62,Jednojezdniowa dwukierunkowa,"Zakręt, łuk",Obszar zabudowany,21.8381666666667,52.4767777777778,Jezdnia,Dobre warunki atmosferyczne,Noc - droga oświetlona,Najechanie na pieszego,1,0,1,Lekko,N,,,,,,,,,,
EWK-107555990U,2018,2018-12-31,19,POWIAT WĘGROWSKI,ŁOCHÓW - OBSZAR WIEJSKI,Droga krajowa,62,Jednojezdniowa dwukierunkowa,"Zakręt, łuk",Obszar zabudowany,21.8381666666667,52.4767777777778,Jezdnia,Dobre warunki atmosferyczne,Noc - droga oświetlona,Najechanie na pieszego,1,0,0,Nieokreślone (puste pole),N,,,,,,,,,,
EWK-107546078C,2018,2018-12-29,17,POWIAT OSTROŁĘCKI,LELIS - OBSZAR WIEJSKI,Droga powiatowa,2538W,Jednojezdniowa dwukierunkowa,Odcinek prosty,Obszar zabudowany,21.5628055555556,53.1116388888889,Pobocze,Dobre warunki atmosferyczne,Noc - droga oświetlona,Najechanie na pieszego,1,0,1,Ciężko,N,,,,,,,,,,
EWK-107546078C,2018,2018-12-29,17,POWIAT OSTROŁĘCKI,LELIS - OBSZAR WIEJSKI,Droga powiatowa,2538W,Jednojezdniowa dwukierunkowa,Odcinek prosty,Obszar zabudowany,21.5628055555556,53.1116388888889,Pobocze,Dobre warunki atmosferyczne,Noc - droga oświetlona,Najechanie na pieszego,1,0,0,Nieokreślone (puste pole),N,,,,,,,,,,
EWK-106674481M,2018,2018-01-15,6,POWIAT PŁOCKI,SŁUPNO - OBSZAR WIEJSKI,Droga krajowa,62,Jednojezdniowa dwukierunkowa,"Zakręt, łuk",Obszar zabudowany,19.8378055555556,52.5048333333333,Przejście dla pieszych,Dobre warunki atmosferyczne,Noc - droga oświetlona,Najechanie na pieszego,1,1,0,Nieokreślone (puste pole),N,,,,,,,,,,
EWK-106689489R,2018,2018-01-22,16,POWIAT OSTROWSKI,MAŁKINIA GÓRNA - OBSZAR WIEJSKI,Droga wojewódzka,694,Jednojezdniowa dwukierunkowa,Odcinek prosty,Obszar zabudowany,22.0765277777778,52.6912222222222,Przejście dla pieszych,Dobre warunki atmosferyczne,Noc - droga oświetlona,Najechanie na pieszego,1,0,1,Lekko,N,,,,,,,,,,
EWK-106689489R,2018,2018-01-22,16,POWIAT OSTROWSKI,MAŁKINIA GÓRNA - OBSZAR WIEJSKI,Droga wojewódzka,694,Jednojezdniowa dwukierunkowa,Odcinek prosty,Obszar zabudowany,22.0765277777778,52.6912222222222,Przejście dla pieszych,Dobre warunki atmosferyczne,Noc - droga oświetlona,Najechanie na pieszego,1,0,0,Nieokreślone (puste pole),N,,,,,,,,,,
EWK-106692307R,2018,2018-01-22,17,POWIAT RADOM,RADOM - OBSZAR MIEJSKI,Droga krajowa,7,Dwie jezdnie jednokierunkowe,,Obszar zabudowany,21.1299722222222,51.4125833333333,Przejście dla pieszych,Dobre warunki atmosferyczne,Noc - droga oświetlona,Najechanie na pieszego,1,0,1,Lekko,N,,,,,,,,,,
EWK-106692307R,2018,2018-01-22,17,POWIAT RADOM,RADOM - OBSZAR MIEJSKI,Droga krajowa,7,Dwie jezdnie jednokierunkowe,,Obszar zabudowany,21.1299722222222,51.4125833333333,Przejście dla pieszych,Dobre warunki atmosferyczne,Noc - droga oświetlona,Najechanie na pieszego,1,0,0,Nieokreślone (puste pole),N,,,,,,,,,,
EWK-106705298R,2018,2018-01-30,18,POWIAT GARWOLIŃSKI,GARWOLIN - OBSZAR MIEJSKI,Droga powiatowa,P1320W,Jednojezdniowa dwukierunkowa,Odcinek prosty,Obszar zabudowany,21.6277777777778,51.8908333333333,Przejście dla pieszych,Dobre warunki atmosferyczne,Noc - droga oświetlona,Najechanie na pieszego,1,1,0,Nieokreślone (puste pole),N,,,,,,,,,,
EWK-106716754Q,2018,2018-02-03,17,POWIAT RADOM,RADOM - OBSZAR MIEJSKI,Droga powiatowa,P5339W,Dwie jezdnie jednokierunkowe,Odcinek prosty,Obszar zabudowany,21.1718888888889,51.4074166666667,Przejście dla pieszych,Dobre warunki atmosferyczne,Noc - droga oświetlona,Najechanie na pieszego,1,0,1,Ciężko,N,,,,,,,,,,
EWK-106716754Q,2018,2018-02-03,17,POWIAT RADOM,RADOM - OBSZAR MIEJSKI,Droga powiatowa,P5339W,Dwie jezdnie jednokierunkowe,Odcinek prosty,Obszar zabudowany,21.1718888888889,51.4074166666667,Przejście dla pieszych,Dobre warunki atmosferyczne,Noc - droga oświetlona,Najechanie na pieszego,1,0,0,Nieokreślone (puste pole),N,,,,,,,,,,
EWK-106960672D,2018,2018-05-19,21,POWIAT SIEDLCE,SIEDLCE - OBSZAR MIEJSKI,Droga gminna,GMINNA,Jednojezdniowa dwukierunkowa,Odcinek prosty,Obszar zabudowany,22.3064722222222,52.1735555555556,Przejście dla pieszych,Dobre warunki atmosferyczne,Noc - droga oświetlona,Najechanie na pieszego,1,0,1,Lekko,N,,,,,,,,,,
EWK-106960672D,2018,2018-05-19,21,POWIAT SIEDLCE,SIEDLCE - OBSZAR MIEJSKI,Droga gminna,GMINNA,Jednojezdniowa dwukierunkowa,Odcinek prosty,Obszar zabudowany,22.3064722222222,52.1735555555556,Przejście dla pieszych,Dobre warunki atmosferyczne,Noc - droga oświetlona,Najechanie na pieszego,1,0,0,Nieokreślone (puste pole),N,,,,,,,,,,
EWK-107072097K,2018,2018-06-23,23,POWIAT RADOM,RADOM - OBSZAR MIEJSKI,Droga powiatowa,P5320W,Jednojezdniowa dwukierunkowa,Odcinek prosty,Obszar zabudowany,21.1488333333333,51.4043055555556,Przejście dla pieszych,Dobre warunki atmosferyczne,Noc - droga oświetlona,Najechanie na pieszego,1,0,1,Lekko,N,,,,,,,,,,
EWK-107072097K,2018,2018-06-23,23,POWIAT RADOM,RADOM - OBSZAR MIEJSKI,Droga powiatowa,P5320W,Jednojezdniowa dwukierunkowa,Odcinek prosty,Obszar zabudowany,21.1488333333333,51.4043055555556,Przejście dla pieszych,Dobre warunki atmosferyczne,Noc - droga oświetlona,Najechanie na pieszego,1,0,0,Nieokreślone (puste pole),N,,,,,,,,,,
EWK-107096115G,2018,2018-07-09,22,POWIAT RADOM,RADOM - OBSZAR MIEJSKI,Droga powiatowa,P5321W,Dwie jezdnie jednokierunkowe,Odcinek prosty,Obszar zabudowany,21.1534166666667,51.3913611111111,Przejście dla pieszych,Dobre warunki atmosferyczne,Noc - droga oświetlona,Najechanie na pieszego,1,1,0,Nieokreślone (puste pole),N,,,,,,,,,,
EWK-107351856H,2018,2018-10-06,20,POWIAT MŁAWSKI,MŁAWA - OBSZAR MIEJSKI,Droga powiatowa,P4640W,Jednojezdniowa dwukierunkowa,Odcinek prosty,Obszar zabudowany,20.3733055555556,53.1093333333333,Przejście dla pieszych,Dobre warunki atmosferyczne,Noc - droga oświetlona,Najechanie na pieszego,1,0,1,Lekko,N,,,,,,,,,,
EWK-107351856H,2018,2018-10-06,20,POWIAT MŁAWSKI,MŁAWA - OBSZAR MIEJSKI,Droga powiatowa,P4640W,Jednojezdniowa dwukierunkowa,Odcinek prosty,Obszar zabudowany,20.3733055555556,53.1093333333333,Przejście dla pieszych,Dobre warunki atmosferyczne,Noc - droga oświetlona,Najechanie na pieszego,1,0,0,Nieokreślone (puste pole),N,,,,,,,,,,
EWK-107391419U,2018,2018-10-20,18,POWIAT SOCHACZEWSKI,IŁÓW - OBSZAR WIEJSKI,Droga wojewódzka,577,Jednojezdniowa dwukierunkowa,"Zakręt, łuk",Obszar niezabudowany,19.9660555555556,52.3259166666667,Przejście dla pieszych,Dobre warunki atmosferyczne,Noc - droga oświetlona,Najechanie na pieszego,1,0,1,Lekko,N,,,,,,,,,,
EWK-107391419U,2018,2018-10-20,18,POWIAT SOCHACZEWSKI,IŁÓW - OBSZAR WIEJSKI,Droga wojewódzka,577,Jednojezdniowa dwukierunkowa,"Zakręt, łuk",Obszar niezabudowany,19.9660555555556,52.3259166666667,Przejście dla pieszych,Dobre warunki atmosferyczne,Noc - droga oświetlona,Najechanie na pieszego,1,0,0,Nieokreślone (puste pole),N,,,,,,,,,,
EWK-107453706W,2018,2018-11-22,5,POWIAT ŻYRARDOWSKI,MSZCZONÓW - OBSZAR MIEJSKI,Droga powiatowa,1527W,Jednojezdniowa dwukierunkowa,Odcinek prosty,Obszar zabudowany,20.5454722222222,51.9731666666667,Przejście dla pieszych,Dobre warunki atmosferyczne,Noc - droga oświetlona,Najechanie na pieszego,1,0,1,Ciężko,N,,,,,,,,,,
EWK-107453706W,2018,2018-11-22,5,POWIAT ŻYRARDOWSKI,MSZCZONÓW - OBSZAR MIEJSKI,Droga powiatowa,1527W,Jednojezdniowa dwukierunkowa,Odcinek prosty,Obszar zabudowany,20.5454722222222,51.9731666666667,Przejście dla pieszych,Dobre warunki atmosferyczne,Noc - droga oświetlona,Najechanie na pieszego,1,0,0,Nieokreślone (puste pole),N,,,,,,,,,,
EWK-107467986T,2018,2018-11-28,19,POWIAT SIERPECKI,SIERPC - OBSZAR MIEJSKI,Droga gminna,G370817W,Jednojezdniowa dwukierunkowa,"Zakręt, łuk",Obszar zabudowany,19.6618611111111,52.8765277777778,Przejście dla pieszych,Dobre warunki atmosferyczne,Noc - droga oświetlona,Najechanie na pieszego,1,0,1,Lekko,N,,,,,,,,,,
EWK-107467986T,2018,2018-11-28,19,POWIAT SIERPECKI,SIERPC - OBSZAR MIEJSKI,Droga gminna,G370817W,Jednojezdniowa dwukierunkowa,"Zakręt, łuk",Obszar zabudowany,19.6618611111111,52.8765277777778,Przejście dla pieszych,Dobre warunki atmosferyczne,Noc - droga oświetlona,Najechanie na pieszego,1,0,0,Nieokreślone (puste pole),N,,,,,,,,,,
EWK-107482971R,2018,2018-12-06,18,POWIAT PŁOCK,PŁOCK - OBSZAR MIEJSKI,Droga powiatowa,5207W,Jednokierunkowa,,Obszar zabudowany,19.7181944444444,52.5416944444445,Przejście dla pieszych,Dobre warunki atmosferyczne,Noc - droga oświetlona,Najechanie na pieszego,1,0,1,Ciężko,N,,,,,,,,,,
EWK-107482971R,2018,2018-12-06,18,POWIAT PŁOCK,PŁOCK - OBSZAR MIEJSKI,Droga powiatowa,5207W,Jednokierunkowa,,Obszar zabudowany,19.7181944444444,52.5416944444445,Przejście dla pieszych,Dobre warunki atmosferyczne,Noc - droga oświetlona,Najechanie na pieszego,1,0,0,Nieokreślone (puste pole),N,,,,,,,,,,
EWK-107487156N,2018,2018-12-08,18,POWIAT PŁOCK,PŁOCK - OBSZAR MIEJSKI,Droga powiatowa,P5222W,Jednojezdniowa dwukierunkowa,Odcinek prosty,Obszar zabudowany,19.7271388888889,52.5388888888889,Przejście dla pieszych,Dobre warunki atmosferyczne,Noc - droga oświetlona,Najechanie na pieszego,1,0,1,Lekko,N,,,,,,,,,,
EWK-107487156N,2018,2018-12-08,18,POWIAT PŁOCK,PŁOCK - OBSZAR MIEJSKI,Droga powiatowa,P5222W,Jednojezdniowa dwukierunkowa,Odcinek prosty,Obszar zabudowany,19.7271388888889,52.5388888888889,Przejście dla pieszych,Dobre warunki atmosferyczne,Noc - droga oświetlona,Najechanie na pieszego,1,0,0,Nieokreślone (puste pole),N,,,,,,,,,,
EWK-107497017A,2018,2018-12-13,17,POWIAT SOCHACZEWSKI,SOCHACZEW - OBSZAR WIEJSKI,Droga krajowa,K92S,Jednojezdniowa dwukierunkowa,,Obszar niezabudowany,20.25725,52.22475,Przejście dla pieszych,Dobre warunki atmosferyczne,Noc - droga oświetlona,Najechanie na pieszego,1,0,2,Ciężko,N,,,,,,,,,,
EWK-107497017A,2018,2018-12-13,17,POWIAT SOCHACZEWSKI,SOCHACZEW - OBSZAR WIEJSKI,Droga krajowa,K92S,Jednojezdniowa dwukierunkowa,,Obszar niezabudowany,20.25725,52.22475,Przejście dla pieszych,Dobre warunki atmosferyczne,Noc - droga oświetlona,Najechanie na pieszego,1,0,0,Nieokreślone (puste pole),N,,,,,,,,,,
EWK-107540839E,2018,2018-12-18,18,POWIAT RADOM,RADOM - OBSZAR MIEJSKI,Droga gminna,GMINNA,Jednojezdniowa dwukierunkowa,,Obszar zabudowany,21.0940277777778,51.3543888888889,Przejście dla pieszych,Dobre warunki atmosferyczne,Noc - droga oświetlona,Najechanie na pieszego,1,0,1,Lekko,N,,,,,,,,,,
EWK-107540839E,2018,2018-12-18,18,POWIAT RADOM,RADOM - OBSZAR MIEJSKI,Droga gminna,GMINNA,Jednojezdniowa dwukierunkowa,,Obszar zabudowany,21.0940277777778,51.3543888888889,Przejście dla pieszych,Dobre warunki atmosferyczne,Noc - droga oświetlona,Najechanie na pieszego,1,0,0,Nieokreślone (puste pole),N,,,,,,,,,,
EWK-106992545P,2018,2018-06-07,22,POWIAT GARWOLIŃSKI,ŻELECHÓW - OBSZAR MIEJSKI,Nieokreślone (puste pole),,Jednojezdniowa dwukierunkowa,Odcinek prosty,Obszar zabudowany,21.8907777777778,51.8104722222222,"Wjazd, wyjazd z posesji, pola",Dobre warunki atmosferyczne,Noc - droga oświetlona,Najechanie na pieszego,1,0,1,Lekko,N,,,,,,,,,,
EWK-106992545P,2018,2018-06-07,22,POWIAT GARWOLIŃSKI,ŻELECHÓW - OBSZAR MIEJSKI,Nieokreślone (puste pole),,Jednojezdniowa dwukierunkowa,Odcinek prosty,Obszar zabudowany,21.8907777777778,51.8104722222222,"Wjazd, wyjazd z posesji, pola",Dobre warunki atmosferyczne,Noc - droga oświetlona,Najechanie na pieszego,1,0,0,Nieokreślone (puste pole),N,,,,,,,,,,
EWK-106794785E,2018,2018-03-14,8,POWIAT RADOM,RADOM - OBSZAR MIEJSKI,Droga gminna,G530144W,Jednojezdniowa dwukierunkowa,Odcinek prosty,Obszar zabudowany,21.1596666666667,51.4175833333333,"Chodnik, droga dla pieszych",Dobre warunki atmosferyczne,Światło dzienne,Najechanie na pieszego,1,0,1,Ciężko,N,,,,,,,,,,
EWK-106794785E,2018,2018-03-14,8,POWIAT RADOM,RADOM - OBSZAR MIEJSKI,Droga gminna,G530144W,Jednojezdniowa dwukierunkowa,Odcinek prosty,Obszar zabudowany,21.1596666666667,51.4175833333333,"Chodnik, droga dla pieszych",Dobre warunki atmosferyczne,Światło dzienne,Najechanie na pieszego,1,0,0,Nieokreślone (puste pole),N,,,,,,,,,,
EWK-106887651N,2018,2018-04-13,9,POWIAT SIERPECKI,SIERPC - OBSZAR MIEJSKI,Droga gminna,G370479W,Jednojezdniowa dwukierunkowa,Odcinek prosty,Obszar zabudowany,19.6664444444444,52.8566666666667,"Chodnik, droga dla pieszych",Dobre warunki atmosferyczne,Światło dzienne,Najechanie na pieszego,1,0,1,Ciężko,N,,,,,,,,,,
EWK-106887651N,2018,2018-04-13,9,POWIAT SIERPECKI,SIERPC - OBSZAR MIEJSKI,Droga gminna,G370479W,Jednojezdniowa dwukierunkowa,Odcinek prosty,Obszar zabudowany,19.6664444444444,52.8566666666667,"Chodnik, droga dla pieszych",Dobre warunki atmosferyczne,Światło dzienne,Najechanie na pieszego,1,0,0,Nieokreślone (puste pole),N,,,,,,,,,,
EWK-106926159J,2018,2018-05-05,18,POWIAT RADOMSKI,PIONKI - OBSZAR MIEJSKI,Droga powiatowa,P3523W,Jednokierunkowa,Odcinek prosty,Obszar zabudowany,21.4422777777778,51.4723611111111,"Chodnik, droga dla pieszych",Dobre warunki atmosferyczne,Światło dzienne,Najechanie na pieszego,1,0,1,Lekko,N,,,,,,,,,,
EWK-106926159J,2018,2018-05-05,18,POWIAT RADOMSKI,PIONKI - OBSZAR MIEJSKI,Droga powiatowa,P3523W,Jednokierunkowa,Odcinek prosty,Obszar zabudowany,21.4422777777778,51.4723611111111,"Chodnik, droga dla pieszych",Dobre warunki atmosferyczne,Światło dzienne,Najechanie na pieszego,1,0,0,Nieokreślone (puste pole),N,,,,,,,,,,
EWK-106948704F,2018,2018-05-16,10,POWIAT RADOM,RADOM - OBSZAR MIEJSKI,Droga powiatowa,P5306W,Jednojezdniowa dwukierunkowa,Odcinek prosty,Obszar zabudowany,21.1492777777778,51.3928333333333,"Chodnik, droga dla pieszych",Dobre warunki atmosferyczne,Światło dzienne,Najechanie na pieszego,1,0,1,Ciężko,N,,,,,,,,,,
EWK-106948704F,2018,2018-05-16,10,POWIAT RADOM,RADOM - OBSZAR MIEJSKI,Droga powiatowa,P5306W,Jednojezdniowa dwukierunkowa,Odcinek prosty,Obszar zabudowany,21.1492777777778,51.3928333333333,"Chodnik, droga dla pieszych",Dobre warunki atmosferyczne,Światło dzienne,Najechanie na pieszego,1,0,0,Nieokreślone (puste pole),N,,,,,,,,,,
EWK-106958890Y,2018,2018-05-15,11,POWIAT RADOM,RADOM - OBSZAR MIEJSKI,Droga powiatowa,P5347W,Jednojezdniowa dwukierunkowa,Odcinek prosty,Obszar zabudowany,21.1641944444444,51.3999722222222,"Chodnik, droga dla pieszych",Dobre warunki atmosferyczne,Światło dzienne,Najechanie na pieszego,1,0,1,Lekko,N,,,,,,,,,,
EWK-106958890Y,2018,2018-05-15,11,POWIAT RADOM,RADOM - OBSZAR MIEJSKI,Droga powiatowa,P5347W,Jednojezdniowa dwukierunkowa,Odcinek prosty,Obszar zabudowany,21.1641944444444,51.3999722222222,"Chodnik, droga dla pieszych",Dobre warunki atmosferyczne,Światło dzienne,Najechanie na pieszego,1,0,0,Nieokreślone (puste pole),N,,,,,,,,,,
EWK-107147691R,2018,2018-08-03,18,POWIAT PŁOCK,PŁOCK - OBSZAR MIEJSKI,Droga powiatowa,5210W,Jednojezdniowa dwukierunkowa,Odcinek prosty,Obszar zabudowany,19.7060833333333,52.5614166666667,"Chodnik, droga dla pieszych",Dobre warunki atmosferyczne,Światło dzienne,Najechanie na pieszego,1,0,1,Ciężko,N,,,,,,,,,,
EWK-107147691R,2018,2018-08-03,18,POWIAT PŁOCK,PŁOCK - OBSZAR MIEJSKI,Droga powiatowa,5210W,Jednojezdniowa dwukierunkowa,Odcinek prosty,Obszar zabudowany,19.7060833333333,52.5614166666667,"Chodnik, droga dla pieszych",Dobre warunki atmosferyczne,Światło dzienne,Najechanie na pieszego,1,0,0,Nieokreślone (puste pole),N,,,,,,,,,,
EWK-107238179K,2018,2018-08-28,16,POWIAT PŁOCK,PŁOCK - OBSZAR MIEJSKI,Droga krajowa,60,Dwie jezdnie jednokierunkowe,Odcinek prosty,Obszar zabudowany,19.6993333333333,52.5481111111111,"Chodnik, droga dla pieszych",Dobre warunki atmosferyczne,Światło dzienne,Najechanie na pieszego,1,0,1,Ciężko,N,,,,,,,,,,