IDKSIP,year,date,hour,district,district_commune,road_category,road_number,type_of_road,road_geometry,area,Longitude,Latitude,char_place_of_the_event,weather_conditions,lighting,type_of_accident,num_of_accidents,num_of_fatalities,num_of_injured,type_of_injury,is_offender_intoxicated,,,,,,,,,,
EWK-106875291F,2018,2018-04-08,14,POWIAT GARWOLIŃSKI,GARWOLIN - OBSZAR MIEJSKI,Nieokreślone (puste pole),,Jednojezdniowa dwukierunkowa,Odcinek prosty,Obszar niezabudowany,21.595,51.9135277777778,Przejście dla pieszych,Dobre warunki atmosferyczne,Światło dzienne,Najechanie na pieszego,1,0,0,Nieokreślone (puste pole),N,,,,,,,,,,
EWK-106890402E,2018,2018-04-02,18,POWIAT SIEDLCE,SIEDLCE - OBSZAR MIEJSKI,Droga powiatowa,P,Jednojezdniowa dwukierunkowa,Odcinek prosty,Obszar zabudowany,22.2536666666667,52.1580555555556,Przejście dla pieszych,Dobre warunki atmosferyczne,Światło dzienne,Najechanie na pieszego,1,0,1,Lekko,T,,,,,,,,,,
EWK-106890402E,2018,2018-04-02,18,POWIAT SIEDLCE,SIEDLCE - OBSZAR MIEJSKI,Droga powiatowa,P,Jednojezdniowa dwukierunkowa,Odcinek prosty,Obszar zabudowany,22.2536666666667,52.1580555555556,Przejście dla pieszych,Dobre warunki atmosferyczne,Światło dzienne,Najechanie na pieszego,1,0,0,Nieokreślone (puste pole),T,,,,,,,,,,
EWK-106897899H,2018,2018-04-10,13,POWIAT SIEDLECKI,SIEDLCE - OBSZAR WIEJSKI,Nieokreślone (puste pole),,Jednojezdniowa dwukierunkowa,Odcinek prosty,Obszar zabudowany,22.2428888888889,52.2165833333333,Przejście dla pieszych,Dobre warunki atmosferyczne,Światło dzienne,Najechanie na pieszego,1,0,1,Lekko,N,,,,,,,,,,
EWK-106897899H,2018,2018-04-10,13,POWIAT SIEDLECKI,SIEDLCE - OBSZAR WIEJSKI,Nieokreślone (puste pole),,Jednojezdniowa dwukierunkowa,Odcinek prosty,Obszar zabudowany,22.2428888888889,52.2165833333333,Przejście dla pieszych,Dobre warunki atmosferyczne,Światło dzienne,Najechanie na pieszego,1,0,0,Nieokreślone (puste pole),N,,,,,,,,,,
EWK-106899046R,2018,2018-04-19,15,POWIAT GRÓJECKI,GRÓJEC - OBSZAR MIEJSKI,Droga powiatowa,P1647W,Jednojezdniowa dwukierunkowa,Odcinek prosty,Obszar zabudowany,20.8629166666667,51.8880277777778,Przejście dla pieszych,Dobre warunki atmosferyczne,Światło dzienne,Najechanie na pieszego,1,0,2,Lekko,N,,,,,,,,,,
EWK-106903542P,2018,2018-04-22,18,POWIAT RADOMSKI,GÓZD - OBSZAR WIEJSKI,Droga krajowa,12,Jednojezdniowa dwukierunkowa,Odcinek prosty,Obszar zabudowany,21.3809722222222,51.3783611111111,Przejście dla pieszych,Dobre warunki atmosferyczne,Światło dzienne,Najechanie na pieszego,1,0,1,Lekko,N,,,,,,,,,,
EWK-106903542P,2018,2018-04-22,18,POWIAT RADOMSKI,GÓZD - OBSZAR WIEJSKI,Droga krajowa,12,Jednojezdniowa dwukierunkowa,Odcinek prosty,Obszar zabudowany,21.3809722222222,51.3783611111111,Przejście dla pieszych,Dobre warunki atmosferyczne,Światło dzienne,Najechanie na pieszego,1,0,0,Nieokreślone (puste pole),N,,,,,,,,,,
EWK-106910412U,2018,2018-04-22,10,POWIAT RADOM,RADOM - OBSZAR MIEJSKI,Droga powiatowa,P3564W,Jednojezdniowa dwukierunkowa,Odcinek prosty,Obszar zabudowany,21.1199722222222,51.3816666666667,Przejście dla pieszych,Dobre warunki atmosferyczne,Światło dzienne,Najechanie na pieszego,1,0,1,Lekko,N,,,,,,,,,,
EWK-106910412U,2018,2018-04-22,10,POWIAT RADOM,RADOM - OBSZAR MIEJSKI,Droga powiatowa,P3564W,Jednojezdniowa dwukierunkowa,Odcinek prosty,Obszar zabudowany,21.1199722222222,51.3816666666667,Przejście dla pieszych,Dobre warunki atmosferyczne,Światło dzienne,Najechanie na pieszego,1,0,0,Nieokreślone (puste pole),N,,,,,,,,,,
EWK-106913272E,2018,2018-04-26,14,POWIAT PRZASNYSKI,CHORZELE - OBSZAR MIEJSKI,Droga krajowa,57,Jednojezdniowa dwukierunkowa,Odcinek prosty,Obszar zabudowany,20.8975833333333,53.254,Przejście dla pieszych,Dobre warunki atmosferyczne,Światło dzienne,Najechanie na pieszego,1,0,2,Lekko,N,,,,,,,,,,
EWK-106913272E,2018,2018-04-26,14,POWIAT PRZASNYSKI,CHORZELE - OBSZAR MIEJSKI,Droga krajowa,57,Jednojezdniowa dwukierunkowa,Odcinek prosty,Obszar zabudowany,20.8975833333333,53.254,Przejście dla pieszych,Dobre warunki atmosferyczne,Światło dzienne,Najechanie na pieszego,1,0,0,Nieokreślone (puste pole),N,,,,,,,,,,
EWK-106929579L,2018,2018-05-06,18,POWIAT MŁAWSKI,MŁAWA - OBSZAR MIEJSKI,Droga powiatowa,P2366W,Jednojezdniowa dwukierunkowa,,Obszar zabudowany,20.3813611111111,53.11225,Przejście dla pieszych,Dobre warunki atmosferyczne,Światło dzienne,Najechanie na pieszego,1,0,1,Ciężko,N,,,,,,,,,,
EWK-106929579L,2018,2018-05-06,18,POWIAT MŁAWSKI,MŁAWA - OBSZAR MIEJSKI,Droga powiatowa,P2366W,Jednojezdniowa dwukierunkowa,,Obszar zabudowany,20.3813611111111,53.11225,Przejście dla pieszych,Dobre warunki atmosferyczne,Światło dzienne,Najechanie na pieszego,1,0,0,Nieokreślone (puste pole),N,,,,,,,,,,
EWK-106933385U,2018,2018-05-09,12,POWIAT RADOM,RADOM - OBSZAR MIEJSKI,Droga wojewódzka,744,Jednojezdniowa dwukierunkowa,Odcinek prosty,Obszar zabudowany,21.1268611111111,51.3633611111111,Przejście dla pieszych,Dobre warunki atmosferyczne,Światło dzienne,Najechanie na pieszego,1,0,1,Lekko,N,,,,,,,,,,
EWK-106933385U,2018,2018-05-09,12,POWIAT RADOM,RADOM - OBSZAR MIEJSKI,Droga wojewódzka,744,Jednojezdniowa dwukierunkowa,Odcinek prosty,Obszar zabudowany,21.1268611111111,51.3633611111111,Przejście dla pieszych,Dobre warunki atmosferyczne,Światło dzienne,Najechanie na pieszego,1,0,0,Nieokreślone (puste pole),N,,,,,,,,,,
EWK-106938406X,2018,2018-05-11,14,POWIAT RADOM,RADOM - OBSZAR MIEJSKI,Droga gminna,G530136W,Jednojezdniowa dwukierunkowa,,Obszar zabudowany,21.1706666666667,51.4213888888889,Przejście dla pieszych,Dobre warunki atmosferyczne,Światło dzienne,Najechanie na pieszego,1,0,1,Lekko,N,,,,,,,,,,
EWK-106938406X,2018,2018-05-11,14,POWIAT RADOM,RADOM - OBSZAR MIEJSKI,Droga gminna,G530136W,Jednojezdniowa dwukierunkowa,,Obszar zabudowany,21.1706666666667,51.4213888888889,Przejście dla pieszych,Dobre warunki atmosferyczne,Światło dzienne,Najechanie na pieszego,1,0,0,Nieokreślone (puste pole),N,,,,,,,,,,
EWK-106954703L,2018,2018-05-20,14,POWIAT RADOM,RADOM - OBSZAR MIEJSKI,Droga krajowa,12,Dwie jezdnie jednokierunkowe,Odcinek prosty,Obszar zabudowany,21.1246666666667,51.3959166666667,Przejście dla pieszych,Dobre warunki atmosferyczne,Światło dzienne,Najechanie na pieszego,1,0,1,Lekko,N,,,,,,,,,,
EWK-106954703L,2018,2018-05-20,14,POWIAT RADOM,RADOM - OBSZAR MIEJSKI,Droga krajowa,12,Dwie jezdnie jednokierunkowe,Odcinek prosty,Obszar zabudowany,21.1246666666667,51.3959166666667,Przejście dla pieszych,Dobre warunki atmosferyczne,Światło dzienne,Najechanie na pieszego,1,0,0,Nieokreślone (puste pole),N,,,,,,,,,,
EWK-106965927H,2018,2018-05-24,10,POWIAT SIEDLCE,SIEDLCE - OBSZAR MIEJSKI,Droga powiatowa,P,Jednojezdniowa dwukierunkowa,Odcinek prosty,Obszar zabudowany,22.27425,52.1799166666667,Przejście dla pieszych,Dobre warunki atmosferyczne,Światło dzienne,Najechanie na pieszego,1,0,1,Lekko,N,,,,,,,,,,
EWK-106965927H,2018,2018-05-24,10,POWIAT SIEDLCE,SIEDLCE - OBSZAR MIEJSKI,Droga powiatowa,P,Jednojezdniowa dwukierunkowa,Odcinek prosty,Obszar zabudowany,22.27425,52.1799166666667,Przejście dla pieszych,Dobre warunki atmosferyczne,Światło dzienne,Najechanie na pieszego,1,0,0,Nieokreślone (puste pole),N,,,,,,,,,,
EWK-106970103J,2018,2018-05-26,9,POWIAT RADOM,RADOM - OBSZAR MIEJSKI,Droga krajowa,9,Dwie jezdnie jednokierunkowe,Odcinek prosty,Obszar zabudowany,21.1580833333333,51.426,Przejście dla pieszych,Dobre warunki atmosferyczne,Światło dzienne,Najechanie na pieszego,1,0,1,Lekko,N,,,,,,,,,,
EWK-106970103J,2018,2018-05-26,9,POWIAT RADOM,RADOM - OBSZAR MIEJSKI,Droga krajowa,9,Dwie jezdnie jednokierunkowe,Odcinek prosty,Obszar zabudowany,21.1580833333333,51.426,Przejście dla pieszych,Dobre warunki atmosferyczne,Światło dzienne,Najechanie na pieszego,1,0,0,Nieokreślone (puste pole),N,,,,,,,,,,
EWK-106970348C,2018,2018-05-26,11,POWIAT PŁOCK,PŁOCK - OBSZAR MIEJSKI,Droga krajowa,62,Dwie jezdnie jednokierunkowe,Odcinek prosty,Obszar zabudowany,19.7633888888889,52.5419722222222,Przejście dla pieszych,Dobre warunki atmosferyczne,Światło dzienne,Najechanie na pieszego,1,0,2,Ciężko,N,,,,,,,,,,
EWK-106970348C,2018,2018-05-26,11,POWIAT PŁOCK,PŁOCK - OBSZAR MIEJSKI,Droga krajowa,62,Dwie jezdnie jednokierunkowe,Odcinek prosty,Obszar zabudowany,19.7633888888889,52.5419722222222,Przejście dla pieszych,Dobre warunki atmosferyczne,Światło dzienne,Najechanie na pieszego,1,0,0,Nieokreślone (puste pole),N,,,,,,,,,,
EWK-106977542U,2018,2018-05-27,19,POWIAT SIEDLCE,SIEDLCE - OBSZAR MIEJSKI,Droga powiatowa,P,Jednojezdniowa dwukierunkowa,Odcinek prosty,Obszar zabudowany,22.2418888888889,52.1861111111111,Przejście dla pieszych,Dobre warunki atmosferyczne,Światło dzienne,Najechanie na pieszego,1,0,1,Ciężko,N,,,,,,,,,,
EWK-106977542U,2018,2018-05-27,19,POWIAT SIEDLCE,SIEDLCE - OBSZAR MIEJSKI,Droga powiatowa,P,Jednojezdniowa dwukierunkowa,Odcinek prosty,Obszar zabudowany,22.2418888888889,52.1861111111111,Przejście dla pieszych,Dobre warunki atmosferyczne,Światło dzienne,Najechanie na pieszego,1,0,1,Lekko,N,,,,,,,,,,
EWK-106977542U,2018,2018-05-27,19,POWIAT SIEDLCE,SIEDLCE - OBSZAR MIEJSKI,Droga powiatowa,P,Jednojezdniowa dwukierunkowa,Odcinek prosty,Obszar zabudowany,22.2418888888889,52.1861111111111,Przejście dla pieszych,Dobre warunki atmosferyczne,Światło dzienne,Najechanie na pieszego,1,0,0,Nieokreślone (puste pole),N,,,,,,,,,,
EWK-106977750K,2018,2018-05-30,10,POWIAT PŁOCK,PŁOCK - OBSZAR MIEJSKI,Droga wojewódzka,567,Jednojezdniowa dwukierunkowa,Odcinek prosty,Obszar zabudowany,19.7259166666667,52.5483055555556,Przejście dla pieszych,Dobre warunki atmosferyczne,Światło dzienne,Najechanie na pieszego,1,0,1,Lekko,N,,,,,,,,,,
EWK-106977750K,2018,2018-05-30,10,POWIAT PŁOCK,PŁOCK - OBSZAR MIEJSKI,Droga wojewódzka,567,Jednojezdniowa dwukierunkowa,Odcinek prosty,Obszar zabudowany,19.7259166666667,52.5483055555556,Przejście dla pieszych,Dobre warunki atmosferyczne,Światło dzienne,Najechanie na pieszego,1,0,0,Nieokreślone (puste pole),N,,,,,,,,,,
EWK-106985698Y,2018,2018-06-04,9,POWIAT GARWOLIŃSKI,GARWOLIN - OBSZAR MIEJSKI,Droga krajowa,76,Jednojezdniowa dwukierunkowa,,Obszar zabudowany,21.6151388888889,51.89725,Przejście dla pieszych,Dobre warunki atmosferyczne,Światło dzienne,Najechanie na pieszego,1,1,0,Nieokreślone (puste pole),N,,,,,,,,,,
EWK-106995140X,2018,2018-06-08,15,POWIAT OSTROŁĘKA,OSTROŁĘKA - OBSZAR MIEJSKI,Droga krajowa,61,Jednojezdniowa dwukierunkowa,Odcinek prosty,Obszar zabudowany,21.5386111111111,53.0728333333333,Przejście dla pieszych,Dobre warunki atmosferyczne,Światło dzienne,Najechanie na pieszego,1,0,2,Lekko,N,,,,,,,,,,
EWK-106995140X,2018,2018-06-08,15,POWIAT OSTROŁĘKA,OSTROŁĘKA - OBSZAR MIEJSKI,Droga krajowa,61,Jednojezdniowa dwukierunkowa,Odcinek prosty,Obszar zabudowany,21.5386111111111,53.0728333333333,Przejście dla pieszych,Dobre warunki atmosferyczne,Światło dzienne,Najechanie na pieszego,1,0,0,Nieokreślone (puste pole),N,,,,,,,,,,
EWK-106995149J,2018,2018-06-08,18,POWIAT OSTROWSKI,OSTRÓW MAZOWIECKA - OBSZAR MIEJSKI,Droga gminna,GMINNA,Jednojezdniowa dwukierunkowa,,Obszar zabudowany,21.8932222222222,52.7966111111111,Przejście dla pieszych,Dobre warunki atmosferyczne,Światło dzienne,Najechanie na pieszego,1,0,2,Lekko,N,,,,,,,,,,
EWK-106995149J,2018,2018-06-08,18,POWIAT OSTROWSKI,OSTRÓW MAZOWIECKA - OBSZAR MIEJSKI,Droga gminna,GMINNA,Jednojezdniowa dwukierunkowa,,Obszar zabudowany,21.8932222222222,52.7966111111111,Przejście dla pieszych,Dobre warunki atmosferyczne,Światło dzienne,Najechanie na pieszego,1,0,0,Nieokreślone (puste pole),N,,,,,,,,,,
EWK-107002270X,2018,2018-06-11,20,POWIAT PŁOCK,PŁOCK - OBSZAR MIEJSKI,Droga gminna,G520005W,Jednojezdniowa dwukierunkowa,Odcinek prosty,Obszar zabudowany,19.7612222222222,52.5370555555556,Przejście dla pieszych,Dobre warunki atmosferyczne,Światło dzienne,Najechanie na pieszego,1,1,0,Nieokreślone (puste pole),N,,,,,,,,,,
EWK-107021936T,2018,2018-06-11,16,POWIAT RADOM,RADOM - OBSZAR MIEJSKI,Droga krajowa,12,Dwie jezdnie jednokierunkowe,,Obszar zabudowany,21.1143611111111,51.39575,Przejście dla pieszych,Dobre warunki atmosferyczne,Światło dzienne,Najechanie na pieszego,1,0,1,Lekko,N,,,,,,,,,,
EWK-107021936T,2018,2018-06-11,16,POWIAT RADOM,RADOM - OBSZAR MIEJSKI,Droga krajowa,12,Dwie jezdnie jednokierunkowe,,Obszar zabudowany,21.1143611111111,51.39575,Przejście dla pieszych,Dobre warunki atmosferyczne,Światło dzienne,Najechanie na pieszego,1,0,0,Nieokreślone (puste pole),N,,,,,,,,,,
EWK-107076075U,2018,2018-06-29,11,POWIAT WYSZKOWSKI,WYSZKÓW - OBSZAR MIEJSKI,Droga gminna,G440725W,Jednojezdniowa dwukierunkowa,Odcinek prosty,Obszar zabudowany,21.454,52.6194166666667,Przejście dla pieszych,Dobre warunki atmosferyczne,Światło dzienne,Najechanie na pieszego,1,0,1,Lekko,N,,,,,,,,,,
EWK-107076075U,2018,2018-06-29,11,POWIAT WYSZKOWSKI,WYSZKÓW - OBSZAR MIEJSKI,Droga gminna,G440725W,Jednojezdniowa dwukierunkowa,Odcinek prosty,Obszar zabudowany,21.454,52.6194166666667,Przejście dla pieszych,Dobre warunki atmosferyczne,Światło dzienne,Najechanie na pieszego,1,0,0,Nieokreślone (puste pole),N,,,,,,,,,,
EWK-107080381L,2018,2018-07-02,17,POWIAT ZWOLEŃSKI,ZWOLEŃ - OBSZAR MIEJSKI,Droga krajowa,12,Jednojezdniowa dwukierunkowa,,Obszar zabudowany,21.5757222222222,51.3577777777778,Przejście dla pieszych,Dobre warunki atmosferyczne,Światło dzienne,Najechanie na pieszego,1,0,1,Ciężko,N,,,,,,,,,,
EWK-107082114A,2018,2018-06-16,17,POWIAT GARWOLIŃSKI,GARWOLIN - OBSZAR MIEJSKI,Droga krajowa,76,Jednojezdniowa dwukierunkowa,Odcinek prosty,Obszar zabudowany,21.6046111111111,51.89775,Przejście dla pieszych,Dobre warunki atmosferyczne,Światło dzienne,Najechanie na pieszego,1,0,1,Lekko,N,,,,,,,,,,
EWK-107082114A,2018,2018-06-16,17,POWIAT GARWOLIŃSKI,GARWOLIN - OBSZAR MIEJSKI,Droga krajowa,76,Jednojezdniowa dwukierunkowa,Odcinek prosty,Obszar zabudowany,21.6046111111111,51.89775,Przejście dla pieszych,Dobre warunki atmosferyczne,Światło dzienne,Najechanie na pieszego,1,0,0,Nieokreślone (puste pole),N,,,,,,,,,,
EWK-107096414K,2018,2018-07-10,19,POWIAT SOKOŁOWSKI,SOKOŁÓW PODLASKI - OBSZAR MIEJSKI,Droga krajowa,62,Jednojezdniowa dwukierunkowa,Odcinek prosty,Obszar zabudowany,22.2572777777778,52.4038611111111,Przejście dla pieszych,Dobre warunki atmosferyczne,Światło dzienne,Najechanie na pieszego,1,0,1,Lekko,N,,,,,,,,,,
EWK-107096414K,2018,2018-07-10,19,POWIAT SOKOŁOWSKI,SOKOŁÓW PODLASKI - OBSZAR MIEJSKI,Droga krajowa,62,Jednojezdniowa dwukierunkowa,Odcinek prosty,Obszar zabudowany,22.2572777777778,52.4038611111111,Przejście dla pieszych,Dobre warunki atmosferyczne,Światło dzienne,Najechanie na pieszego,1,0,0,Nieokreślone (puste pole),N,,,,,,,,,,
EWK-107116040R,2018,2018-07-21,12,POWIAT SIEDLCE,SIEDLCE - OBSZAR MIEJSKI,Droga krajowa,63,Jednojezdniowa dwukierunkowa,Odcinek prosty,Obszar zabudowany,22.27375,52.1867222222222,Przejście dla pieszych,Dobre warunki atmosferyczne,Światło dzienne,Najechanie na pieszego,1,0,1,Lekko,N,,,,,,,,,,
EWK-107116040R,2018,2018-07-21,12,POWIAT SIEDLCE,SIEDLCE - OBSZAR MIEJSKI,Droga krajowa,63,Jednojezdniowa dwukierunkowa,Odcinek prosty,Obszar zabudowany,22.27375,52.1867222222222,Przejście dla pieszych,Dobre warunki atmosferyczne,Światło dzienne,Najechanie na pieszego,1,0,0,Nieokreślone (puste pole),N,,,,,,,,,,
EWK-107118619U,2018,2018-07-14,11,POWIAT RADOM,RADOM - OBSZAR MIEJSKI,Droga powiatowa,P5309W,Jednojezdniowa dwukierunkowa,,Obszar zabudowany,21.1778888888889,51.3919722222222,Przejście dla pieszych,Dobre warunki atmosferyczne,Światło dzienne,Najechanie na pieszego,1,0,2,Lekko,N,,,,,,,,,,
EWK-107118619U,2018,2018-07-14,11,POWIAT RADOM,RADOM - OBSZAR MIEJSKI,Droga powiatowa,P5309W,Jednojezdniowa dwukierunkowa,,Obszar zabudowany,21.1778888888889,51.3919722222222,Przejście dla pieszych,Dobre warunki atmosferyczne,Światło dzienne,Najechanie na pieszego,1,0,0,Nieokreślone (puste pole),N,,,,,,,,,,
EWK-107120109U,2018,2018-07-23,12,POWIAT SIERPECKI,SIERPC - OBSZAR MIEJSKI,Droga wojewódzka,541,Jednojezdniowa dwukierunkowa,Odcinek prosty,Obszar zabudowany,19.6910277777778,52.855,Przejście dla pieszych,Dobre warunki atmosferyczne,Światło dzienne,Najechanie na pieszego,1,0,1,Ciężko,N,,,,,,,,,,
EWK-107120109U,2018,2018-07-23,12,POWIAT SIERPECKI,SIERPC - OBSZAR MIEJSKI,Droga wojewódzka,541,Jednojezdniowa dwukierunkowa,Odcinek prosty,Obszar zabudowany,19.6910277777778,52.855,Przejście dla pieszych,Dobre warunki atmosferyczne,Światło dzienne,Najechanie na pieszego,1,0,0,Nieokreślone (puste pole),N,,,,,,,,,,
EWK-107131292R,2018,2018-07-29,17,POWIAT RADOM,RADOM - OBSZAR MIEJSKI,Droga powiatowa,P5305W,Jednojezdniowa dwukierunkowa,Odcinek prosty,Obszar zabudowany,21.1764166666667,51.4111944444444,Przejście dla pieszych,Dobre warunki atmosferyczne,Światło dzienne,Najechanie na pieszego,1,0,1,Lekko,T,,,,,,,,,,
EWK-107131292R,2018,2018-07-29,17,POWIAT RADOM,RADOM - OBSZAR MIEJSKI,Droga powiatowa,P5305W,Jednojezdniowa dwukierunkowa,Odcinek prosty,Obszar zabudowany,21.1764166666667,51.4111944444444,Przejście dla pieszych,Dobre warunki atmosferyczne,Światło dzienne,Najechanie na pieszego,1,0,0,Nieokreślone (puste pole),T,,,,,,,,,,
EWK-107159899X,2018,2018-08-07,18,POWIAT RADOM,RADOM - OBSZAR MIEJSKI,Droga powiatowa,P5304W  ,Jednojezdniowa dwukierunkowa,,Obszar zabudowany,21.1637777777778,51.4253055555556,Przejście dla pieszych,Dobre warunki atmosferyczne,Światło dzienne,Najechanie na pieszego,1,0,1,Lekko,N,,,,,,,,,,
EWK-107159899X,2018,2018-08-07,18,POWIAT RADOM,RADOM - OBSZAR MIEJSKI,Droga powiatowa,P5304W  ,Jednojezdniowa dwukierunkowa,,Obszar zabudowany,21.1637777777778,51.4253055555556,Przejście dla pieszych,Dobre warunki atmosferyczne,Światło dzienne,Najechanie na pieszego,1,0,0,Nieokreślone (puste pole),N,,,,,,,,,,
EWK-107165062H,2018,2018-08-09,7,POWIAT SIEDLCE,SIEDLCE - OBSZAR MIEJSKI,Droga gminna,GMINNA,Jednokierunkowa,,Obszar zabudowany,22.2769166666667,52.1658055555556,Przejście dla pieszych,Dobre warunki atmosferyczne,Światło dzienne,Najechanie na pieszego,1,0,1,Lekko,N,,,,,,,,,,
EWK-107165062H,2018,2018-08-09,7,POWIAT SIEDLCE,SIEDLCE - OBSZAR MIEJSKI,Droga gminna,GMINNA,Jednokierunkowa,,Obszar zabudowany,22.2769166666667,52.1658055555556,Przejście dla pieszych,Dobre warunki atmosferyczne,Światło dzienne,Najechanie na pieszego,1,0,0,Nieokreślone (puste pole),N,,,,,,,,,,
EWK-107201846E,2018,2018-08-14,9,POWIAT RADOM,RADOM - OBSZAR MIEJSKI,Droga krajowa,9,Jednojezdniowa dwukierunkowa,Odcinek prosty,Obszar zabudowany,21.2660277777778,51.3116111111111,Przejście dla pieszych,Dobre warunki atmosferyczne,Światło dzienne,Najechanie na pieszego,1,0,1,Lekko,N,,,,,,,,,,
EWK-107201846E,2018,2018-08-14,9,POWIAT RADOM,RADOM - OBSZAR MIEJSKI,Droga krajowa,9,Jednojezdniowa dwukierunkowa,Odcinek prosty,Obszar zabudowany,21.2660277777778,51.3116111111111,Przejście dla pieszych,Dobre warunki atmosferyczne,Światło dzienne,Najechanie na pieszego,1,0,0,Nieokreślone (puste pole),N,,,,,,,,,,
EWK-107208561F,2018,2018-08-20,13,POWIAT ŁOSICKI,ŁOSICE - OBSZAR MIEJSKI,Droga wojewódzka,698,Jednojezdniowa dwukierunkowa,,Obszar zabudowany,22.7146666666667,52.2118055555556,Przejście dla pieszych,Dobre warunki atmosferyczne,Światło dzienne,Najechanie na pieszego,1,0,1,Lekko,N,,,,,,,,,,
EWK-107208561F,2018,2018-08-20,13,POWIAT ŁOSICKI,ŁOSICE - OBSZAR MIEJSKI,Droga wojewódzka,698,Jednojezdniowa dwukierunkowa,,Obszar zabudowany,22.7146666666667,52.2118055555556,Przejście dla pieszych,Dobre warunki atmosferyczne,Światło dzienne,Najechanie na pieszego,1,0,0,Nieokreślone (puste pole),N,,,,,,,,,,
EWK-107241478C,2018,2018-08-29,19,POWIAT SIEDLCE,SIEDLCE - OBSZAR MIEJSKI,Droga krajowa,63,Jednojezdniowa dwukierunkowa,,Obszar zabudowany,22.2864166666667,52.1833333333333,Przejście dla pieszych,Dobre warunki atmosferyczne,Światło dzienne,Najechanie na pieszego,1,1,0,Nieokreślone (puste pole),N,,,,,,,,,,
EWK-107277528W,2018,2018-09-12,17,POWIAT PRZASNYSKI,PRZASNYSZ - OBSZAR MIEJSKI,Droga krajowa,57,Jednojezdniowa dwukierunkowa,,Obszar zabudowany,20.8804166666667,53.0200277777778,Przejście dla pieszych,Dobre warunki atmosferyczne,Światło dzienne,Najechanie na pieszego,1,0,1,Ciężko,T,,,,,,,,,,
EWK-107277528W,2018,2018-09-12,17,POWIAT PRZASNYSKI,PRZASNYSZ - OBSZAR MIEJSKI,Droga krajowa,57,Jednojezdniowa dwukierunkowa,,Obszar zabudowany,20.8804166666667,53.0200277777778,Przejście dla pieszych,Dobre warunki atmosferyczne,Światło dzienne,Najechanie na pieszego,1,0,0,Nieokreślone (puste pole),T,,,,,,,,,,
EWK-107280185X,2018,2018-09-13,15,POWIAT RADOM,RADOM - OBSZAR MIEJSKI,Droga powiatowa,P5329W,Jednojezdniowa dwukierunkowa,Odcinek prosty,Obszar zabudowany,21.1711111111111,51.4031111111111,Przejście dla pieszych,Dobre warunki atmosferyczne,Światło dzienne,Najechanie na pieszego,1,0,1,Ciężko,N,,,,,,,,,,
EWK-107280185X,2018,2018-09-13,15,POWIAT RADOM,RADOM - OBSZAR MIEJSKI,Droga powiatowa,P5329W,Jednojezdniowa dwukierunkowa,Odcinek prosty,Obszar zabudowany,21.1711111111111,51.4031111111111,Przejście dla pieszych,Dobre warunki atmosferyczne,Światło dzienne,Najechanie na pieszego,1,0,0,Nieokreślone (puste pole),N,,,,,,,,,,
EWK-107293452C,2018,2018-09-13,13,POWIAT RADOM,RADOM - OBSZAR MIEJSKI,Droga powiatowa,P5312W,Dwie jezdnie jednokierunkowe,,Obszar zabudowany,21.1663611111111,51.4073055555556,Przejście dla pieszych,Dobre warunki atmosferyczne,Światło dzienne,Najechanie na pieszego,1,0,1,Lekko,N,,,,,,,,,,
EWK-107293452C,2018,2018-09-13,13,POWIAT RADOM,RADOM - OBSZAR MIEJSKI,Droga powiatowa,P5312W,Dwie jezdnie jednokierunkowe,,Obszar zabudowany,21.1663611111111,51.4073055555556,Przejście dla pieszych,Dobre warunki atmosferyczne,Światło dzienne,Najechanie na pieszego,1,0,0,Nieokreślone (puste pole),N,,,,,,,,,,
EWK-107355879Q,2018,2018-10-03,8,POWIAT SIEDLCE,SIEDLCE - OBSZAR MIEJSKI,Droga powiatowa,P,Jednojezdniowa dwukierunkowa,,Obszar zabudowany,22.2715833333333,52.1653333333333,Przejście dla pieszych,Dobre warunki atmosferyczne,Światło dzienne,Najechanie na pieszego,1,0,1,Lekko,N,,,,,,,,,,
EWK-107355879Q,2018,2018-10-03,8,POWIAT SIEDLCE,SIEDLCE - OBSZAR MIEJSKI,Droga powiatowa,P,Jednojezdniowa dwukierunkowa,,Obszar zabudowany,22.2715833333333,52.1653333333333,Przejście dla pieszych,Dobre warunki atmosferyczne,Światło dzienne,Najechanie na pieszego,1,0,0,Nieokreślone (puste pole),N,,,,,,,,,,