IDKSIP,year,date,hour,district,district_commune,road_category,road_number,type_of_road,road_geometry,area,Longitude,Latitude,char_place_of_the_event,weather_conditions,lighting,type_of_accident,num_of_accidents,num_of_fatalities,num_of_injured,type_of_injury,is_offender_intoxicated,,,,,,,,,,
EWK-107375933H,2018,2018-10-13,16,POWIAT RADOM,RADOM - OBSZAR MIEJSKI,Droga krajowa,9,Jednojezdniowa dwukierunkowa,Odcinek prosty,Obszar zabudowany,21.1825277777778,51.3798888888889,Przejście dla pieszych,Dobre warunki atmosferyczne,Światło dzienne,Najechanie na pieszego,1,0,1,Ciężko,N,,,,,,,,,,
EWK-107375933H,2018,2018-10-13,16,POWIAT RADOM,RADOM - OBSZAR MIEJSKI,Droga krajowa,9,Jednojezdniowa dwukierunkowa,Odcinek prosty,Obszar zabudowany,21.1825277777778,51.3798888888889,Przejście dla pieszych,Dobre warunki atmosferyczne,Światło dzienne,Najechanie na pieszego,1,0,0,Nieokreślone (puste pole),N,,,,,,,,,,
EWK-107378881R,2018,2018-10-14,16,POWIAT PŁOCKI,BRUDZEŃ DUŻY - OBSZAR WIEJSKI,Droga wojewódzka,559,Jednokierunkowa,,Obszar zabudowany,19.5045,52.6811666666667,Przejście dla pieszych,Dobre warunki atmosferyczne,Światło dzienne,Najechanie na pieszego,1,0,1,Lekko,N,,,,,,,,,,
EWK-107378881R,2018,2018-10-14,16,POWIAT PŁOCKI,BRUDZEŃ DUŻY - OBSZAR WIEJSKI,Droga wojewódzka,559,Jednokierunkowa,,Obszar zabudowany,19.5045,52.6811666666667,Przejście dla pieszych,Dobre warunki atmosferyczne,Światło dzienne,Najechanie na pieszego,1,0,0,Nieokreślone (puste pole),N,,,,,,,,,,
EWK-107402665A,2018,2018-10-18,15,POWIAT RADOM,RADOM - OBSZAR MIEJSKI,Droga powiatowa,P5317W,Jednojezdniowa dwukierunkowa,Odcinek prosty,Obszar zabudowany,21.1431388888889,51.4009166666667,Przejście dla pieszych,Dobre warunki atmosferyczne,Światło dzienne,Najechanie na pieszego,1,0,1,Lekko,N,,,,,,,,,,
EWK-107402665A,2018,2018-10-18,15,POWIAT RADOM,RADOM - OBSZAR MIEJSKI,Droga powiatowa,P5317W,Jednojezdniowa dwukierunkowa,Odcinek prosty,Obszar zabudowany,21.1431388888889,51.4009166666667,Przejście dla pieszych,Dobre warunki atmosferyczne,Światło dzienne,Najechanie na pieszego,1,0,0,Nieokreślone (puste pole),N,,,,,,,,,,
EWK-107416009M,2018,2018-10-31,10,POWIAT OSTROŁĘKA,OSTROŁĘKA - OBSZAR MIEJSKI,Droga gminna,G510231W,Jednojezdniowa dwukierunkowa,,Obszar zabudowany,21.5904722222222,53.0737222222222,Przejście dla pieszych,Dobre warunki atmosferyczne,Światło dzienne,Najechanie na pieszego,1,0,1,Ciężko,N,,,,,,,,,,
EWK-107416009M,2018,2018-10-31,10,POWIAT OSTROŁĘKA,OSTROŁĘKA - OBSZAR MIEJSKI,Droga gminna,G510231W,Jednojezdniowa dwukierunkowa,,Obszar zabudowany,21.5904722222222,53.0737222222222,Przejście dla pieszych,Dobre warunki atmosferyczne,Światło dzienne,Najechanie na pieszego,1,0,0,Nieokreślone (puste pole),N,,,,,,,,,,
EWK-107429259W,2018,2018-11-06,9,POWIAT SIEDLCE,SIEDLCE - OBSZAR MIEJSKI,Droga krajowa,63,Jednojezdniowa dwukierunkowa,Odcinek prosty,Obszar zabudowany,22.2881944444444,52.1723333333333,Przejście dla pieszych,Dobre warunki atmosferyczne,Światło dzienne,Najechanie na pieszego,1,0,1,Lekko,N,,,,,,,,,,
EWK-107429259W,2018,2018-11-06,9,POWIAT SIEDLCE,SIEDLCE - OBSZAR MIEJSKI,Droga krajowa,63,Jednojezdniowa dwukierunkowa,Odcinek prosty,Obszar zabudowany,22.2881944444444,52.1723333333333,Przejście dla pieszych,Dobre warunki atmosferyczne,Światło dzienne,Najechanie na pieszego,1,0,0,Nieokreślone (puste pole),N,,,,,,,,,,
EWK-107435979L,2018,2018-11-10,13,POWIAT RADOM,RADOM - OBSZAR MIEJSKI,Droga krajowa,9,Dwie jezdnie jednokierunkowe,Odcinek prosty,Obszar zabudowany,21.1586944444444,51.4258611111111,Przejście dla pieszych,Dobre warunki atmosferyczne,Światło dzienne,Najechanie na pieszego,1,0,2,Lekko,N,,,,,,,,,,
EWK-107435979L,2018,2018-11-10,13,POWIAT RADOM,RADOM - OBSZAR MIEJSKI,Droga krajowa,9,Dwie jezdnie jednokierunkowe,Odcinek prosty,Obszar zabudowany,21.1586944444444,51.4258611111111,Przejście dla pieszych,Dobre warunki atmosferyczne,Światło dzienne,Najechanie na pieszego,1,0,0,Nieokreślone (puste pole),N,,,,,,,,,,
EWK-107450427E,2018,2018-11-17,14,POWIAT PRZYSUSKI,WIENIAWA - OBSZAR WIEJSKI,Droga krajowa,12,Jednojezdniowa dwukierunkowa,Odcinek prosty,Obszar zabudowany,20.7198888888889,51.3632222222222,Przejście dla pieszych,Dobre warunki atmosferyczne,Światło dzienne,Najechanie na pieszego,1,0,1,Lekko,N,,,,,,,,,,
EWK-107450427E,2018,2018-11-17,14,POWIAT PRZYSUSKI,WIENIAWA - OBSZAR WIEJSKI,Droga krajowa,12,Jednojezdniowa dwukierunkowa,Odcinek prosty,Obszar zabudowany,20.7198888888889,51.3632222222222,Przejście dla pieszych,Dobre warunki atmosferyczne,Światło dzienne,Najechanie na pieszego,1,0,0,Nieokreślone (puste pole),N,,,,,,,,,,
EWK-107465172C,2018,2018-11-27,10,POWIAT PŁOCK,PŁOCK - OBSZAR MIEJSKI,Droga gminna,G520005W,Jednojezdniowa dwukierunkowa,Odcinek prosty,Obszar zabudowany,19.7615277777778,52.5374444444444,Przejście dla pieszych,Dobre warunki atmosferyczne,Światło dzienne,Najechanie na pieszego,1,0,1,Lekko,N,,,,,,,,,,
EWK-107465172C,2018,2018-11-27,10,POWIAT PŁOCK,PŁOCK - OBSZAR MIEJSKI,Droga gminna,G520005W,Jednojezdniowa dwukierunkowa,Odcinek prosty,Obszar zabudowany,19.7615277777778,52.5374444444444,Przejście dla pieszych,Dobre warunki atmosferyczne,Światło dzienne,Najechanie na pieszego,1,0,0,Nieokreślone (puste pole),N,,,,,,,,,,
EWK-107470721F,2018,2018-11-30,17,POWIAT MŁAWSKI,STRZEGOWO - OBSZAR WIEJSKI,Droga krajowa,7,Jednojezdniowa dwukierunkowa,,Obszar zabudowany,20.4811111111111,53.4925555555556,Przejście dla pieszych,Dobre warunki atmosferyczne,Światło dzienne,Najechanie na pieszego,1,0,1,Lekko,N,,,,,,,,,,
EWK-107470721F,2018,2018-11-30,17,POWIAT MŁAWSKI,STRZEGOWO - OBSZAR WIEJSKI,Droga krajowa,7,Jednojezdniowa dwukierunkowa,,Obszar zabudowany,20.4811111111111,53.4925555555556,Przejście dla pieszych,Dobre warunki atmosferyczne,Światło dzienne,Najechanie na pieszego,1,0,0,Nieokreślone (puste pole),N,,,,,,,,,,
EWK-107500058T,2018,2018-12-10,13,POWIAT RADOM,RADOM - OBSZAR MIEJSKI,Droga powiatowa,P5339W,Dwie jezdnie jednokierunkowe,Odcinek prosty,Obszar zabudowany,21.1759166666667,51.4083333333333,Przejście dla pieszych,Dobre warunki atmosferyczne,Światło dzienne,Najechanie na pieszego,1,0,1,Lekko,N,,,,,,,,,,
EWK-107500058T,2018,2018-12-10,13,POWIAT RADOM,RADOM - OBSZAR MIEJSKI,Droga powiatowa,P5339W,Dwie jezdnie jednokierunkowe,Odcinek prosty,Obszar zabudowany,21.1759166666667,51.4083333333333,Przejście dla pieszych,Dobre warunki atmosferyczne,Światło dzienne,Najechanie na pieszego,1,0,0,Nieokreślone (puste pole),N,,,,,,,,,,
EWK-106772048P,2018,2018-02-19,7,POWIAT CIECHANOWSKI,CIECHANÓW - OBSZAR MIEJSKI,Droga gminna,G121181W,Jednojezdniowa dwukierunkowa,Odcinek prosty,Obszar zabudowany,20.6066666666667,52.8769444444445,Przystanek komunikacji publicznej,Dobre warunki atmosferyczne,Światło dzienne,Najechanie na pieszego,1,0,1,Lekko,N,,,,,,,,,,
EWK-106772048P,2018,2018-02-19,7,POWIAT CIECHANOWSKI,CIECHANÓW - OBSZAR MIEJSKI,Droga gminna,G121181W,Jednojezdniowa dwukierunkowa,Odcinek prosty,Obszar zabudowany,20.6066666666667,52.8769444444445,Przystanek komunikacji publicznej,Dobre warunki atmosferyczne,Światło dzienne,Najechanie na pieszego,1,0,0,Nieokreślone (puste pole),N,,,,,,,,,,
EWK-107036960A,2018,2018-06-15,10,POWIAT ŻYRARDOWSKI,ŻYRARDÓW - OBSZAR MIEJSKI,Droga gminna,GMINNA,Jednokierunkowa,,Obszar zabudowany,20.4472222222222,52.0731388888889,Przystanek komunikacji publicznej,Dobre warunki atmosferyczne,Światło dzienne,Najechanie na pieszego,1,0,1,Lekko,N,,,,,,,,,,
EWK-107036960A,2018,2018-06-15,10,POWIAT ŻYRARDOWSKI,ŻYRARDÓW - OBSZAR MIEJSKI,Droga gminna,GMINNA,Jednokierunkowa,,Obszar zabudowany,20.4472222222222,52.0731388888889,Przystanek komunikacji publicznej,Dobre warunki atmosferyczne,Światło dzienne,Najechanie na pieszego,1,0,0,Nieokreślone (puste pole),N,,,,,,,,,,
EWK-107090004Q,2018,2018-07-07,13,POWIAT RADOM,RADOM - OBSZAR MIEJSKI,Droga powiatowa,P5347W,Jednojezdniowa dwukierunkowa,Odcinek prosty,Obszar zabudowany,21.1833333333333,51.3996111111111,Przystanek komunikacji publicznej,Dobre warunki atmosferyczne,Światło dzienne,Najechanie na pieszego,1,0,1,Ciężko,N,,,,,,,,,,
EWK-107090004Q,2018,2018-07-07,13,POWIAT RADOM,RADOM - OBSZAR MIEJSKI,Droga powiatowa,P5347W,Jednojezdniowa dwukierunkowa,Odcinek prosty,Obszar zabudowany,21.1833333333333,51.3996111111111,Przystanek komunikacji publicznej,Dobre warunki atmosferyczne,Światło dzienne,Najechanie na pieszego,1,0,0,Nieokreślone (puste pole),N,,,,,,,,,,
EWK-107239065K,2018,2018-08-28,17,POWIAT ZWOLEŃSKI,ZWOLEŃ - OBSZAR WIEJSKI,Droga powiatowa,P4508W,Jednojezdniowa dwukierunkowa,Odcinek prosty,Obszar niezabudowany,21.6160277777778,51.3726666666667,"Skarpa, rów",Dobre warunki atmosferyczne,Światło dzienne,Najechanie na pieszego,1,0,2,Lekko,T,,,,,,,,,,
EWK-107239065K,2018,2018-08-28,17,POWIAT ZWOLEŃSKI,ZWOLEŃ - OBSZAR WIEJSKI,Droga powiatowa,P4508W,Jednojezdniowa dwukierunkowa,Odcinek prosty,Obszar niezabudowany,21.6160277777778,51.3726666666667,"Skarpa, rów",Dobre warunki atmosferyczne,Światło dzienne,Najechanie na pieszego,1,1,0,Nieokreślone (puste pole),T,,,,,,,,,,
EWK-106785143Y,2018,2018-03-06,7,POWIAT GRÓJECKI,BELSK DUŻY - OBSZAR WIEJSKI,Droga gminna,GMINNA,Jednojezdniowa dwukierunkowa,Odcinek prosty,Obszar zabudowany,20.8079722222222,51.8238888888889,"Wjazd, wyjazd z posesji, pola",Dobre warunki atmosferyczne,Światło dzienne,Najechanie na pieszego,1,0,1,Lekko,N,,,,,,,,,,
EWK-106785143Y,2018,2018-03-06,7,POWIAT GRÓJECKI,BELSK DUŻY - OBSZAR WIEJSKI,Droga gminna,GMINNA,Jednojezdniowa dwukierunkowa,Odcinek prosty,Obszar zabudowany,20.8079722222222,51.8238888888889,"Wjazd, wyjazd z posesji, pola",Dobre warunki atmosferyczne,Światło dzienne,Najechanie na pieszego,1,0,0,Nieokreślone (puste pole),N,,,,,,,,,,
EWK-106874907M,2018,2018-04-07,17,POWIAT PŁOCK,PŁOCK - OBSZAR MIEJSKI,Droga gminna,G520005W,Jednojezdniowa dwukierunkowa,Odcinek prosty,Obszar zabudowany,19.7620555555556,52.5381111111111,"Wjazd, wyjazd z posesji, pola",Dobre warunki atmosferyczne,Światło dzienne,Najechanie na pieszego,1,0,1,Lekko,N,,,,,,,,,,
EWK-106874907M,2018,2018-04-07,17,POWIAT PŁOCK,PŁOCK - OBSZAR MIEJSKI,Droga gminna,G520005W,Jednojezdniowa dwukierunkowa,Odcinek prosty,Obszar zabudowany,19.7620555555556,52.5381111111111,"Wjazd, wyjazd z posesji, pola",Dobre warunki atmosferyczne,Światło dzienne,Najechanie na pieszego,1,0,0,Nieokreślone (puste pole),N,,,,,,,,,,
EWK-106903457D,2018,2018-04-22,16,POWIAT RADOM,RADOM - OBSZAR MIEJSKI,Droga krajowa,9,Jednojezdniowa dwukierunkowa,Odcinek prosty,Obszar zabudowany,21.1811111111111,51.3811944444444,"Wjazd, wyjazd z posesji, pola",Dobre warunki atmosferyczne,Światło dzienne,Najechanie na pieszego,1,0,1,Lekko,N,,,,,,,,,,
EWK-106903457D,2018,2018-04-22,16,POWIAT RADOM,RADOM - OBSZAR MIEJSKI,Droga krajowa,9,Jednojezdniowa dwukierunkowa,Odcinek prosty,Obszar zabudowany,21.1811111111111,51.3811944444444,"Wjazd, wyjazd z posesji, pola",Dobre warunki atmosferyczne,Światło dzienne,Najechanie na pieszego,1,0,0,Nieokreślone (puste pole),N,,,,,,,,,,
EWK-106931110U,2018,2018-05-02,18,POWIAT RADOM,RADOM - OBSZAR MIEJSKI,Droga powiatowa,P5312W,Jednojezdniowa dwukierunkowa,Odcinek prosty,Obszar zabudowany,21.16975,51.3992777777778,"Wjazd, wyjazd z posesji, pola",Dobre warunki atmosferyczne,Światło dzienne,Najechanie na pieszego,1,0,1,Lekko,N,,,,,,,,,,
EWK-106931110U,2018,2018-05-02,18,POWIAT RADOM,RADOM - OBSZAR MIEJSKI,Droga powiatowa,P5312W,Jednojezdniowa dwukierunkowa,Odcinek prosty,Obszar zabudowany,21.16975,51.3992777777778,"Wjazd, wyjazd z posesji, pola",Dobre warunki atmosferyczne,Światło dzienne,Najechanie na pieszego,1,0,0,Nieokreślone (puste pole),N,,,,,,,,,,
EWK-106984132W,2018,2018-06-02,11,POWIAT PŁOCKI,BIELSK - OBSZAR WIEJSKI,Droga powiatowa,P2912W,Jednojezdniowa dwukierunkowa,Odcinek prosty,Obszar zabudowany,19.8628333333333,52.6749722222222,"Wjazd, wyjazd z posesji, pola",Dobre warunki atmosferyczne,Światło dzienne,Najechanie na pieszego,1,0,1,Ciężko,N,,,,,,,,,,
EWK-106984132W,2018,2018-06-02,11,POWIAT PŁOCKI,BIELSK - OBSZAR WIEJSKI,Droga powiatowa,P2912W,Jednojezdniowa dwukierunkowa,Odcinek prosty,Obszar zabudowany,19.8628333333333,52.6749722222222,"Wjazd, wyjazd z posesji, pola",Dobre warunki atmosferyczne,Światło dzienne,Najechanie na pieszego,1,0,0,Nieokreślone (puste pole),N,,,,,,,,,,
EWK-107023312Q,2018,2018-06-15,10,POWIAT RADOMSKI,PRZYTYK - OBSZAR WIEJSKI,Droga powiatowa,P3336W,Jednojezdniowa dwukierunkowa,Odcinek prosty,Obszar zabudowany,20.90325,51.4811666666667,"Wjazd, wyjazd z posesji, pola",Dobre warunki atmosferyczne,Światło dzienne,Najechanie na pieszego,1,0,1,Lekko,N,,,,,,,,,,
EWK-107023312Q,2018,2018-06-15,10,POWIAT RADOMSKI,PRZYTYK - OBSZAR WIEJSKI,Droga powiatowa,P3336W,Jednojezdniowa dwukierunkowa,Odcinek prosty,Obszar zabudowany,20.90325,51.4811666666667,"Wjazd, wyjazd z posesji, pola",Dobre warunki atmosferyczne,Światło dzienne,Najechanie na pieszego,1,0,0,Nieokreślone (puste pole),N,,,,,,,,,,
EWK-106665559P,2018,2018-01-09,16,POWIAT MŁAWSKI,MŁAWA - OBSZAR MIEJSKI,Droga powiatowa,P4640W,Jednojezdniowa dwukierunkowa,Odcinek prosty,Obszar zabudowany,20.3623055555556,53.1041111111111,Jezdnia,Dobre warunki atmosferyczne,"Świt, zmrok",Najechanie na pieszego,1,1,0,Nieokreślone (puste pole),N,,,,,,,,,,
EWK-106710695F,2018,2018-02-02,18,POWIAT GARWOLIŃSKI,GÓRZNO - OBSZAR WIEJSKI,Nieokreślone (puste pole),,Jednojezdniowa dwukierunkowa,Odcinek prosty,Obszar zabudowany,21.7678888888889,51.8231944444444,Jezdnia,Dobre warunki atmosferyczne,"Świt, zmrok",Najechanie na pieszego,1,0,1,Lekko,N,,,,,,,,,,
EWK-106710695F,2018,2018-02-02,18,POWIAT GARWOLIŃSKI,GÓRZNO - OBSZAR WIEJSKI,Nieokreślone (puste pole),,Jednojezdniowa dwukierunkowa,Odcinek prosty,Obszar zabudowany,21.7678888888889,51.8231944444444,Jezdnia,Dobre warunki atmosferyczne,"Świt, zmrok",Najechanie na pieszego,1,0,0,Nieokreślone (puste pole),N,,,,,,,,,,
EWK-107137074F,2018,2018-08-01,20,POWIAT GRÓJECKI,MOGIELNICA - OBSZAR WIEJSKI,Droga gminna,G160724W,Jednojezdniowa dwukierunkowa,Odcinek prosty,Obszar niezabudowany,20.72325,51.7311111111111,Jezdnia,Dobre warunki atmosferyczne,"Świt, zmrok",Najechanie na pieszego,1,0,1,Lekko,N,,,,,,,,,,
EWK-107137074F,2018,2018-08-01,20,POWIAT GRÓJECKI,MOGIELNICA - OBSZAR WIEJSKI,Droga gminna,G160724W,Jednojezdniowa dwukierunkowa,Odcinek prosty,Obszar niezabudowany,20.72325,51.7311111111111,Jezdnia,Dobre warunki atmosferyczne,"Świt, zmrok",Najechanie na pieszego,1,0,0,Nieokreślone (puste pole),N,,,,,,,,,,
EWK-107183192W,2018,2018-08-14,20,POWIAT KOZIENICKI,GARBATKA-LETNISKO - OBSZAR WIEJSKI,Droga powiatowa,P1741W,Jednojezdniowa dwukierunkowa,Odcinek prosty,Obszar zabudowany,21.7015277777778,51.4942777777778,Jezdnia,Dobre warunki atmosferyczne,"Świt, zmrok",Najechanie na pieszego,1,1,0,Nieokreślone (puste pole),T,,,,,,,,,,
EWK-107198854F,2018,2018-08-19,5,POWIAT RADOM,RADOM - OBSZAR MIEJSKI,Droga gminna,G530183W,Jednojezdniowa dwukierunkowa,Odcinek prosty,Obszar zabudowany,21.1596388888889,51.3791388888889,Jezdnia,Dobre warunki atmosferyczne,"Świt, zmrok",Najechanie na pieszego,1,0,1,Ciężko,N,,,,,,,,,,
EWK-107198854F,2018,2018-08-19,5,POWIAT RADOM,RADOM - OBSZAR MIEJSKI,Droga gminna,G530183W,Jednojezdniowa dwukierunkowa,Odcinek prosty,Obszar zabudowany,21.1596388888889,51.3791388888889,Jezdnia,Dobre warunki atmosferyczne,"Świt, zmrok",Najechanie na pieszego,1,0,0,Nieokreślone (puste pole),N,,,,,,,,,,
EWK-107293123T,2018,2018-09-18,19,POWIAT GOSTYNIŃSKI,GOSTYNIN - OBSZAR WIEJSKI,Droga wojewódzka,581,Jednojezdniowa dwukierunkowa,Odcinek prosty,Obszar niezabudowany,19.2989444444444,52.3705277777778,Jezdnia,Dobre warunki atmosferyczne,"Świt, zmrok",Najechanie na pieszego,1,0,1,Ciężko,N,,,,,,,,,,
EWK-107293123T,2018,2018-09-18,19,POWIAT GOSTYNIŃSKI,GOSTYNIN - OBSZAR WIEJSKI,Droga wojewódzka,581,Jednojezdniowa dwukierunkowa,Odcinek prosty,Obszar niezabudowany,19.2989444444444,52.3705277777778,Jezdnia,Dobre warunki atmosferyczne,"Świt, zmrok",Najechanie na pieszego,1,0,0,Nieokreślone (puste pole),N,,,,,,,,,,
EWK-107299517C,2018,2018-09-20,19,POWIAT KOZIENICKI,GŁOWACZÓW - OBSZAR WIEJSKI,Droga krajowa,48,Jednojezdniowa dwukierunkowa,Odcinek prosty,Obszar zabudowany,21.2418611111111,51.6130555555556,Jezdnia,Dobre warunki atmosferyczne,"Świt, zmrok",Najechanie na pieszego,1,1,0,Nieokreślone (puste pole),N,,,,,,,,,,
EWK-107322535H,2018,2018-09-28,19,POWIAT PŁOCKI,STARA BIAŁA - OBSZAR WIEJSKI,Droga powiatowa,5205W,Jednojezdniowa dwukierunkowa,Odcinek prosty,Obszar niezabudowany,19.7229444444444,52.5893888888889,Jezdnia,Dobre warunki atmosferyczne,"Świt, zmrok",Najechanie na pieszego,1,0,1,Ciężko,N,,,,,,,,,,
EWK-107322535H,2018,2018-09-28,19,POWIAT PŁOCKI,STARA BIAŁA - OBSZAR WIEJSKI,Droga powiatowa,5205W,Jednojezdniowa dwukierunkowa,Odcinek prosty,Obszar niezabudowany,19.7229444444444,52.5893888888889,Jezdnia,Dobre warunki atmosferyczne,"Świt, zmrok",Najechanie na pieszego,1,0,0,Nieokreślone (puste pole),N,,,,,,,,,,
EWK-107381625Y,2018,2018-10-15,18,POWIAT SIEDLECKI,ZBUCZYN - OBSZAR WIEJSKI,Droga gminna,GMINNA,Jednojezdniowa dwukierunkowa,Odcinek prosty,Obszar niezabudowany,22.5826666666667,52.0901111111111,Jezdnia,Dobre warunki atmosferyczne,"Świt, zmrok",Najechanie na pieszego,1,1,0,Nieokreślone (puste pole),N,,,,,,,,,,
EWK-107423957J,2018,2018-10-31,16,POWIAT WĘGROWSKI,ŁOCHÓW - OBSZAR MIEJSKI,Droga gminna,GMINNA,Jednojezdniowa dwukierunkowa,,Obszar niezabudowany,21.7875,52.5265277777778,Jezdnia,Dobre warunki atmosferyczne,"Świt, zmrok",Najechanie na pieszego,1,0,1,Ciężko,N,,,,,,,,,,
EWK-107423957J,2018,2018-10-31,16,POWIAT WĘGROWSKI,ŁOCHÓW - OBSZAR MIEJSKI,Droga gminna,GMINNA,Jednojezdniowa dwukierunkowa,,Obszar niezabudowany,21.7875,52.5265277777778,Jezdnia,Dobre warunki atmosferyczne,"Świt, zmrok",Najechanie na pieszego,1,0,0,Nieokreślone (puste pole),N,,,,,,,,,,
EWK-107466470C,2018,2018-11-28,16,POWIAT GRÓJECKI,WARKA - OBSZAR MIEJSKI,Droga gminna,G161088W,Jednojezdniowa dwukierunkowa,Odcinek prosty,Obszar zabudowany,21.1870277777778,51.7868333333333,Jezdnia,Dobre warunki atmosferyczne,"Świt, zmrok",Najechanie na pieszego,1,0,1,Lekko,N,,,,,,,,,,
EWK-107466470C,2018,2018-11-28,16,POWIAT GRÓJECKI,WARKA - OBSZAR MIEJSKI,Droga gminna,G161088W,Jednojezdniowa dwukierunkowa,Odcinek prosty,Obszar zabudowany,21.1870277777778,51.7868333333333,Jezdnia,Dobre warunki atmosferyczne,"Świt, zmrok",Najechanie na pieszego,1,0,0,Nieokreślone (puste pole),N,,,,,,,,,,
EWK-107469519Q,2018,2018-11-29,6,POWIAT PŁOCKI,STARA BIAŁA - OBSZAR WIEJSKI,Droga powiatowa,6905W,Jednojezdniowa dwukierunkowa,,Obszar niezabudowany,19.6442777777778,52.62775,Jezdnia,Dobre warunki atmosferyczne,"Świt, zmrok",Najechanie na pieszego,1,0,1,Ciężko,N,,,,,,,,,,
EWK-107469519Q,2018,2018-11-29,6,POWIAT PŁOCKI,STARA BIAŁA - OBSZAR WIEJSKI,Droga powiatowa,6905W,Jednojezdniowa dwukierunkowa,,Obszar niezabudowany,19.6442777777778,52.62775,Jezdnia,Dobre warunki atmosferyczne,"Świt, zmrok",Najechanie na pieszego,1,0,0,Nieokreślone (puste pole),N,,,,,,,,,,
EWK-107501290L,2018,2018-12-14,16,POWIAT CIECHANOWSKI,CIECHANÓW - OBSZAR WIEJSKI,Droga wojewódzka,615,Jednojezdniowa dwukierunkowa,Odcinek prosty,Obszar niezabudowany,20.5791666666667,52.8961944444445,Jezdnia,Dobre warunki atmosferyczne,"Świt, zmrok",Najechanie na pieszego,1,0,1,Ciężko,T,,,,,,,,,,
EWK-107501290L,2018,2018-12-14,16,POWIAT CIECHANOWSKI,CIECHANÓW - OBSZAR WIEJSKI,Droga wojewódzka,615,Jednojezdniowa dwukierunkowa,Odcinek prosty,Obszar niezabudowany,20.5791666666667,52.8961944444445,Jezdnia,Dobre warunki atmosferyczne,"Świt, zmrok",Najechanie na pieszego,1,0,0,Nieokreślone (puste pole),T,,,,,,,,,,
EWK-106974127R,2018,2018-05-24,19,POWIAT SOKOŁOWSKI,REPKI - OBSZAR WIEJSKI,Droga powiatowa,P3926W,Jednojezdniowa dwukierunkowa,Odcinek prosty,Obszar niezabudowany,22.3955833333333,52.4120833333333,Pobocze,Dobre warunki atmosferyczne,"Świt, zmrok",Najechanie na pieszego,1,0,1,Lekko,N,,,,,,,,,,
EWK-106974127R,2018,2018-05-24,19,POWIAT SOKOŁOWSKI,REPKI - OBSZAR WIEJSKI,Droga powiatowa,P3926W,Jednojezdniowa dwukierunkowa,Odcinek prosty,Obszar niezabudowany,22.3955833333333,52.4120833333333,Pobocze,Dobre warunki atmosferyczne,"Świt, zmrok",Najechanie na pieszego,1,0,0,Nieokreślone (puste pole),N,,,,,,,,,,
EWK-107056994N,2018,2018-06-24,21,POWIAT RADOMSKI,SKARYSZEW - OBSZAR WIEJSKI,Droga krajowa,9,Jednojezdniowa dwukierunkowa,Odcinek prosty,Obszar zabudowany,21.2275555555556,51.3417222222222,Pobocze,Dobre warunki atmosferyczne,"Świt, zmrok",Najechanie na pieszego,1,0,1,Lekko,N,,,,,,,,,,
EWK-107056994N,2018,2018-06-24,21,POWIAT RADOMSKI,SKARYSZEW - OBSZAR WIEJSKI,Droga krajowa,9,Jednojezdniowa dwukierunkowa,Odcinek prosty,Obszar zabudowany,21.2275555555556,51.3417222222222,Pobocze,Dobre warunki atmosferyczne,"Świt, zmrok",Najechanie na pieszego,1,0,0,Nieokreślone (puste pole),N,,,,,,,,,,
EWK-106675645G,2018,2018-01-15,16,POWIAT RADOM,RADOM - OBSZAR MIEJSKI,Droga powiatowa,P5305W,Dwie jezdnie jednokierunkowe,Odcinek prosty,Obszar zabudowany,21.1435833333333,51.4104722222222,Przejście dla pieszych,Dobre warunki atmosferyczne,"Świt, zmrok",Najechanie na pieszego,1,1,0,Nieokreślone (puste pole),N,,,,,,,,,,
EWK-106707841U,2018,2018-02-01,7,POWIAT PŁOCK,PŁOCK - OBSZAR MIEJSKI,Droga powiatowa,5207W,Jednojezdniowa dwukierunkowa,,Obszar zabudowany,19.6830555555556,52.5540555555556,Przejście dla pieszych,Dobre warunki atmosferyczne,"Świt, zmrok",Najechanie na pieszego,1,0,1,Lekko,N,,,,,,,,,,
EWK-106707841U,2018,2018-02-01,7,POWIAT PŁOCK,PŁOCK - OBSZAR MIEJSKI,Droga powiatowa,5207W,Jednojezdniowa dwukierunkowa,,Obszar zabudowany,19.6830555555556,52.5540555555556,Przejście dla pieszych,Dobre warunki atmosferyczne,"Świt, zmrok",Najechanie na pieszego,1,0,0,Nieokreślone (puste pole),N,,,,,,,,,,
EWK-106791435X,2018,2018-03-12,18,POWIAT PŁOCK,PŁOCK - OBSZAR MIEJSKI,Droga powiatowa,5213W,Dwie jezdnie jednokierunkowe,,Obszar zabudowany,19.7115,52.5626388888889,Przejście dla pieszych,Dobre warunki atmosferyczne,"Świt, zmrok",Najechanie na pieszego,1,0,1,Lekko,N,,,,,,,,,,
EWK-106791435X,2018,2018-03-12,18,POWIAT PŁOCK,PŁOCK - OBSZAR MIEJSKI,Droga powiatowa,5213W,Dwie jezdnie jednokierunkowe,,Obszar zabudowany,19.7115,52.5626388888889,Przejście dla pieszych,Dobre warunki atmosferyczne,"Świt, zmrok",Najechanie na pieszego,1,0,0,Nieokreślone (puste pole),N,,,,,,,,,,