IDKSIP,year,date,hour,district,district_commune,road_category,road_number,type_of_road,road_geometry,area,Longitude,Latitude,char_place_of_the_event,weather_conditions,lighting,type_of_accident,num_of_accidents,num_of_fatalities,num_of_injured,type_of_injury,is_offender_intoxicated,,,,,,,,,,
EWK-107387640J,2018,2018-10-18,18,POWIAT ŻYRARDOWSKI,ŻYRARDÓW - OBSZAR MIEJSKI,Droga gminna,GMINNA,Jednojezdniowa dwukierunkowa,Odcinek prosty,Obszar zabudowany,20.4386111111111,52.0528055555556,Przejście dla pieszych,Dobre warunki atmosferyczne,"Świt, zmrok",Najechanie na pieszego,1,0,1,Lekko,N,,,,,,,,,,
EWK-107387640J,2018,2018-10-18,18,POWIAT ŻYRARDOWSKI,ŻYRARDÓW - OBSZAR MIEJSKI,Droga gminna,GMINNA,Jednojezdniowa dwukierunkowa,Odcinek prosty,Obszar zabudowany,20.4386111111111,52.0528055555556,Przejście dla pieszych,Dobre warunki atmosferyczne,"Świt, zmrok",Najechanie na pieszego,1,0,0,Nieokreślone (puste pole),N,,,,,,,,,,
EWK-107405340X,2018,2018-10-27,17,POWIAT SOKOŁOWSKI,SOKOŁÓW PODLASKI - OBSZAR MIEJSKI,Droga powiatowa,P3943W,Jednojezdniowa dwukierunkowa,Odcinek prosty,Obszar zabudowany,22.2441111111111,52.4065833333333,Przejście dla pieszych,Dobre warunki atmosferyczne,"Świt, zmrok",Najechanie na pieszego,1,0,1,Lekko,N,,,,,,,,,,
EWK-107405340X,2018,2018-10-27,17,POWIAT SOKOŁOWSKI,SOKOŁÓW PODLASKI - OBSZAR MIEJSKI,Droga powiatowa,P3943W,Jednojezdniowa dwukierunkowa,Odcinek prosty,Obszar zabudowany,22.2441111111111,52.4065833333333,Przejście dla pieszych,Dobre warunki atmosferyczne,"Świt, zmrok",Najechanie na pieszego,1,0,0,Nieokreślone (puste pole),N,,,,,,,,,,
EWK-107408174F,2018,2018-10-27,18,POWIAT GARWOLIŃSKI,GARWOLIN - OBSZAR MIEJSKI,Droga gminna,GMINNA,Jednojezdniowa dwukierunkowa,Odcinek prosty,Obszar niezabudowany,21.5951388888889,51.9135277777778,Przejście dla pieszych,Dobre warunki atmosferyczne,"Świt, zmrok",Najechanie na pieszego,1,0,1,Lekko,N,,,,,,,,,,
EWK-107408174F,2018,2018-10-27,18,POWIAT GARWOLIŃSKI,GARWOLIN - OBSZAR MIEJSKI,Droga gminna,GMINNA,Jednojezdniowa dwukierunkowa,Odcinek prosty,Obszar niezabudowany,21.5951388888889,51.9135277777778,Przejście dla pieszych,Dobre warunki atmosferyczne,"Świt, zmrok",Najechanie na pieszego,1,0,0,Nieokreślone (puste pole),N,,,,,,,,,,
EWK-107430080P,2018,2018-11-06,17,POWIAT RADOM,RADOM - OBSZAR MIEJSKI,Droga powiatowa,P5302W,Jednojezdniowa dwukierunkowa,,Obszar zabudowany,21.1583055555556,51.4035833333333,Przejście dla pieszych,Dobre warunki atmosferyczne,"Świt, zmrok",Najechanie na pieszego,1,0,1,Ciężko,N,,,,,,,,,,
EWK-107430080P,2018,2018-11-06,17,POWIAT RADOM,RADOM - OBSZAR MIEJSKI,Droga powiatowa,P5302W,Jednojezdniowa dwukierunkowa,,Obszar zabudowany,21.1583055555556,51.4035833333333,Przejście dla pieszych,Dobre warunki atmosferyczne,"Świt, zmrok",Najechanie na pieszego,1,0,0,Nieokreślone (puste pole),N,,,,,,,,,,
EWK-107445624A,2018,2018-11-16,19,POWIAT RADOMSKI,GÓZD - OBSZAR WIEJSKI,Droga krajowa,12,Jednojezdniowa dwukierunkowa,Odcinek prosty,Obszar zabudowany,21.3810277777778,51.3783888888889,Przejście dla pieszych,Dobre warunki atmosferyczne,"Świt, zmrok",Najechanie na pieszego,1,0,1,Lekko,N,,,,,,,,,,
EWK-107445624A,2018,2018-11-16,19,POWIAT RADOMSKI,GÓZD - OBSZAR WIEJSKI,Droga krajowa,12,Jednojezdniowa dwukierunkowa,Odcinek prosty,Obszar zabudowany,21.3810277777778,51.3783888888889,Przejście dla pieszych,Dobre warunki atmosferyczne,"Świt, zmrok",Najechanie na pieszego,1,0,0,Nieokreślone (puste pole),N,,,,,,,,,,
EWK-107449261W,2018,2018-11-13,16,POWIAT SIERPECKI,SIERPC - OBSZAR MIEJSKI,Droga gminna,G370499W,Jednojezdniowa dwukierunkowa,Odcinek prosty,Obszar zabudowany,19.6720277777778,52.8477777777778,Przejście dla pieszych,Dobre warunki atmosferyczne,"Świt, zmrok",Najechanie na pieszego,1,0,1,Lekko,N,,,,,,,,,,
EWK-107449261W,2018,2018-11-13,16,POWIAT SIERPECKI,SIERPC - OBSZAR MIEJSKI,Droga gminna,G370499W,Jednojezdniowa dwukierunkowa,Odcinek prosty,Obszar zabudowany,19.6720277777778,52.8477777777778,Przejście dla pieszych,Dobre warunki atmosferyczne,"Świt, zmrok",Najechanie na pieszego,1,0,0,Nieokreślone (puste pole),N,,,,,,,,,,
EWK-107473926T,2018,2018-12-02,15,POWIAT OSTROWSKI,OSTRÓW MAZOWIECKA - OBSZAR MIEJSKI,Droga wojewódzka,627,Jednojezdniowa dwukierunkowa,Odcinek prosty,Obszar zabudowany,21.8971111111111,52.8049444444445,Przejście dla pieszych,Dobre warunki atmosferyczne,"Świt, zmrok",Najechanie na pieszego,1,0,1,Lekko,N,,,,,,,,,,
EWK-107473926T,2018,2018-12-02,15,POWIAT OSTROWSKI,OSTRÓW MAZOWIECKA - OBSZAR MIEJSKI,Droga wojewódzka,627,Jednojezdniowa dwukierunkowa,Odcinek prosty,Obszar zabudowany,21.8971111111111,52.8049444444445,Przejście dla pieszych,Dobre warunki atmosferyczne,"Świt, zmrok",Najechanie na pieszego,1,0,0,Nieokreślone (puste pole),N,,,,,,,,,,
EWK-107481739E,2018,2018-12-06,16,POWIAT GARWOLIŃSKI,GARWOLIN - OBSZAR MIEJSKI,Nieokreślone (puste pole),,Jednojezdniowa dwukierunkowa,Odcinek prosty,Obszar zabudowany,21.6226666666667,51.8880555555556,Przejście dla pieszych,Dobre warunki atmosferyczne,"Świt, zmrok",Najechanie na pieszego,1,0,1,Lekko,N,,,,,,,,,,
EWK-107481739E,2018,2018-12-06,16,POWIAT GARWOLIŃSKI,GARWOLIN - OBSZAR MIEJSKI,Nieokreślone (puste pole),,Jednojezdniowa dwukierunkowa,Odcinek prosty,Obszar zabudowany,21.6226666666667,51.8880555555556,Przejście dla pieszych,Dobre warunki atmosferyczne,"Świt, zmrok",Najechanie na pieszego,1,0,0,Nieokreślone (puste pole),N,,,,,,,,,,
EWK-107488403F,2018,2018-12-09,16,POWIAT PŁOCKI,WYSZOGRÓD - OBSZAR WIEJSKI,Droga krajowa,50,Jednojezdniowa dwukierunkowa,Odcinek prosty,Obszar niezabudowany,20.2215555555556,52.4722222222222,Przejście dla pieszych,Dobre warunki atmosferyczne,"Świt, zmrok",Najechanie na pieszego,1,2,0,Nieokreślone (puste pole),N,,,,,,,,,,
EWK-107512667G,2018,2018-12-19,6,POWIAT CIECHANOWSKI,CIECHANÓW - OBSZAR MIEJSKI,Droga krajowa,60,Dwie jezdnie jednokierunkowe,Odcinek prosty,Obszar zabudowany,20.6273888888889,52.8813333333333,Przejście dla pieszych,Dobre warunki atmosferyczne,"Świt, zmrok",Najechanie na pieszego,1,0,1,Ciężko,N,,,,,,,,,,
EWK-107512667G,2018,2018-12-19,6,POWIAT CIECHANOWSKI,CIECHANÓW - OBSZAR MIEJSKI,Droga krajowa,60,Dwie jezdnie jednokierunkowe,Odcinek prosty,Obszar zabudowany,20.6273888888889,52.8813333333333,Przejście dla pieszych,Dobre warunki atmosferyczne,"Świt, zmrok",Najechanie na pieszego,1,0,0,Nieokreślone (puste pole),N,,,,,,,,,,
EWK-106943214K,2018,2018-05-14,17,POWIAT WYSZKOWSKI,RZĄŚNIK - OBSZAR WIEJSKI,Droga gminna,GMINNA,Jednojezdniowa dwukierunkowa,Odcinek prosty,Obszar zabudowany,21.3110277777778,52.67025,Jezdnia,Dobre warunki atmosferyczne,Światło dzienne,Zderzenie pojazdów boczne,1,0,1,Ciężko,N,,,,,,,,,,
EWK-106943214K,2018,2018-05-14,17,POWIAT WYSZKOWSKI,RZĄŚNIK - OBSZAR WIEJSKI,Droga gminna,GMINNA,Jednojezdniowa dwukierunkowa,Odcinek prosty,Obszar zabudowany,21.3110277777778,52.67025,Jezdnia,Dobre warunki atmosferyczne,Światło dzienne,Zderzenie pojazdów boczne,1,0,0,Nieokreślone (puste pole),N,,,,,,,,,,
EWK-106979553G,2018,2018-05-30,18,POWIAT WYSZKOWSKI,WYSZKÓW - OBSZAR WIEJSKI,Droga gminna,G440772W,Jednojezdniowa dwukierunkowa,Odcinek prosty,Obszar zabudowany,21.4776111111111,52.6458611111111,Jezdnia,Dobre warunki atmosferyczne,Światło dzienne,Zderzenie pojazdów boczne,1,0,1,Lekko,N,,,,,,,,,,
EWK-106979553G,2018,2018-05-30,18,POWIAT WYSZKOWSKI,WYSZKÓW - OBSZAR WIEJSKI,Droga gminna,G440772W,Jednojezdniowa dwukierunkowa,Odcinek prosty,Obszar zabudowany,21.4776111111111,52.6458611111111,Jezdnia,Dobre warunki atmosferyczne,Światło dzienne,Zderzenie pojazdów boczne,1,0,0,Nieokreślone (puste pole),N,,,,,,,,,,
EWK-106988952Y,2018,2018-06-05,18,POWIAT GARWOLIŃSKI,PILAWA - OBSZAR WIEJSKI,Droga wojewódzka,805,Jednojezdniowa dwukierunkowa,,Obszar zabudowany,21.5893333333333,51.9506111111111,Jezdnia,Dobre warunki atmosferyczne,Światło dzienne,Zderzenie pojazdów boczne,1,0,1,Lekko,N,,,,,,,,,,
EWK-106988952Y,2018,2018-06-05,18,POWIAT GARWOLIŃSKI,PILAWA - OBSZAR WIEJSKI,Droga wojewódzka,805,Jednojezdniowa dwukierunkowa,,Obszar zabudowany,21.5893333333333,51.9506111111111,Jezdnia,Dobre warunki atmosferyczne,Światło dzienne,Zderzenie pojazdów boczne,1,0,0,Nieokreślone (puste pole),N,,,,,,,,,,
EWK-107025912W,2018,2018-06-16,16,POWIAT PRZASNYSKI,PRZASNYSZ - OBSZAR MIEJSKI,Droga powiatowa,P3238W  ,Jednojezdniowa dwukierunkowa,,Obszar niezabudowany,20.9030277777778,52.9986944444445,Jezdnia,Dobre warunki atmosferyczne,Światło dzienne,Zderzenie pojazdów boczne,1,0,1,Ciężko,N,,,,,,,,,,
EWK-107025912W,2018,2018-06-16,16,POWIAT PRZASNYSKI,PRZASNYSZ - OBSZAR MIEJSKI,Droga powiatowa,P3238W  ,Jednojezdniowa dwukierunkowa,,Obszar niezabudowany,20.9030277777778,52.9986944444445,Jezdnia,Dobre warunki atmosferyczne,Światło dzienne,Zderzenie pojazdów boczne,1,0,0,Nieokreślone (puste pole),N,,,,,,,,,,
EWK-107244912U,2018,2018-08-29,10,POWIAT KOZIENICKI,KOZIENICE - OBSZAR MIEJSKI,Droga gminna,G170818W,Jednojezdniowa dwukierunkowa,Odcinek prosty,Obszar zabudowany,21.5345555555556,51.5908055555556,Jezdnia,Dobre warunki atmosferyczne,Światło dzienne,Zderzenie pojazdów boczne,1,0,1,Lekko,N,,,,,,,,,,
EWK-107244912U,2018,2018-08-29,10,POWIAT KOZIENICKI,KOZIENICE - OBSZAR MIEJSKI,Droga gminna,G170818W,Jednojezdniowa dwukierunkowa,Odcinek prosty,Obszar zabudowany,21.5345555555556,51.5908055555556,Jezdnia,Dobre warunki atmosferyczne,Światło dzienne,Zderzenie pojazdów boczne,1,0,0,Nieokreślone (puste pole),N,,,,,,,,,,
EWK-106655839Q,2018,2018-01-03,9,POWIAT OSTROWSKI,STARY LUBOTYŃ - OBSZAR WIEJSKI,Droga gminna,GMINNA,Jednojezdniowa dwukierunkowa,Odcinek prosty,Obszar zabudowany,21.8694722222222,52.9422777777778,Jezdnia,Dobre warunki atmosferyczne,Światło dzienne,Zderzenie pojazdów tylne,1,0,1,Lekko,N,,,,,,,,,,
EWK-106655839Q,2018,2018-01-03,9,POWIAT OSTROWSKI,STARY LUBOTYŃ - OBSZAR WIEJSKI,Droga gminna,GMINNA,Jednojezdniowa dwukierunkowa,Odcinek prosty,Obszar zabudowany,21.8694722222222,52.9422777777778,Jezdnia,Dobre warunki atmosferyczne,Światło dzienne,Zderzenie pojazdów tylne,1,0,0,Nieokreślone (puste pole),N,,,,,,,,,,
EWK-107434065W,2018,2018-11-06,11,POWIAT OSTROWSKI,OSTRÓW MAZOWIECKA - OBSZAR MIEJSKI,Droga krajowa,S8O,Ekspresowa,"Zakręt, łuk",Obszar niezabudowany,21.8808611111111,52.8160277777778,Jezdnia,Dobre warunki atmosferyczne,Światło dzienne,Zderzenie pojazdów tylne,1,0,2,Lekko,N,,,,,,,,,,
EWK-107434065W,2018,2018-11-06,11,POWIAT OSTROWSKI,OSTRÓW MAZOWIECKA - OBSZAR MIEJSKI,Droga krajowa,S8O,Ekspresowa,"Zakręt, łuk",Obszar niezabudowany,21.8808611111111,52.8160277777778,Jezdnia,Dobre warunki atmosferyczne,Światło dzienne,Zderzenie pojazdów tylne,1,0,0,Nieokreślone (puste pole),N,,,,,,,,,,
EWK-106927551J,2018,2018-05-07,12,POWIAT GRÓJECKI,JASIENIEC - OBSZAR WIEJSKI,Droga wojewódzka,730,Jednojezdniowa dwukierunkowa,,Obszar zabudowany,20.9411111111111,51.8210833333333,Przejście dla pieszych,Dobre warunki atmosferyczne,Światło dzienne,Zderzenie pojazdów tylne,1,0,1,Lekko,N,,,,,,,,,,
EWK-106927551J,2018,2018-05-07,12,POWIAT GRÓJECKI,JASIENIEC - OBSZAR WIEJSKI,Droga wojewódzka,730,Jednojezdniowa dwukierunkowa,,Obszar zabudowany,20.9411111111111,51.8210833333333,Przejście dla pieszych,Dobre warunki atmosferyczne,Światło dzienne,Zderzenie pojazdów tylne,1,0,0,Nieokreślone (puste pole),N,,,,,,,,,,
EWK-106788083X,2018,2018-03-09,19,POWIAT OSTROŁĘCKI,OLSZEWO-BORKI - OBSZAR WIEJSKI,Droga krajowa,61,Jednojezdniowa dwukierunkowa,Odcinek prosty,Obszar zabudowany,21.5034444444444,53.0398055555556,Jezdnia,Opady deszczu,Noc - droga nieoświetlona,Najechanie na pieszego,1,0,1,Lekko,N,,,,,,,,,,
EWK-106788083X,2018,2018-03-09,19,POWIAT OSTROŁĘCKI,OLSZEWO-BORKI - OBSZAR WIEJSKI,Droga krajowa,61,Jednojezdniowa dwukierunkowa,Odcinek prosty,Obszar zabudowany,21.5034444444444,53.0398055555556,Jezdnia,Opady deszczu,Noc - droga nieoświetlona,Najechanie na pieszego,1,1,0,Nieokreślone (puste pole),N,,,,,,,,,,
EWK-106865033M,2018,2018-03-31,23,POWIAT SIEDLECKI,WODYNIE - OBSZAR WIEJSKI,Nieokreślone (puste pole),,Jednojezdniowa dwukierunkowa,Odcinek prosty,Obszar zabudowany,21.9591111111111,52.0058611111111,Jezdnia,Opady deszczu,Noc - droga nieoświetlona,Najechanie na pieszego,1,0,1,Lekko,T,,,,,,,,,,
EWK-106865033M,2018,2018-03-31,23,POWIAT SIEDLECKI,WODYNIE - OBSZAR WIEJSKI,Nieokreślone (puste pole),,Jednojezdniowa dwukierunkowa,Odcinek prosty,Obszar zabudowany,21.9591111111111,52.0058611111111,Jezdnia,Opady deszczu,Noc - droga nieoświetlona,Najechanie na pieszego,1,0,0,Nieokreślone (puste pole),T,,,,,,,,,,
EWK-106933963F,2018,2018-05-09,21,POWIAT PŁOCKI,DROBIN - OBSZAR WIEJSKI,Droga krajowa,60,Jednojezdniowa dwukierunkowa,Odcinek prosty,Obszar niezabudowany,20.0072222222222,52.7404722222222,Jezdnia,Opady deszczu,Noc - droga nieoświetlona,Najechanie na pieszego,1,1,0,Nieokreślone (puste pole),T,,,,,,,,,,
EWK-107127465L,2018,2018-07-27,23,POWIAT OSTROWSKI,OSTRÓW MAZOWIECKA - OBSZAR WIEJSKI,Droga powiatowa,P2655W,Jednojezdniowa dwukierunkowa,Odcinek prosty,Obszar niezabudowany,21.9746111111111,52.7916666666667,Jezdnia,Opady deszczu,Noc - droga nieoświetlona,Najechanie na pieszego,1,1,0,Nieokreślone (puste pole),N,,,,,,,,,,
EWK-107306567G,2018,2018-09-23,20,POWIAT RADOM,RADOM - OBSZAR MIEJSKI,Droga gminna,G530017W,Jednojezdniowa dwukierunkowa,Odcinek prosty,Obszar zabudowany,21.1128055555556,51.3939166666667,Jezdnia,Opady deszczu,Noc - droga nieoświetlona,Najechanie na pieszego,1,0,1,Ciężko,N,,,,,,,,,,
EWK-107306567G,2018,2018-09-23,20,POWIAT RADOM,RADOM - OBSZAR MIEJSKI,Droga gminna,G530017W,Jednojezdniowa dwukierunkowa,Odcinek prosty,Obszar zabudowany,21.1128055555556,51.3939166666667,Jezdnia,Opady deszczu,Noc - droga nieoświetlona,Najechanie na pieszego,1,0,0,Nieokreślone (puste pole),N,,,,,,,,,,
EWK-107398307P,2018,2018-10-24,5,POWIAT OSTROWSKI,MAŁKINIA GÓRNA - OBSZAR WIEJSKI,Droga powiatowa,P2653W,Jednojezdniowa dwukierunkowa,Odcinek prosty,Obszar niezabudowany,22.0367777777778,52.6979722222222,Jezdnia,Opady deszczu,Noc - droga nieoświetlona,Najechanie na pieszego,1,1,0,Nieokreślone (puste pole),N,,,,,,,,,,
EWK-107402267T,2018,2018-10-25,19,POWIAT CIECHANOWSKI,OPINOGÓRA GÓRNA - OBSZAR WIEJSKI,Droga gminna,G120722W,Jednojezdniowa dwukierunkowa,Odcinek prosty,Obszar niezabudowany,20.7051666666667,52.8981666666667,Jezdnia,Opady deszczu,Noc - droga nieoświetlona,Najechanie na pieszego,1,0,1,Lekko,T,,,,,,,,,,
EWK-107402267T,2018,2018-10-25,19,POWIAT CIECHANOWSKI,OPINOGÓRA GÓRNA - OBSZAR WIEJSKI,Droga gminna,G120722W,Jednojezdniowa dwukierunkowa,Odcinek prosty,Obszar niezabudowany,20.7051666666667,52.8981666666667,Jezdnia,Opady deszczu,Noc - droga nieoświetlona,Najechanie na pieszego,1,0,0,Nieokreślone (puste pole),T,,,,,,,,,,
EWK-107425036A,2018,2018-11-04,16,POWIAT OSTROWSKI,OSTRÓW MAZOWIECKA - OBSZAR WIEJSKI,Droga powiatowa,P2638W,Jednojezdniowa dwukierunkowa,Odcinek prosty,Obszar niezabudowany,21.9064722222222,52.7812222222222,Jezdnia,Opady deszczu,Noc - droga nieoświetlona,Najechanie na pieszego,1,1,0,Nieokreślone (puste pole),N,,,,,,,,,,
EWK-107425128U,2018,2018-11-04,20,POWIAT MAKOWSKI,PŁONIAWY-BRAMURA - OBSZAR WIEJSKI,Droga krajowa,57,Jednojezdniowa dwukierunkowa,Odcinek prosty,Obszar niezabudowany,21.0371111111111,52.9194444444445,Jezdnia,Opady deszczu,Noc - droga nieoświetlona,Najechanie na pieszego,1,1,0,Nieokreślone (puste pole),N,,,,,,,,,,
EWK-107485190E,2018,2018-12-07,18,POWIAT SOCHACZEWSKI,RYBNO - OBSZAR WIEJSKI,Droga wojewódzka,577,Jednojezdniowa dwukierunkowa,Odcinek prosty,Obszar niezabudowany,20.1351666666667,52.2781111111111,Jezdnia,Opady deszczu,Noc - droga nieoświetlona,Najechanie na pieszego,1,0,1,Ciężko,N,,,,,,,,,,
EWK-107485190E,2018,2018-12-07,18,POWIAT SOCHACZEWSKI,RYBNO - OBSZAR WIEJSKI,Droga wojewódzka,577,Jednojezdniowa dwukierunkowa,Odcinek prosty,Obszar niezabudowany,20.1351666666667,52.2781111111111,Jezdnia,Opady deszczu,Noc - droga nieoświetlona,Najechanie na pieszego,1,0,0,Nieokreślone (puste pole),N,,,,,,,,,,
EWK-107522333L,2018,2018-12-21,22,POWIAT BIAŁOBRZESKI,BIAŁOBRZEGI - OBSZAR WIEJSKI,Droga krajowa,S7,Ekspresowa,Odcinek prosty,Obszar niezabudowany,20.9741388888889,51.6211111111111,Jezdnia,Opady deszczu,Noc - droga nieoświetlona,Najechanie na pieszego,1,0,1,Lekko,N,,,,,,,,,,
EWK-107522333L,2018,2018-12-21,22,POWIAT BIAŁOBRZESKI,BIAŁOBRZEGI - OBSZAR WIEJSKI,Droga krajowa,S7,Ekspresowa,Odcinek prosty,Obszar niezabudowany,20.9741388888889,51.6211111111111,Jezdnia,Opady deszczu,Noc - droga nieoświetlona,Najechanie na pieszego,1,0,0,Nieokreślone (puste pole),N,,,,,,,,,,
EWK-106654081E,2018,2018-01-02,19,POWIAT PŁOCK,PŁOCK - OBSZAR MIEJSKI,Inna,I2,Jednojezdniowa dwukierunkowa,,Obszar zabudowany,19.7550833333333,52.5448333333333,Jezdnia,Opady deszczu,Noc - droga oświetlona,Najechanie na pieszego,1,0,1,Ciężko,N,,,,,,,,,,
EWK-106654081E,2018,2018-01-02,19,POWIAT PŁOCK,PŁOCK - OBSZAR MIEJSKI,Inna,I2,Jednojezdniowa dwukierunkowa,,Obszar zabudowany,19.7550833333333,52.5448333333333,Jezdnia,Opady deszczu,Noc - droga oświetlona,Najechanie na pieszego,1,0,0,Nieokreślone (puste pole),N,,,,,,,,,,
EWK-106708514N,2018,2018-02-01,18,POWIAT GRÓJECKI,JASIENIEC - OBSZAR WIEJSKI,Droga powiatowa,P1662W,Jednojezdniowa dwukierunkowa,Odcinek prosty,Obszar zabudowany,20.9406944444444,51.8198333333333,Jezdnia,Opady deszczu,Noc - droga oświetlona,Najechanie na pieszego,1,0,1,Ciężko,N,,,,,,,,,,
EWK-106708514N,2018,2018-02-01,18,POWIAT GRÓJECKI,JASIENIEC - OBSZAR WIEJSKI,Droga powiatowa,P1662W,Jednojezdniowa dwukierunkowa,Odcinek prosty,Obszar zabudowany,20.9406944444444,51.8198333333333,Jezdnia,Opady deszczu,Noc - droga oświetlona,Najechanie na pieszego,1,0,0,Nieokreślone (puste pole),N,,,,,,,,,,
EWK-107306621N,2018,2018-09-23,21,POWIAT GRÓJECKI,BELSK DUŻY - OBSZAR WIEJSKI,Droga wojewódzka,725,Jednojezdniowa dwukierunkowa,Odcinek prosty,Obszar niezabudowany,20.7578333333333,51.8143055555556,Jezdnia,Opady deszczu,Noc - droga oświetlona,Najechanie na pieszego,1,0,1,Ciężko,N,,,,,,,,,,
EWK-107306621N,2018,2018-09-23,21,POWIAT GRÓJECKI,BELSK DUŻY - OBSZAR WIEJSKI,Droga wojewódzka,725,Jednojezdniowa dwukierunkowa,Odcinek prosty,Obszar niezabudowany,20.7578333333333,51.8143055555556,Jezdnia,Opady deszczu,Noc - droga oświetlona,Najechanie na pieszego,1,0,0,Nieokreślone (puste pole),N,,,,,,,,,,
EWK-107306648N,2018,2018-09-23,20,POWIAT PUŁTUSKI,PUŁTUSK - OBSZAR WIEJSKI,Droga krajowa,57,Jednojezdniowa dwukierunkowa,Odcinek prosty,Obszar zabudowany,21.076,52.7485833333333,Jezdnia,Opady deszczu,Noc - droga oświetlona,Najechanie na pieszego,1,1,0,Nieokreślone (puste pole),T,,,,,,,,,,
EWK-107410094N,2018,2018-10-29,5,POWIAT WYSZKOWSKI,RZĄŚNIK - OBSZAR WIEJSKI,Droga powiatowa,P4407W,Jednojezdniowa dwukierunkowa,Odcinek prosty,Obszar zabudowany,21.3698055555556,52.7127777777778,Jezdnia,Opady deszczu,Noc - droga oświetlona,Najechanie na pieszego,1,0,1,Lekko,T,,,,,,,,,,
EWK-107410094N,2018,2018-10-29,5,POWIAT WYSZKOWSKI,RZĄŚNIK - OBSZAR WIEJSKI,Droga powiatowa,P4407W,Jednojezdniowa dwukierunkowa,Odcinek prosty,Obszar zabudowany,21.3698055555556,52.7127777777778,Jezdnia,Opady deszczu,Noc - droga oświetlona,Najechanie na pieszego,1,0,0,Nieokreślone (puste pole),T,,,,,,,,,,
EWK-107441744G,2018,2018-11-14,18,POWIAT PRZASNYSKI,PRZASNYSZ - OBSZAR MIEJSKI,Droga krajowa,57,Jednojezdniowa dwukierunkowa,Odcinek prosty,Obszar zabudowany,20.8803055555556,53.0215,Jezdnia,Opady deszczu,Noc - droga oświetlona,Najechanie na pieszego,1,0,1,Ciężko,N,,,,,,,,,,
EWK-107441744G,2018,2018-11-14,18,POWIAT PRZASNYSKI,PRZASNYSZ - OBSZAR MIEJSKI,Droga krajowa,57,Jednojezdniowa dwukierunkowa,Odcinek prosty,Obszar zabudowany,20.8803055555556,53.0215,Jezdnia,Opady deszczu,Noc - droga oświetlona,Najechanie na pieszego,1,0,0,Nieokreślone (puste pole),N,,,,,,,,,,
EWK-107487509K,2018,2018-12-09,17,POWIAT RADOM,RADOM - OBSZAR MIEJSKI,Droga gminna,G530034W,Jednojezdniowa dwukierunkowa,Odcinek prosty,Obszar zabudowany,21.1588333333333,51.3953611111111,Jezdnia,Opady deszczu,Noc - droga oświetlona,Najechanie na pieszego,1,0,1,Ciężko,N,,,,,,,,,,
EWK-107487509K,2018,2018-12-09,17,POWIAT RADOM,RADOM - OBSZAR MIEJSKI,Droga gminna,G530034W,Jednojezdniowa dwukierunkowa,Odcinek prosty,Obszar zabudowany,21.1588333333333,51.3953611111111,Jezdnia,Opady deszczu,Noc - droga oświetlona,Najechanie na pieszego,1,0,0,Nieokreślone (puste pole),N,,,,,,,,,,
EWK-107496008U,2018,2018-12-12,17,POWIAT KOZIENICKI,GRABÓW NAD PILICĄ - OBSZAR WIEJSKI,Droga powiatowa,P1702W,Jednojezdniowa dwukierunkowa,Odcinek prosty,Obszar zabudowany,21.2220555555556,51.7567777777778,Jezdnia,Opady deszczu,Noc - droga oświetlona,Najechanie na pieszego,1,1,0,Nieokreślone (puste pole),T,,,,,,,,,,
EWK-107504493D,2018,2018-12-04,16,POWIAT RADOMSKI,IŁŻA - OBSZAR WIEJSKI,Droga powiatowa,P3545W,Jednojezdniowa dwukierunkowa,Odcinek prosty,Obszar zabudowany,21.2268611111111,51.1970833333333,Jezdnia,Opady deszczu,Noc - droga oświetlona,Najechanie na pieszego,1,0,1,Ciężko,T,,,,,,,,,,
EWK-107504493D,2018,2018-12-04,16,POWIAT RADOMSKI,IŁŻA - OBSZAR WIEJSKI,Droga powiatowa,P3545W,Jednojezdniowa dwukierunkowa,Odcinek prosty,Obszar zabudowany,21.2268611111111,51.1970833333333,Jezdnia,Opady deszczu,Noc - droga oświetlona,Najechanie na pieszego,1,0,0,Nieokreślone (puste pole),T,,,,,,,,,,
EWK-107527276R,2018,2018-12-23,18,POWIAT KOZIENICKI,KOZIENICE - OBSZAR MIEJSKI,Droga gminna,G170594W,Jednojezdniowa dwukierunkowa,Odcinek prosty,Obszar zabudowany,21.5450833333333,51.5879444444444,Jezdnia,Opady deszczu,Noc - droga oświetlona,Najechanie na pieszego,1,0,1,Lekko,T,,,,,,,,,,
EWK-107527276R,2018,2018-12-23,18,POWIAT KOZIENICKI,KOZIENICE - OBSZAR MIEJSKI,Droga gminna,G170594W,Jednojezdniowa dwukierunkowa,Odcinek prosty,Obszar zabudowany,21.5450833333333,51.5879444444444,Jezdnia,Opady deszczu,Noc - droga oświetlona,Najechanie na pieszego,1,0,0,Nieokreślone (puste pole),T,,,,,,,,,,
EWK-107527477H,2018,2018-12-23,16,POWIAT ZWOLEŃSKI,KAZANÓW - OBSZAR WIEJSKI,Droga powiatowa,P3536W,Jednojezdniowa dwukierunkowa,Odcinek prosty,Obszar zabudowany,21.3576944444444,51.2779444444444,Jezdnia,Opady deszczu,Noc - droga oświetlona,Najechanie na pieszego,1,0,1,Lekko,N,,,,,,,,,,
EWK-107527477H,2018,2018-12-23,16,POWIAT ZWOLEŃSKI,KAZANÓW - OBSZAR WIEJSKI,Droga powiatowa,P3536W,Jednojezdniowa dwukierunkowa,Odcinek prosty,Obszar zabudowany,21.3576944444444,51.2779444444444,Jezdnia,Opady deszczu,Noc - droga oświetlona,Najechanie na pieszego,1,0,0,Nieokreślone (puste pole),N,,,,,,,,,,