IDKSIP,year,date,hour,district,district_commune,road_category,road_number,type_of_road,road_geometry,area,Longitude,Latitude,char_place_of_the_event,weather_conditions,lighting,type_of_accident,num_of_accidents,num_of_fatalities,num_of_injured,type_of_injury,is_offender_intoxicated,,,,,,,,,,
EWK-107537444R,2018,2018-12-27,21,POWIAT WYSZKOWSKI,BRAŃSZCZYK - OBSZAR WIEJSKI,Droga powiatowa,4403W,Jednojezdniowa dwukierunkowa,Odcinek prosty,Obszar zabudowany,21.6074722222222,52.7091388888889,Jezdnia,Opady deszczu,Noc - droga oświetlona,Najechanie na pieszego,1,0,1,Ciężko,T,,,,,,,,,,
EWK-107537444R,2018,2018-12-27,21,POWIAT WYSZKOWSKI,BRAŃSZCZYK - OBSZAR WIEJSKI,Droga powiatowa,4403W,Jednojezdniowa dwukierunkowa,Odcinek prosty,Obszar zabudowany,21.6074722222222,52.7091388888889,Jezdnia,Opady deszczu,Noc - droga oświetlona,Najechanie na pieszego,1,0,0,Nieokreślone (puste pole),T,,,,,,,,,,
EWK-106708573A,2018,2018-02-01,18,POWIAT RADOM,RADOM - OBSZAR MIEJSKI,Droga krajowa,7,Dwie jezdnie jednokierunkowe,Odcinek prosty,Obszar zabudowany,21.1512222222222,51.41625,Przejście dla pieszych,Opady deszczu,Noc - droga oświetlona,Najechanie na pieszego,1,0,1,Ciężko,N,,,,,,,,,,
EWK-106708573A,2018,2018-02-01,18,POWIAT RADOM,RADOM - OBSZAR MIEJSKI,Droga krajowa,7,Dwie jezdnie jednokierunkowe,Odcinek prosty,Obszar zabudowany,21.1512222222222,51.41625,Przejście dla pieszych,Opady deszczu,Noc - droga oświetlona,Najechanie na pieszego,1,0,0,Nieokreślone (puste pole),N,,,,,,,,,,
EWK-106783236H,2018,2018-03-07,19,POWIAT RADOM,RADOM - OBSZAR MIEJSKI,Droga powiatowa,P5339W,Jednojezdniowa dwukierunkowa,Odcinek prosty,Obszar zabudowany,21.1528333333333,51.4311666666667,Przejście dla pieszych,Opady deszczu,Noc - droga oświetlona,Najechanie na pieszego,1,0,1,Lekko,N,,,,,,,,,,
EWK-106783236H,2018,2018-03-07,19,POWIAT RADOM,RADOM - OBSZAR MIEJSKI,Droga powiatowa,P5339W,Jednojezdniowa dwukierunkowa,Odcinek prosty,Obszar zabudowany,21.1528333333333,51.4311666666667,Przejście dla pieszych,Opady deszczu,Noc - droga oświetlona,Najechanie na pieszego,1,0,0,Nieokreślone (puste pole),N,,,,,,,,,,
EWK-106890512Y,2018,2018-04-13,19,POWIAT ŻYRARDOWSKI,ŻYRARDÓW - OBSZAR MIEJSKI,Droga wojewódzka,719,Jednojezdniowa dwukierunkowa,Odcinek prosty,Obszar zabudowany,20.4493055555556,52.04975,Przejście dla pieszych,Opady deszczu,Noc - droga oświetlona,Najechanie na pieszego,1,0,1,Lekko,T,,,,,,,,,,
EWK-106890512Y,2018,2018-04-13,19,POWIAT ŻYRARDOWSKI,ŻYRARDÓW - OBSZAR MIEJSKI,Droga wojewódzka,719,Jednojezdniowa dwukierunkowa,Odcinek prosty,Obszar zabudowany,20.4493055555556,52.04975,Przejście dla pieszych,Opady deszczu,Noc - droga oświetlona,Najechanie na pieszego,1,0,0,Nieokreślone (puste pole),T,,,,,,,,,,
EWK-107403055Y,2018,2018-10-25,18,POWIAT WĘGROWSKI,WĘGRÓW - OBSZAR MIEJSKI,Droga gminna,G420872W,Jednojezdniowa dwukierunkowa,"Zakręt, łuk",Obszar zabudowany,22.0238611111111,52.3988888888889,Przejście dla pieszych,Opady deszczu,Noc - droga oświetlona,Najechanie na pieszego,1,0,2,Ciężko,N,,,,,,,,,,
EWK-107403055Y,2018,2018-10-25,18,POWIAT WĘGROWSKI,WĘGRÓW - OBSZAR MIEJSKI,Droga gminna,G420872W,Jednojezdniowa dwukierunkowa,"Zakręt, łuk",Obszar zabudowany,22.0238611111111,52.3988888888889,Przejście dla pieszych,Opady deszczu,Noc - droga oświetlona,Najechanie na pieszego,1,0,0,Nieokreślone (puste pole),N,,,,,,,,,,
EWK-107409841G,2018,2018-10-28,18,POWIAT SIEDLCE,SIEDLCE - OBSZAR MIEJSKI,Droga gminna,GMINNA,Jednokierunkowa,,Obszar zabudowany,22.2729722222222,52.1652777777778,Przejście dla pieszych,Opady deszczu,Noc - droga oświetlona,Najechanie na pieszego,1,0,1,Lekko,N,,,,,,,,,,
EWK-107409841G,2018,2018-10-28,18,POWIAT SIEDLCE,SIEDLCE - OBSZAR MIEJSKI,Droga gminna,GMINNA,Jednokierunkowa,,Obszar zabudowany,22.2729722222222,52.1652777777778,Przejście dla pieszych,Opady deszczu,Noc - droga oświetlona,Najechanie na pieszego,1,0,0,Nieokreślone (puste pole),N,,,,,,,,,,
EWK-107422238Y,2018,2018-11-03,22,POWIAT SZYDŁOWIECKI,SZYDŁOWIEC - OBSZAR MIEJSKI,Droga gminna,G400539W,Jednojezdniowa dwukierunkowa,Odcinek prosty,Obszar zabudowany,20.8612222222222,51.2278888888889,Przejście dla pieszych,Opady deszczu,Noc - droga oświetlona,Najechanie na pieszego,1,0,1,Lekko,T,,,,,,,,,,
EWK-107422238Y,2018,2018-11-03,22,POWIAT SZYDŁOWIECKI,SZYDŁOWIEC - OBSZAR MIEJSKI,Droga gminna,G400539W,Jednojezdniowa dwukierunkowa,Odcinek prosty,Obszar zabudowany,20.8612222222222,51.2278888888889,Przejście dla pieszych,Opady deszczu,Noc - droga oświetlona,Najechanie na pieszego,1,0,0,Nieokreślone (puste pole),T,,,,,,,,,,
EWK-107448053R,2018,2018-11-18,17,POWIAT OSTROŁĘKA,OSTROŁĘKA - OBSZAR MIEJSKI,Droga gminna,G510089W,Jednojezdniowa dwukierunkowa,,Obszar zabudowany,21.5802222222222,53.082,Przejście dla pieszych,Opady deszczu,Noc - droga oświetlona,Najechanie na pieszego,1,0,1,Lekko,N,,,,,,,,,,
EWK-107448053R,2018,2018-11-18,17,POWIAT OSTROŁĘKA,OSTROŁĘKA - OBSZAR MIEJSKI,Droga gminna,G510089W,Jednojezdniowa dwukierunkowa,,Obszar zabudowany,21.5802222222222,53.082,Przejście dla pieszych,Opady deszczu,Noc - droga oświetlona,Najechanie na pieszego,1,0,0,Nieokreślone (puste pole),N,,,,,,,,,,
EWK-107474310J,2018,2018-12-03,5,POWIAT KOZIENICKI,KOZIENICE - OBSZAR MIEJSKI,Droga krajowa,79,Jednojezdniowa dwukierunkowa,,Obszar zabudowany,21.5607777777778,51.5939444444444,Przejście dla pieszych,Opady deszczu,Noc - droga oświetlona,Najechanie na pieszego,1,0,1,Lekko,N,,,,,,,,,,
EWK-107474310J,2018,2018-12-03,5,POWIAT KOZIENICKI,KOZIENICE - OBSZAR MIEJSKI,Droga krajowa,79,Jednojezdniowa dwukierunkowa,,Obszar zabudowany,21.5607777777778,51.5939444444444,Przejście dla pieszych,Opady deszczu,Noc - droga oświetlona,Najechanie na pieszego,1,0,0,Nieokreślone (puste pole),N,,,,,,,,,,
EWK-107488436R,2018,2018-12-08,6,POWIAT ŁOSICKI,OLSZANKA - OBSZAR WIEJSKI,Droga krajowa,19,Jednojezdniowa dwukierunkowa,Odcinek prosty,Obszar zabudowany,22.7470555555556,52.148,Przejście dla pieszych,Opady deszczu,Noc - droga oświetlona,Najechanie na pieszego,1,1,0,Nieokreślone (puste pole),N,,,,,,,,,,
EWK-107524746G,2018,2018-12-22,18,POWIAT RADOMSKI,PIONKI - OBSZAR MIEJSKI,Droga wojewódzka,787,Jednojezdniowa dwukierunkowa,Odcinek prosty,Obszar zabudowany,21.4468611111111,51.4761666666667,Przejście dla pieszych,Opady deszczu,Noc - droga oświetlona,Najechanie na pieszego,1,0,1,Ciężko,N,,,,,,,,,,
EWK-107524746G,2018,2018-12-22,18,POWIAT RADOMSKI,PIONKI - OBSZAR MIEJSKI,Droga wojewódzka,787,Jednojezdniowa dwukierunkowa,Odcinek prosty,Obszar zabudowany,21.4468611111111,51.4761666666667,Przejście dla pieszych,Opady deszczu,Noc - droga oświetlona,Najechanie na pieszego,1,0,0,Nieokreślone (puste pole),N,,,,,,,,,,
EWK-107525015A,2018,2018-12-22,17,POWIAT SIEDLCE,SIEDLCE - OBSZAR MIEJSKI,Droga powiatowa,P,Jednojezdniowa dwukierunkowa,Spadek,Obszar zabudowany,22.2577222222222,52.1721944444444,Przejście dla pieszych,Opady deszczu,Noc - droga oświetlona,Najechanie na pieszego,1,0,1,Lekko,N,,,,,,,,,,
EWK-107525015A,2018,2018-12-22,17,POWIAT SIEDLCE,SIEDLCE - OBSZAR MIEJSKI,Droga powiatowa,P,Jednojezdniowa dwukierunkowa,Spadek,Obszar zabudowany,22.2577222222222,52.1721944444444,Przejście dla pieszych,Opady deszczu,Noc - droga oświetlona,Najechanie na pieszego,1,0,0,Nieokreślone (puste pole),N,,,,,,,,,,
EWK-107529877Y,2018,2018-12-25,20,POWIAT KOZIENICKI,KOZIENICE - OBSZAR MIEJSKI,Droga krajowa,79,Jednojezdniowa dwukierunkowa,,Obszar zabudowany,21.5456944444444,51.5889444444444,Przejście dla pieszych,Opady deszczu,Noc - droga oświetlona,Najechanie na pieszego,1,0,1,Ciężko,N,,,,,,,,,,
EWK-107529877Y,2018,2018-12-25,20,POWIAT KOZIENICKI,KOZIENICE - OBSZAR MIEJSKI,Droga krajowa,79,Jednojezdniowa dwukierunkowa,,Obszar zabudowany,21.5456944444444,51.5889444444444,Przejście dla pieszych,Opady deszczu,Noc - droga oświetlona,Najechanie na pieszego,1,0,0,Nieokreślone (puste pole),N,,,,,,,,,,
EWK-107537358D,2018,2018-12-27,17,POWIAT RADOM,RADOM - OBSZAR MIEJSKI,Droga gminna,G530144W,Jednojezdniowa dwukierunkowa,Odcinek prosty,Obszar zabudowany,21.1626388888889,51.4145,Przejście dla pieszych,Opady deszczu,Noc - droga oświetlona,Najechanie na pieszego,1,0,1,Lekko,N,,,,,,,,,,
EWK-107537358D,2018,2018-12-27,17,POWIAT RADOM,RADOM - OBSZAR MIEJSKI,Droga gminna,G530144W,Jednojezdniowa dwukierunkowa,Odcinek prosty,Obszar zabudowany,21.1626388888889,51.4145,Przejście dla pieszych,Opady deszczu,Noc - droga oświetlona,Najechanie na pieszego,1,0,0,Nieokreślone (puste pole),N,,,,,,,,,,
EWK-107542063F,2018,2018-12-28,19,POWIAT SIEDLCE,SIEDLCE - OBSZAR MIEJSKI,Droga gminna,GMINNA,Jednojezdniowa dwukierunkowa,Odcinek prosty,Obszar zabudowany,22.2765555555556,52.1725277777778,Przejście dla pieszych,Opady deszczu,Noc - droga oświetlona,Najechanie na pieszego,1,0,1,Lekko,N,,,,,,,,,,
EWK-107542063F,2018,2018-12-28,19,POWIAT SIEDLCE,SIEDLCE - OBSZAR MIEJSKI,Droga gminna,GMINNA,Jednojezdniowa dwukierunkowa,Odcinek prosty,Obszar zabudowany,22.2765555555556,52.1725277777778,Przejście dla pieszych,Opady deszczu,Noc - droga oświetlona,Najechanie na pieszego,1,0,0,Nieokreślone (puste pole),N,,,,,,,,,,
EWK-107546658T,2018,2018-12-30,16,N,POWIAT RADOM, Wzniesienie,G530023W,Droga gminna,Odcinek prosty,Obszar zabudowany,21.1284722222222,51.3728611111111,Przejście dla pieszych,Opady deszczu,Noc - droga oświetlona,Najechanie na pieszego,1,0,1,Lekko,Dwie jezdnie jednokierunkowe,,,,,,,,,,
EWK-107546658T,2018,2018-12-30,16,N,POWIAT RADOM, Wzniesienie,G530023W,Droga gminna,Odcinek prosty,Obszar zabudowany,21.1284722222222,51.3728611111111,Przejście dla pieszych,Opady deszczu,Noc - droga oświetlona,Najechanie na pieszego,1,0,0,Nieokreślone (puste pole),Dwie jezdnie jednokierunkowe,,,,,,,,,,
EWK-106951690D,2018,2018-05-17,9,POWIAT OSTROWSKI,ZARĘBY KOŚCIELNE - OBSZAR WIEJSKI,Droga powiatowa,P2615W,Jednojezdniowa dwukierunkowa,Odcinek prosty,Obszar niezabudowany,22.1535277777778,52.7110833333333,Jezdnia,Opady deszczu,Światło dzienne,Najechanie na pieszego,1,0,1,Lekko,N,,,,,,,,,,
EWK-106951690D,2018,2018-05-17,9,POWIAT OSTROWSKI,ZARĘBY KOŚCIELNE - OBSZAR WIEJSKI,Droga powiatowa,P2615W,Jednojezdniowa dwukierunkowa,Odcinek prosty,Obszar niezabudowany,22.1535277777778,52.7110833333333,Jezdnia,Opady deszczu,Światło dzienne,Najechanie na pieszego,1,0,0,Nieokreślone (puste pole),N,,,,,,,,,,
EWK-107535619U,2018,2018-12-27,10,POWIAT BIAŁOBRZESKI,WYŚMIERZYCE - OBSZAR WIEJSKI,Droga powiatowa,P1109W,Jednojezdniowa dwukierunkowa,"Zakręt, łuk",Obszar zabudowany,20.7298055555556,51.553,Pobocze,Opady deszczu,Światło dzienne,Najechanie na pieszego,1,0,1,Lekko,N,,,,,,,,,,
EWK-107535619U,2018,2018-12-27,10,POWIAT BIAŁOBRZESKI,WYŚMIERZYCE - OBSZAR WIEJSKI,Droga powiatowa,P1109W,Jednojezdniowa dwukierunkowa,"Zakręt, łuk",Obszar zabudowany,20.7298055555556,51.553,Pobocze,Opady deszczu,Światło dzienne,Najechanie na pieszego,1,0,0,Nieokreślone (puste pole),N,,,,,,,,,,
EWK-106703197P,2018,2018-01-29,14,POWIAT SIEDLECKI,SIEDLCE - OBSZAR WIEJSKI,Droga krajowa,2,Jednojezdniowa dwukierunkowa,Odcinek prosty,Obszar zabudowany,22.1896666666667,52.1757777777778,Przejście dla pieszych,Opady deszczu,Światło dzienne,Najechanie na pieszego,1,0,1,Lekko,N,,,,,,,,,,
EWK-106703197P,2018,2018-01-29,14,POWIAT SIEDLECKI,SIEDLCE - OBSZAR WIEJSKI,Droga krajowa,2,Jednojezdniowa dwukierunkowa,Odcinek prosty,Obszar zabudowany,22.1896666666667,52.1757777777778,Przejście dla pieszych,Opady deszczu,Światło dzienne,Najechanie na pieszego,1,0,0,Nieokreślone (puste pole),N,,,,,,,,,,
EWK-106763743U,2018,2018-02-15,8,POWIAT GRÓJECKI,WARKA - OBSZAR MIEJSKI,Droga gminna,G161094W,Jednojezdniowa dwukierunkowa,Odcinek prosty,Obszar zabudowany,21.1908888888889,51.7904166666667,Przejście dla pieszych,Opady deszczu,Światło dzienne,Najechanie na pieszego,1,0,1,Lekko,N,,,,,,,,,,
EWK-106763743U,2018,2018-02-15,8,POWIAT GRÓJECKI,WARKA - OBSZAR MIEJSKI,Droga gminna,G161094W,Jednojezdniowa dwukierunkowa,Odcinek prosty,Obszar zabudowany,21.1908888888889,51.7904166666667,Przejście dla pieszych,Opady deszczu,Światło dzienne,Najechanie na pieszego,1,0,0,Nieokreślone (puste pole),N,,,,,,,,,,
EWK-107055479U,2018,2018-06-24,11,POWIAT PUŁTUSKI,PUŁTUSK - OBSZAR MIEJSKI,Droga krajowa,61,Jednojezdniowa dwukierunkowa,Odcinek prosty,Obszar zabudowany,21.1083055555556,52.721,Przejście dla pieszych,Opady deszczu,Światło dzienne,Najechanie na pieszego,1,0,1,Lekko,N,,,,,,,,,,
EWK-107055479U,2018,2018-06-24,11,POWIAT PUŁTUSKI,PUŁTUSK - OBSZAR MIEJSKI,Droga krajowa,61,Jednojezdniowa dwukierunkowa,Odcinek prosty,Obszar zabudowany,21.1083055555556,52.721,Przejście dla pieszych,Opady deszczu,Światło dzienne,Najechanie na pieszego,1,0,0,Nieokreślone (puste pole),N,,,,,,,,,,
EWK-107410834H,2018,2018-10-25,9,POWIAT RADOM,RADOM - OBSZAR MIEJSKI,Droga powiatowa,P5321W,Jednokierunkowa,,Obszar zabudowany,21.1541666666667,51.3916111111111,Przejście dla pieszych,Opady deszczu,Światło dzienne,Najechanie na pieszego,1,0,1,Lekko,N,,,,,,,,,,
EWK-107410834H,2018,2018-10-25,9,POWIAT RADOM,RADOM - OBSZAR MIEJSKI,Droga powiatowa,P5321W,Jednokierunkowa,,Obszar zabudowany,21.1541666666667,51.3916111111111,Przejście dla pieszych,Opady deszczu,Światło dzienne,Najechanie na pieszego,1,0,0,Nieokreślone (puste pole),N,,,,,,,,,,
EWK-107411996F,2018,2018-10-29,7,POWIAT PŁOCK,PŁOCK - OBSZAR MIEJSKI,Droga wojewódzka,575,Jednojezdniowa dwukierunkowa,Odcinek prosty,Obszar zabudowany,19.6817222222222,52.5255,Przejście dla pieszych,Opady deszczu,Światło dzienne,Najechanie na pieszego,1,0,1,Lekko,N,,,,,,,,,,
EWK-107411996F,2018,2018-10-29,7,POWIAT PŁOCK,PŁOCK - OBSZAR MIEJSKI,Droga wojewódzka,575,Jednojezdniowa dwukierunkowa,Odcinek prosty,Obszar zabudowany,19.6817222222222,52.5255,Przejście dla pieszych,Opady deszczu,Światło dzienne,Najechanie na pieszego,1,0,0,Nieokreślone (puste pole),N,,,,,,,,,,
EWK-107424838H,2018,2018-11-04,13,POWIAT SIEDLECKI,SUCHOŻEBRY - OBSZAR WIEJSKI,Nieokreślone (puste pole),,Jednojezdniowa dwukierunkowa,Odcinek prosty,Obszar zabudowany,22.2534166666667,52.25975,Przejście dla pieszych,Opady deszczu,Światło dzienne,Najechanie na pieszego,1,0,1,Lekko,N,,,,,,,,,,
EWK-107424838H,2018,2018-11-04,13,POWIAT SIEDLECKI,SUCHOŻEBRY - OBSZAR WIEJSKI,Nieokreślone (puste pole),,Jednojezdniowa dwukierunkowa,Odcinek prosty,Obszar zabudowany,22.2534166666667,52.25975,Przejście dla pieszych,Opady deszczu,Światło dzienne,Najechanie na pieszego,1,0,0,Nieokreślone (puste pole),N,,,,,,,,,,
EWK-107570966L,2018,2018-12-24,11,POWIAT RADOMSKI,IŁŻA - OBSZAR MIEJSKI,Nieokreślone (puste pole),,Jednojezdniowa dwukierunkowa,Odcinek prosty,Obszar zabudowany,21.2376111111111,51.1635555555556,Przejście dla pieszych,Opady deszczu,Światło dzienne,Najechanie na pieszego,1,0,1,Lekko,N,,,,,,,,,,
EWK-107570966L,2018,2018-12-24,11,POWIAT RADOMSKI,IŁŻA - OBSZAR MIEJSKI,Nieokreślone (puste pole),,Jednojezdniowa dwukierunkowa,Odcinek prosty,Obszar zabudowany,21.2376111111111,51.1635555555556,Przejście dla pieszych,Opady deszczu,Światło dzienne,Najechanie na pieszego,1,0,0,Nieokreślone (puste pole),N,,,,,,,,,,
EWK-107306583W,2018,2018-09-23,18,POWIAT ZWOLEŃSKI,ZWOLEŃ - OBSZAR WIEJSKI,Droga powiatowa,P4507W,Jednojezdniowa dwukierunkowa,Odcinek prosty,Obszar zabudowany,21.5780833333333,51.3931944444444,Jezdnia,Opady deszczu,"Świt, zmrok",Najechanie na pieszego,1,0,1,Lekko,T,,,,,,,,,,
EWK-107306583W,2018,2018-09-23,18,POWIAT ZWOLEŃSKI,ZWOLEŃ - OBSZAR WIEJSKI,Droga powiatowa,P4507W,Jednojezdniowa dwukierunkowa,Odcinek prosty,Obszar zabudowany,21.5780833333333,51.3931944444444,Jezdnia,Opady deszczu,"Świt, zmrok",Najechanie na pieszego,1,0,0,Nieokreślone (puste pole),T,,,,,,,,,,
EWK-107439974A,2018,2018-11-13,16,POWIAT MŁAWSKI,RADZANÓW - OBSZAR WIEJSKI,Droga powiatowa,P3014W,Jednojezdniowa dwukierunkowa,Odcinek prosty,Obszar zabudowany,20.0939166666667,52.9386111111111,Jezdnia,Opady deszczu,"Świt, zmrok",Najechanie na pieszego,1,1,0,Nieokreślone (puste pole),T,,,,,,,,,,
EWK-107542377L,2018,2018-12-28,16,POWIAT LIPSKI,LIPSKO - OBSZAR MIEJSKI,Droga powiatowa,P1916W,Jednojezdniowa dwukierunkowa,Odcinek prosty,Obszar niezabudowany,21.6581388888889,51.1715277777778,Jezdnia,Opady deszczu,"Świt, zmrok",Najechanie na pieszego,1,0,1,Ciężko,N,,,,,,,,,,
EWK-107542377L,2018,2018-12-28,16,POWIAT LIPSKI,LIPSKO - OBSZAR MIEJSKI,Droga powiatowa,P1916W,Jednojezdniowa dwukierunkowa,Odcinek prosty,Obszar niezabudowany,21.6581388888889,51.1715277777778,Jezdnia,Opady deszczu,"Świt, zmrok",Najechanie na pieszego,1,0,0,Nieokreślone (puste pole),N,,,,,,,,,,
EWK-106780267E,2018,2018-03-06,20,POWIAT SIERPECKI,SIERPC - OBSZAR MIEJSKI,Droga wojewódzka,560,Jednojezdniowa dwukierunkowa,Odcinek prosty,Obszar zabudowany,19.6709166666667,52.8465833333333,Przejście dla pieszych,Opady deszczu,"Świt, zmrok",Najechanie na pieszego,1,0,1,Lekko,N,,,,,,,,,,
EWK-106780267E,2018,2018-03-06,20,POWIAT SIERPECKI,SIERPC - OBSZAR MIEJSKI,Droga wojewódzka,560,Jednojezdniowa dwukierunkowa,Odcinek prosty,Obszar zabudowany,19.6709166666667,52.8465833333333,Przejście dla pieszych,Opady deszczu,"Świt, zmrok",Najechanie na pieszego,1,0,0,Nieokreślone (puste pole),N,,,,,,,,,,
EWK-107399030M,2018,2018-10-23,17,POWIAT SIERPECKI,SIERPC - OBSZAR MIEJSKI,Droga wojewódzka,541,Jednojezdniowa dwukierunkowa,"Zakręt, łuk",Obszar zabudowany,19.6759444444444,52.85775,Przejście dla pieszych,Opady deszczu,"Świt, zmrok",Najechanie na pieszego,1,0,1,Ciężko,N,,,,,,,,,,
EWK-107399030M,2018,2018-10-23,17,POWIAT SIERPECKI,SIERPC - OBSZAR MIEJSKI,Droga wojewódzka,541,Jednojezdniowa dwukierunkowa,"Zakręt, łuk",Obszar zabudowany,19.6759444444444,52.85775,Przejście dla pieszych,Opady deszczu,"Świt, zmrok",Najechanie na pieszego,1,0,0,Nieokreślone (puste pole),N,,,,,,,,,,
EWK-107527280F,2018,2018-12-23,15,POWIAT RADOM,RADOM - OBSZAR MIEJSKI,Droga krajowa,7,Dwie jezdnie jednokierunkowe,Odcinek prosty,Obszar zabudowany,21.1365,51.4234444444444,Przejście dla pieszych,Opady deszczu,"Świt, zmrok",Najechanie na pieszego,1,0,1,Ciężko,N,,,,,,,,,,
EWK-107527280F,2018,2018-12-23,15,POWIAT RADOM,RADOM - OBSZAR MIEJSKI,Droga krajowa,7,Dwie jezdnie jednokierunkowe,Odcinek prosty,Obszar zabudowany,21.1365,51.4234444444444,Przejście dla pieszych,Opady deszczu,"Świt, zmrok",Najechanie na pieszego,1,0,0,Nieokreślone (puste pole),N,,,,,,,,,,
EWK-106740923G,2018,2018-02-17,2,POWIAT MŁAWSKI,WIECZFNIA KOŚCIELNA - OBSZAR WIEJSKI,Droga krajowa,7,Jednojezdniowa dwukierunkowa,,Obszar zabudowany,20.4305555555556,53.1870555555556,Jezdnia,"Opady śniegu, gradu",Noc - droga nieoświetlona,Najechanie na pieszego,1,1,0,Nieokreślone (puste pole),N,,,,,,,,,,
EWK-106670097X,2018,2018-01-11,17,POWIAT PŁOCKI,RADZANOWO - OBSZAR WIEJSKI,Droga powiatowa,P2935W,Jednojezdniowa dwukierunkowa,Odcinek prosty,Obszar niezabudowany,19.8546111111111,52.5761388888889,"Wjazd, wyjazd z posesji, pola","Opady śniegu, gradu",Noc - droga nieoświetlona,Najechanie na pieszego,1,0,1,Ciężko,N,,,,,,,,,,
EWK-106670097X,2018,2018-01-11,17,POWIAT PŁOCKI,RADZANOWO - OBSZAR WIEJSKI,Droga powiatowa,P2935W,Jednojezdniowa dwukierunkowa,Odcinek prosty,Obszar niezabudowany,19.8546111111111,52.5761388888889,"Wjazd, wyjazd z posesji, pola","Opady śniegu, gradu",Noc - droga nieoświetlona,Najechanie na pieszego,1,0,0,Nieokreślone (puste pole),N,,,,,,,,,,
EWK-107518542U,2018,2018-12-20,20,POWIAT GRÓJECKI,GRÓJEC - OBSZAR MIEJSKI,Nieokreślone (puste pole),,Jednojezdniowa dwukierunkowa,Odcinek prosty,Obszar zabudowany,20.8703888888889,51.8601388888889,Przejście dla pieszych,"Opady śniegu, gradu",Noc - droga oświetlona,Najechanie na pieszego,1,0,1,Ciężko,N,,,,,,,,,,
EWK-107518542U,2018,2018-12-20,20,POWIAT GRÓJECKI,GRÓJEC - OBSZAR MIEJSKI,Nieokreślone (puste pole),,Jednojezdniowa dwukierunkowa,Odcinek prosty,Obszar zabudowany,20.8703888888889,51.8601388888889,Przejście dla pieszych,"Opady śniegu, gradu",Noc - droga oświetlona,Najechanie na pieszego,1,0,0,Nieokreślone (puste pole),N,,,,,,,,,,
EWK-106737231G,2018,2018-02-15,10,POWIAT RADOM,RADOM - OBSZAR MIEJSKI,Droga powiatowa,P5302W,Jednojezdniowa dwukierunkowa,Odcinek prosty,Obszar zabudowany,21.14675,51.4076666666667,Przejście dla pieszych,"Opady śniegu, gradu",Światło dzienne,Najechanie na pieszego,1,1,0,Nieokreślone (puste pole),N,,,,,,,,,,
EWK-106798643L,2018,2018-03-16,13,POWIAT ŻYRARDOWSKI,ŻYRARDÓW - OBSZAR MIEJSKI,Droga gminna,GMINNA,Jednojezdniowa dwukierunkowa,Odcinek prosty,Obszar zabudowany,20.4383055555556,52.0556944444444,Przejście dla pieszych,"Opady śniegu, gradu",Światło dzienne,Najechanie na pieszego,1,0,1,Ciężko,N,,,,,,,,,,
EWK-106798643L,2018,2018-03-16,13,POWIAT ŻYRARDOWSKI,ŻYRARDÓW - OBSZAR MIEJSKI,Droga gminna,GMINNA,Jednojezdniowa dwukierunkowa,Odcinek prosty,Obszar zabudowany,20.4383055555556,52.0556944444444,Przejście dla pieszych,"Opady śniegu, gradu",Światło dzienne,Najechanie na pieszego,1,0,0,Nieokreślone (puste pole),N,,,,,,,,,,
EWK-106834857H,2018,2018-03-29,9,POWIAT SIERPECKI,SIERPC - OBSZAR MIEJSKI,Droga gminna,G370499W,Jednojezdniowa dwukierunkowa,,Obszar zabudowany,19.6703333333333,52.8493888888889,Przejście dla pieszych,"Opady śniegu, gradu",Światło dzienne,Najechanie na pieszego,1,0,1,Lekko,N,,,,,,,,,,
EWK-106834857H,2018,2018-03-29,9,POWIAT SIERPECKI,SIERPC - OBSZAR MIEJSKI,Droga gminna,G370499W,Jednojezdniowa dwukierunkowa,,Obszar zabudowany,19.6703333333333,52.8493888888889,Przejście dla pieszych,"Opady śniegu, gradu",Światło dzienne,Najechanie na pieszego,1,0,0,Nieokreślone (puste pole),N,,,,,,,,,,
EWK-106824103C,2018,2018-03-28,7,POWIAT RADOM,RADOM - OBSZAR MIEJSKI,Droga gminna,G530041W,Jednojezdniowa dwukierunkowa,Odcinek prosty,Obszar zabudowany,21.1623333333333,51.4049166666667,"Wjazd, wyjazd z posesji, pola","Opady śniegu, gradu",Światło dzienne,Najechanie na pieszego,1,0,1,Lekko,N,,,,,,,,,,
EWK-106824103C,2018,2018-03-28,7,POWIAT RADOM,RADOM - OBSZAR MIEJSKI,Droga gminna,G530041W,Jednojezdniowa dwukierunkowa,Odcinek prosty,Obszar zabudowany,21.1623333333333,51.4049166666667,"Wjazd, wyjazd z posesji, pola","Opady śniegu, gradu",Światło dzienne,Najechanie na pieszego,1,0,0,Nieokreślone (puste pole),N,,,,,,,,,,
EWK-106887891T,2018,2018-04-12,7,POWIAT RADOM,RADOM - OBSZAR MIEJSKI,Droga powiatowa,P5347W,Jednojezdniowa dwukierunkowa,Odcinek prosty,Obszar zabudowany,21.12875,51.4060555555556,Jezdnia,Oślepiające słońce,Światło dzienne,Najechanie na pieszego,1,0,1,Lekko,N,,,,,,,,,,
EWK-106887891T,2018,2018-04-12,7,POWIAT RADOM,RADOM - OBSZAR MIEJSKI,Droga powiatowa,P5347W,Jednojezdniowa dwukierunkowa,Odcinek prosty,Obszar zabudowany,21.12875,51.4060555555556,Jezdnia,Oślepiające słońce,Światło dzienne,Najechanie na pieszego,1,0,0,Nieokreślone (puste pole),N,,,,,,,,,,