IDKSIP,year,date,hour,district,district_commune,road_category,road_number,type_of_road,road_geometry,area,Longitude,Latitude,char_place_of_the_event,weather_conditions,lighting,type_of_accident,num_of_accidents,num_of_fatalities,num_of_injured,type_of_injury,is_offender_intoxicated,,,,,,,,,,
EWK-106869747P,2018,2018-03-31,10,POWIAT RADOMSKI,JEDLIŃSK - OBSZAR WIEJSKI,Droga gminna,GMINNA,Jednojezdniowa dwukierunkowa,Odcinek prosty,Obszar zabudowany,21.1245833333333,51.5137222222222,Jezdnia,Pochmurno,Światło dzienne,Najechanie na pieszego,1,0,1,Lekko,N,,,,,,,,,,
EWK-106869747P,2018,2018-03-31,10,POWIAT RADOMSKI,JEDLIŃSK - OBSZAR WIEJSKI,Droga gminna,GMINNA,Jednojezdniowa dwukierunkowa,Odcinek prosty,Obszar zabudowany,21.1245833333333,51.5137222222222,Jezdnia,Pochmurno,Światło dzienne,Najechanie na pieszego,1,0,0,Nieokreślone (puste pole),N,,,,,,,,,,
EWK-107073225T,2018,2018-06-26,8,POWIAT SIEDLCE,SIEDLCE - OBSZAR MIEJSKI,Droga powiatowa,P,Jednojezdniowa dwukierunkowa,,Obszar zabudowany,22.2928888888889,52.1611666666667,Jezdnia,Pochmurno,Światło dzienne,Najechanie na pieszego,1,0,1,Lekko,N,,,,,,,,,,
EWK-107073225T,2018,2018-06-26,8,POWIAT SIEDLCE,SIEDLCE - OBSZAR MIEJSKI,Droga powiatowa,P,Jednojezdniowa dwukierunkowa,,Obszar zabudowany,22.2928888888889,52.1611666666667,Jezdnia,Pochmurno,Światło dzienne,Najechanie na pieszego,1,0,0,Nieokreślone (puste pole),N,,,,,,,,,,
EWK-107090799H,2018,2018-07-08,20,POWIAT RADOMSKI,JEDLIŃSK - OBSZAR WIEJSKI,Droga krajowa,7,Dwie jezdnie jednokierunkowe,Odcinek prosty,Obszar niezabudowany,21.1384166666667,51.4646388888889,Jezdnia,Pochmurno,Światło dzienne,Najechanie na pieszego,1,0,1,Ciężko,N,,,,,,,,,,
EWK-107090799H,2018,2018-07-08,20,POWIAT RADOMSKI,JEDLIŃSK - OBSZAR WIEJSKI,Droga krajowa,7,Dwie jezdnie jednokierunkowe,Odcinek prosty,Obszar niezabudowany,21.1384166666667,51.4646388888889,Jezdnia,Pochmurno,Światło dzienne,Najechanie na pieszego,1,0,0,Nieokreślone (puste pole),N,,,,,,,,,,
EWK-107119163Q,2018,2018-07-12,9,POWIAT SIEDLECKI,KORCZEW - OBSZAR WIEJSKI,Droga gminna,GMINNA,Jednojezdniowa dwukierunkowa,Odcinek prosty,Obszar zabudowany,22.5474722222222,52.3916666666667,Jezdnia,Pochmurno,Światło dzienne,Najechanie na pieszego,1,0,1,Lekko,N,,,,,,,,,,
EWK-107119163Q,2018,2018-07-12,9,POWIAT SIEDLECKI,KORCZEW - OBSZAR WIEJSKI,Droga gminna,GMINNA,Jednojezdniowa dwukierunkowa,Odcinek prosty,Obszar zabudowany,22.5474722222222,52.3916666666667,Jezdnia,Pochmurno,Światło dzienne,Najechanie na pieszego,1,0,0,Nieokreślone (puste pole),N,,,,,,,,,,
EWK-107306340A,2018,2018-09-23,13,POWIAT ŻYRARDOWSKI,ŻYRARDÓW - OBSZAR MIEJSKI,Droga gminna,GMINNA,Jednojezdniowa dwukierunkowa,,Obszar zabudowany,20.4395555555556,52.0545555555556,Jezdnia,Pochmurno,Światło dzienne,Najechanie na pieszego,1,0,1,Ciężko,N,,,,,,,,,,
EWK-107306340A,2018,2018-09-23,13,POWIAT ŻYRARDOWSKI,ŻYRARDÓW - OBSZAR MIEJSKI,Droga gminna,GMINNA,Jednojezdniowa dwukierunkowa,,Obszar zabudowany,20.4395555555556,52.0545555555556,Jezdnia,Pochmurno,Światło dzienne,Najechanie na pieszego,1,0,0,Nieokreślone (puste pole),N,,,,,,,,,,
EWK-107513303R,2018,2018-12-11,12,POWIAT RADOM,RADOM - OBSZAR MIEJSKI,Droga krajowa,12,Dwie jezdnie jednokierunkowe,Odcinek prosty,Obszar zabudowany,21.158,51.3901666666667,Jezdnia,Pochmurno,Światło dzienne,Najechanie na pieszego,1,0,1,Lekko,T,,,,,,,,,,
EWK-107513303R,2018,2018-12-11,12,POWIAT RADOM,RADOM - OBSZAR MIEJSKI,Droga krajowa,12,Dwie jezdnie jednokierunkowe,Odcinek prosty,Obszar zabudowany,21.158,51.3901666666667,Jezdnia,Pochmurno,Światło dzienne,Najechanie na pieszego,1,0,0,Nieokreślone (puste pole),T,,,,,,,,,,
EWK-107527874L,2018,2018-12-21,9,POWIAT PRZYSUSKI,PRZYSUCHA - OBSZAR MIEJSKI,Droga krajowa,12,Jednojezdniowa dwukierunkowa,Odcinek prosty,Obszar zabudowany,20.6321111111111,51.3578055555556,Jezdnia,Pochmurno,Światło dzienne,Najechanie na pieszego,1,0,1,Lekko,N,,,,,,,,,,
EWK-107527874L,2018,2018-12-21,9,POWIAT PRZYSUSKI,PRZYSUCHA - OBSZAR MIEJSKI,Droga krajowa,12,Jednojezdniowa dwukierunkowa,Odcinek prosty,Obszar zabudowany,20.6321111111111,51.3578055555556,Jezdnia,Pochmurno,Światło dzienne,Najechanie na pieszego,1,0,0,Nieokreślone (puste pole),N,,,,,,,,,,
EWK-106803481G,2018,2018-03-15,7,POWIAT RADOMSKI,JASTRZĘBIA - OBSZAR WIEJSKI,Droga powiatowa,P3517W,Jednojezdniowa dwukierunkowa,"Zakręt, łuk",Obszar niezabudowany,21.2314444444444,51.4883888888889,Pobocze,Pochmurno,Światło dzienne,Najechanie na pieszego,1,0,1,Lekko,N,,,,,,,,,,
EWK-106803481G,2018,2018-03-15,7,POWIAT RADOMSKI,JASTRZĘBIA - OBSZAR WIEJSKI,Droga powiatowa,P3517W,Jednojezdniowa dwukierunkowa,"Zakręt, łuk",Obszar niezabudowany,21.2314444444444,51.4883888888889,Pobocze,Pochmurno,Światło dzienne,Najechanie na pieszego,1,0,0,Nieokreślone (puste pole),N,,,,,,,,,,
EWK-106701995A,2018,2018-01-25,8,POWIAT RADOM,RADOM - OBSZAR MIEJSKI,Droga krajowa,9,Dwie jezdnie jednokierunkowe,Odcinek prosty,Obszar zabudowany,21.1998611111111,51.4149166666667,Przejście dla pieszych,Pochmurno,Światło dzienne,Najechanie na pieszego,1,0,1,Ciężko,N,,,,,,,,,,
EWK-106701995A,2018,2018-01-25,8,POWIAT RADOM,RADOM - OBSZAR MIEJSKI,Droga krajowa,9,Dwie jezdnie jednokierunkowe,Odcinek prosty,Obszar zabudowany,21.1998611111111,51.4149166666667,Przejście dla pieszych,Pochmurno,Światło dzienne,Najechanie na pieszego,1,0,0,Nieokreślone (puste pole),N,,,,,,,,,,
EWK-106785229C,2018,2018-03-08,11,POWIAT MŁAWSKI,MŁAWA - OBSZAR MIEJSKI,Droga powiatowa,P2385W,Jednojezdniowa dwukierunkowa,,Obszar zabudowany,20.3854722222222,53.1112777777778,Przejście dla pieszych,Pochmurno,Światło dzienne,Najechanie na pieszego,1,0,1,Lekko,N,,,,,,,,,,
EWK-106785229C,2018,2018-03-08,11,POWIAT MŁAWSKI,MŁAWA - OBSZAR MIEJSKI,Droga powiatowa,P2385W,Jednojezdniowa dwukierunkowa,,Obszar zabudowany,20.3854722222222,53.1112777777778,Przejście dla pieszych,Pochmurno,Światło dzienne,Najechanie na pieszego,1,0,0,Nieokreślone (puste pole),N,,,,,,,,,,
EWK-106838852F,2018,2018-03-29,9,POWIAT RADOM,RADOM - OBSZAR MIEJSKI,Droga krajowa,12,Jednokierunkowa,Odcinek prosty,Obszar zabudowany,21.1476111111111,51.3916388888889,Przejście dla pieszych,Pochmurno,Światło dzienne,Najechanie na pieszego,1,0,1,Lekko,N,,,,,,,,,,
EWK-106838852F,2018,2018-03-29,9,POWIAT RADOM,RADOM - OBSZAR MIEJSKI,Droga krajowa,12,Jednokierunkowa,Odcinek prosty,Obszar zabudowany,21.1476111111111,51.3916388888889,Przejście dla pieszych,Pochmurno,Światło dzienne,Najechanie na pieszego,1,0,0,Nieokreślone (puste pole),N,,,,,,,,,,
EWK-106954768Y,2018,2018-05-20,19,POWIAT RADOM,RADOM - OBSZAR MIEJSKI,Droga krajowa,7,Dwie jezdnie jednokierunkowe,Odcinek prosty,Obszar zabudowany,21.1271944444444,51.4104166666667,Przejście dla pieszych,Pochmurno,Światło dzienne,Najechanie na pieszego,1,0,1,Lekko,N,,,,,,,,,,
EWK-106954768Y,2018,2018-05-20,19,POWIAT RADOM,RADOM - OBSZAR MIEJSKI,Droga krajowa,7,Dwie jezdnie jednokierunkowe,Odcinek prosty,Obszar zabudowany,21.1271944444444,51.4104166666667,Przejście dla pieszych,Pochmurno,Światło dzienne,Najechanie na pieszego,1,0,0,Nieokreślone (puste pole),N,,,,,,,,,,
EWK-106960523L,2018,2018-05-18,19,POWIAT SIEDLCE,SIEDLCE - OBSZAR MIEJSKI,Droga gminna,GMINNA,Jednojezdniowa dwukierunkowa,,Obszar zabudowany,22.2557777777778,52.1630555555556,Przejście dla pieszych,Pochmurno,Światło dzienne,Najechanie na pieszego,1,0,1,Lekko,N,,,,,,,,,,
EWK-106960523L,2018,2018-05-18,19,POWIAT SIEDLCE,SIEDLCE - OBSZAR MIEJSKI,Droga gminna,GMINNA,Jednojezdniowa dwukierunkowa,,Obszar zabudowany,22.2557777777778,52.1630555555556,Przejście dla pieszych,Pochmurno,Światło dzienne,Najechanie na pieszego,1,0,0,Nieokreślone (puste pole),N,,,,,,,,,,
EWK-107097771R,2018,2018-07-11,8,POWIAT PŁOCK,PŁOCK - OBSZAR MIEJSKI,Droga powiatowa,5208W,Jednojezdniowa dwukierunkowa,,Obszar zabudowany,19.6965277777778,52.5462777777778,Przejście dla pieszych,Pochmurno,Światło dzienne,Najechanie na pieszego,1,0,1,Lekko,N,,,,,,,,,,
EWK-107097771R,2018,2018-07-11,8,POWIAT PŁOCK,PŁOCK - OBSZAR MIEJSKI,Droga powiatowa,5208W,Jednojezdniowa dwukierunkowa,,Obszar zabudowany,19.6965277777778,52.5462777777778,Przejście dla pieszych,Pochmurno,Światło dzienne,Najechanie na pieszego,1,0,0,Nieokreślone (puste pole),N,,,,,,,,,,
EWK-107340391R,2018,2018-10-03,9,POWIAT RADOM,RADOM - OBSZAR MIEJSKI,Droga powiatowa,P5301W,Dwie jezdnie jednokierunkowe,Odcinek prosty,Obszar zabudowany,21.1629722222222,51.4364166666667,Przejście dla pieszych,Pochmurno,Światło dzienne,Najechanie na pieszego,1,0,1,Lekko,N,,,,,,,,,,
EWK-107340391R,2018,2018-10-03,9,POWIAT RADOM,RADOM - OBSZAR MIEJSKI,Droga powiatowa,P5301W,Dwie jezdnie jednokierunkowe,Odcinek prosty,Obszar zabudowany,21.1629722222222,51.4364166666667,Przejście dla pieszych,Pochmurno,Światło dzienne,Najechanie na pieszego,1,0,0,Nieokreślone (puste pole),N,,,,,,,,,,
EWK-107340396R,2018,2018-10-03,10,POWIAT OSTROŁĘKA,OSTROŁĘKA - OBSZAR MIEJSKI,Droga powiatowa,P5102W,Dwie jezdnie jednokierunkowe,,Obszar zabudowany,21.5774166666667,53.0823333333333,Przejście dla pieszych,Pochmurno,Światło dzienne,Najechanie na pieszego,1,0,1,Lekko,N,,,,,,,,,,
EWK-107340396R,2018,2018-10-03,10,POWIAT OSTROŁĘKA,OSTROŁĘKA - OBSZAR MIEJSKI,Droga powiatowa,P5102W,Dwie jezdnie jednokierunkowe,,Obszar zabudowany,21.5774166666667,53.0823333333333,Przejście dla pieszych,Pochmurno,Światło dzienne,Najechanie na pieszego,1,0,0,Nieokreślone (puste pole),N,,,,,,,,,,
EWK-107457293Y,2018,2018-11-23,11,POWIAT SIEDLCE,SIEDLCE - OBSZAR MIEJSKI,Nieokreślone (puste pole),,Jednojezdniowa dwukierunkowa,Odcinek prosty,Obszar zabudowany,22.2723611111111,52.1732777777778,Przejście dla pieszych,Pochmurno,Światło dzienne,Najechanie na pieszego,1,0,1,Ciężko,N,,,,,,,,,,
EWK-107457293Y,2018,2018-11-23,11,POWIAT SIEDLCE,SIEDLCE - OBSZAR MIEJSKI,Nieokreślone (puste pole),,Jednojezdniowa dwukierunkowa,Odcinek prosty,Obszar zabudowany,22.2723611111111,52.1732777777778,Przejście dla pieszych,Pochmurno,Światło dzienne,Najechanie na pieszego,1,0,0,Nieokreślone (puste pole),N,,,,,,,,,,
EWK-107462880C,2018,2018-11-26,13,POWIAT OSTROŁĘKA,OSTROŁĘKA - OBSZAR MIEJSKI,Droga krajowa,61,Dwie jezdnie jednokierunkowe,,Obszar zabudowany,21.5786666666667,53.0894444444444,Przejście dla pieszych,Pochmurno,Światło dzienne,Najechanie na pieszego,1,0,1,Ciężko,N,,,,,,,,,,
EWK-107462880C,2018,2018-11-26,13,POWIAT OSTROŁĘKA,OSTROŁĘKA - OBSZAR MIEJSKI,Droga krajowa,61,Dwie jezdnie jednokierunkowe,,Obszar zabudowany,21.5786666666667,53.0894444444444,Przejście dla pieszych,Pochmurno,Światło dzienne,Najechanie na pieszego,1,0,0,Nieokreślone (puste pole),N,,,,,,,,,,
EWK-107570918W,2018,2018-11-21,11,POWIAT RADOM,RADOM - OBSZAR MIEJSKI,Droga krajowa,7,Jednojezdniowa dwukierunkowa,Odcinek prosty,Obszar zabudowany,21.1114166666667,51.3990833333333,Przejście dla pieszych,Pochmurno,Światło dzienne,Najechanie na pieszego,1,0,1,Ciężko,N,,,,,,,,,,
EWK-107570918W,2018,2018-11-21,11,POWIAT RADOM,RADOM - OBSZAR MIEJSKI,Droga krajowa,7,Jednojezdniowa dwukierunkowa,Odcinek prosty,Obszar zabudowany,21.1114166666667,51.3990833333333,Przejście dla pieszych,Pochmurno,Światło dzienne,Najechanie na pieszego,1,0,0,Nieokreślone (puste pole),N,,,,,,,,,,
EWK-106678406T,2018,2018-01-13,7,POWIAT RADOM,RADOM - OBSZAR MIEJSKI,Droga powiatowa,P5305W,Jednojezdniowa dwukierunkowa,Odcinek prosty,Obszar zabudowany,21.1248611111111,51.3863055555556,Jezdnia,Pochmurno,"Świt, zmrok",Najechanie na pieszego,1,0,1,Ciężko,T,,,,,,,,,,
EWK-106678406T,2018,2018-01-13,7,POWIAT RADOM,RADOM - OBSZAR MIEJSKI,Droga powiatowa,P5305W,Jednojezdniowa dwukierunkowa,Odcinek prosty,Obszar zabudowany,21.1248611111111,51.3863055555556,Jezdnia,Pochmurno,"Świt, zmrok",Najechanie na pieszego,1,0,0,Nieokreślone (puste pole),T,,,,,,,,,,
EWK-106853050W,2018,2018-03-28,19,POWIAT GRÓJECKI,WARKA - OBSZAR MIEJSKI,Droga gminna,G161013W,Jednojezdniowa dwukierunkowa,Odcinek prosty,Obszar zabudowany,21.1714444444444,51.7931944444444,Jezdnia,Pochmurno,"Świt, zmrok",Najechanie na pieszego,1,0,1,Lekko,T,,,,,,,,,,
EWK-106853050W,2018,2018-03-28,19,POWIAT GRÓJECKI,WARKA - OBSZAR MIEJSKI,Droga gminna,G161013W,Jednojezdniowa dwukierunkowa,Odcinek prosty,Obszar zabudowany,21.1714444444444,51.7931944444444,Jezdnia,Pochmurno,"Świt, zmrok",Najechanie na pieszego,1,0,0,Nieokreślone (puste pole),T,,,,,,,,,,
EWK-107537204J,2018,2018-12-27,16,POWIAT GOSTYNIŃSKI,GOSTYNIN - OBSZAR MIEJSKI,Droga gminna,G140246W,Jednojezdniowa dwukierunkowa,Odcinek prosty,Obszar zabudowany,19.4596666666667,52.4294444444444,Jezdnia,Pochmurno,"Świt, zmrok",Najechanie na pieszego,1,0,1,Lekko,N,,,,,,,,,,
EWK-107537204J,2018,2018-12-27,16,POWIAT GOSTYNIŃSKI,GOSTYNIN - OBSZAR MIEJSKI,Droga gminna,G140246W,Jednojezdniowa dwukierunkowa,Odcinek prosty,Obszar zabudowany,19.4596666666667,52.4294444444444,Jezdnia,Pochmurno,"Świt, zmrok",Najechanie na pieszego,1,0,0,Nieokreślone (puste pole),N,,,,,,,,,,
EWK-106674583P,2018,2018-01-12,17,POWIAT PŁOCK,PŁOCK - OBSZAR MIEJSKI,Droga powiatowa,5213W,Jednojezdniowa dwukierunkowa,Odcinek prosty,Obszar zabudowany,19.6879444444444,52.5601944444444,Przejście dla pieszych,Pochmurno,"Świt, zmrok",Najechanie na pieszego,1,0,2,Lekko,N,,,,,,,,,,
EWK-106674583P,2018,2018-01-12,17,POWIAT PŁOCK,PŁOCK - OBSZAR MIEJSKI,Droga powiatowa,5213W,Jednojezdniowa dwukierunkowa,Odcinek prosty,Obszar zabudowany,19.6879444444444,52.5601944444444,Przejście dla pieszych,Pochmurno,"Świt, zmrok",Najechanie na pieszego,1,0,0,Nieokreślone (puste pole),N,,,,,,,,,,
EWK-107355478Y,2018,2018-10-08,5,POWIAT RADOMSKI,KOWALA - OBSZAR WIEJSKI,Droga krajowa,7,Jednojezdniowa dwukierunkowa,,Obszar niezabudowany,21.04975,51.3553333333333,Przejście dla pieszych,Pochmurno,"Świt, zmrok",Najechanie na pieszego,1,1,0,Nieokreślone (puste pole),N,,,,,,,,,,
EWK-107363866E,2018,2018-10-08,5,POWIAT ZWOLEŃSKI,ZWOLEŃ - OBSZAR MIEJSKI,Droga krajowa,12,Jednojezdniowa dwukierunkowa,Odcinek prosty,Obszar zabudowany,21.5902777777778,51.3556666666667,Przejście dla pieszych,Pochmurno,"Świt, zmrok",Najechanie na pieszego,1,0,1,Ciężko,N,,,,,,,,,,
EWK-107363866E,2018,2018-10-08,5,POWIAT ZWOLEŃSKI,ZWOLEŃ - OBSZAR MIEJSKI,Droga krajowa,12,Jednojezdniowa dwukierunkowa,Odcinek prosty,Obszar zabudowany,21.5902777777778,51.3556666666667,Przejście dla pieszych,Pochmurno,"Świt, zmrok",Najechanie na pieszego,1,0,0,Nieokreślone (puste pole),N,,,,,,,,,,
EWK-107414320G,2018,2018-10-30,16,POWIAT KOZIENICKI,KOZIENICE - OBSZAR MIEJSKI,Droga gminna,G170848W,Jednojezdniowa dwukierunkowa,Odcinek prosty,Obszar zabudowany,21.5493888888889,51.5784444444445,Przejście dla pieszych,Pochmurno,"Świt, zmrok",Najechanie na pieszego,1,0,1,Ciężko,N,,,,,,,,,,
EWK-107414320G,2018,2018-10-30,16,POWIAT KOZIENICKI,KOZIENICE - OBSZAR MIEJSKI,Droga gminna,G170848W,Jednojezdniowa dwukierunkowa,Odcinek prosty,Obszar zabudowany,21.5493888888889,51.5784444444445,Przejście dla pieszych,Pochmurno,"Świt, zmrok",Najechanie na pieszego,1,0,0,Nieokreślone (puste pole),N,,,,,,,,,,
EWK-107441647T,2018,2018-11-14,15,POWIAT PŁOCK,PŁOCK - OBSZAR MIEJSKI,Droga gminna,G520005W,Jednojezdniowa dwukierunkowa,Odcinek prosty,Obszar zabudowany,19.7619444444444,52.5379166666667,Przejście dla pieszych,Pochmurno,"Świt, zmrok",Najechanie na pieszego,1,0,1,Lekko,N,,,,,,,,,,
EWK-107441647T,2018,2018-11-14,15,POWIAT PŁOCK,PŁOCK - OBSZAR MIEJSKI,Droga gminna,G520005W,Jednojezdniowa dwukierunkowa,Odcinek prosty,Obszar zabudowany,19.7619444444444,52.5379166666667,Przejście dla pieszych,Pochmurno,"Świt, zmrok",Najechanie na pieszego,1,0,0,Nieokreślone (puste pole),N,,,,,,,,,,
EWK-107513156G,2018,2018-12-19,6,POWIAT PRZYSUSKI,KLWÓW - OBSZAR WIEJSKI,Droga wojewódzka,727,Jednojezdniowa dwukierunkowa,Odcinek prosty,Obszar zabudowany,20.6848611111111,51.46975,Przejście dla pieszych,Pochmurno,"Świt, zmrok",Najechanie na pieszego,1,0,1,Lekko,N,,,,,,,,,,
EWK-107513156G,2018,2018-12-19,6,POWIAT PRZYSUSKI,KLWÓW - OBSZAR WIEJSKI,Droga wojewódzka,727,Jednojezdniowa dwukierunkowa,Odcinek prosty,Obszar zabudowany,20.6848611111111,51.46975,Przejście dla pieszych,Pochmurno,"Świt, zmrok",Najechanie na pieszego,1,0,0,Nieokreślone (puste pole),N,,,,,,,,,,
EWK-106918044K,2018,2018-04-25,19,POWIAT RADOM,RADOM - OBSZAR MIEJSKI,Droga gminna,G530162W,Jednojezdniowa dwukierunkowa,,Obszar zabudowany,21.1084722222222,51.4053888888889,Jezdnia,Pochmurno,"Świt, zmrok",Zderzenie pojazdów boczne,1,0,1,Ciężko,N,,,,,,,,,,
EWK-106918044K,2018,2018-04-25,19,POWIAT RADOM,RADOM - OBSZAR MIEJSKI,Droga gminna,G530162W,Jednojezdniowa dwukierunkowa,,Obszar zabudowany,21.1084722222222,51.4053888888889,Jezdnia,Pochmurno,"Świt, zmrok",Zderzenie pojazdów boczne,1,0,0,Nieokreślone (puste pole),N,,,,,,,,,,
EWK-107485542W,2018,2018-12-08,6,POWIAT GARWOLIŃSKI,ŻELECHÓW - OBSZAR WIEJSKI,Droga wojewódzka,807,Jednojezdniowa dwukierunkowa,Odcinek prosty,Obszar zabudowany,21.9257777777778,51.8104444444444,Jezdnia,Pochmurno,"Świt, zmrok",Zderzenie pojazdów boczne,1,0,1,Lekko,N,,,,,,,,,,
EWK-107485542W,2018,2018-12-08,6,POWIAT GARWOLIŃSKI,ŻELECHÓW - OBSZAR WIEJSKI,Droga wojewódzka,807,Jednojezdniowa dwukierunkowa,Odcinek prosty,Obszar zabudowany,21.9257777777778,51.8104444444444,Jezdnia,Pochmurno,"Świt, zmrok",Zderzenie pojazdów boczne,1,0,0,Nieokreślone (puste pole),N,,,,,,,,,,
EWK-106437958H,2017,2017-09-30,13,POWIAT SZYDŁOWIECKI,SZYDŁOWIEC - OBSZAR MIEJSKI,Droga gminna,G400559W,Jednojezdniowa dwukierunkowa,Odcinek prosty,Obszar zabudowany,20.8605277777778,51.226,"Chodnik, droga dla pieszych",Dobre warunki atmosferyczne,Światło dzienne,Inne,1,0,1,Ciężko,N,,,,,,,,,,
EWK-106437958H,2017,2017-09-30,13,POWIAT SZYDŁOWIECKI,SZYDŁOWIEC - OBSZAR MIEJSKI,Droga gminna,G400559W,Jednojezdniowa dwukierunkowa,Odcinek prosty,Obszar zabudowany,20.8605277777778,51.226,"Chodnik, droga dla pieszych",Dobre warunki atmosferyczne,Światło dzienne,Inne,1,0,0,Nieokreślone (puste pole),N,,,,,,,,,,
EWK-105383862L,2017,2017-01-27,11,POWIAT MŁAWSKI,MŁAWA - OBSZAR MIEJSKI,Droga powiatowa,P2377W,Jednojezdniowa dwukierunkowa,,Obszar zabudowany,20.6491944444444,53.1992222222222,Jezdnia,Dobre warunki atmosferyczne,Światło dzienne,Inne,1,0,2,Lekko,T,,,,,,,,,,
EWK-105383862L,2017,2017-01-27,11,POWIAT MŁAWSKI,MŁAWA - OBSZAR MIEJSKI,Droga powiatowa,P2377W,Jednojezdniowa dwukierunkowa,,Obszar zabudowany,20.6491944444444,53.1992222222222,Jezdnia,Dobre warunki atmosferyczne,Światło dzienne,Inne,1,0,0,Nieokreślone (puste pole),T,,,,,,,,,,
EWK-105911957A,2017,2017-05-20,20,POWIAT PŁOCK,PŁOCK - OBSZAR MIEJSKI,Droga powiatowa,5207W,Jednokierunkowa,Odcinek prosty,Obszar zabudowany,19.6948888888889,52.5440555555556,Jezdnia,Dobre warunki atmosferyczne,Światło dzienne,Inne,1,0,1,Lekko,N,,,,,,,,,,
EWK-105911957A,2017,2017-05-20,20,POWIAT PŁOCK,PŁOCK - OBSZAR MIEJSKI,Droga powiatowa,5207W,Jednokierunkowa,Odcinek prosty,Obszar zabudowany,19.6948888888889,52.5440555555556,Jezdnia,Dobre warunki atmosferyczne,Światło dzienne,Inne,1,0,0,Nieokreślone (puste pole),N,,,,,,,,,,
EWK-106474814W,2017,2017-10-16,7,POWIAT GRÓJECKI,JASIENIEC - OBSZAR WIEJSKI,Droga gminna,GMINNA,Jednokierunkowa,Odcinek prosty,Obszar zabudowany,20.9403611111111,51.8223055555556,Jezdnia,Dobre warunki atmosferyczne,Światło dzienne,Inne,1,0,1,Lekko,N,,,,,,,,,,
EWK-106474814W,2017,2017-10-16,7,POWIAT GRÓJECKI,JASIENIEC - OBSZAR WIEJSKI,Droga gminna,GMINNA,Jednokierunkowa,Odcinek prosty,Obszar zabudowany,20.9403611111111,51.8223055555556,Jezdnia,Dobre warunki atmosferyczne,Światło dzienne,Inne,1,0,0,Nieokreślone (puste pole),N,,,,,,,,,,
EWK-106279185T,2017,2017-07-24,18,POWIAT WYSZKOWSKI,WYSZKÓW - OBSZAR MIEJSKI,Droga wojewódzka,618,Jednojezdniowa dwukierunkowa,,Obszar zabudowany,21.4731388888889,52.5944722222222,Przejście dla pieszych,Dobre warunki atmosferyczne,Światło dzienne,Inne,1,0,2,Lekko,N,,,,,,,,,,
EWK-106279185T,2017,2017-07-24,18,POWIAT WYSZKOWSKI,WYSZKÓW - OBSZAR MIEJSKI,Droga wojewódzka,618,Jednojezdniowa dwukierunkowa,,Obszar zabudowany,21.4731388888889,52.5944722222222,Przejście dla pieszych,Dobre warunki atmosferyczne,Światło dzienne,Inne,1,0,0,Nieokreślone (puste pole),N,,,,,,,,,,
EWK-105386066Q,2017,2017-01-29,17,POWIAT MŁAWSKI,LIPOWIEC KOŚCIELNY - OBSZAR WIEJSKI,Droga gminna,G230201W,Jednojezdniowa dwukierunkowa,Odcinek prosty,Obszar zabudowany,20.2703888888889,53.1270833333333,Jezdnia,Dobre warunki atmosferyczne,"Świt, zmrok",Inne,1,0,1,Lekko,N,,,,,,,,,,
EWK-105386066Q,2017,2017-01-29,17,POWIAT MŁAWSKI,LIPOWIEC KOŚCIELNY - OBSZAR WIEJSKI,Droga gminna,G230201W,Jednojezdniowa dwukierunkowa,Odcinek prosty,Obszar zabudowany,20.2703888888889,53.1270833333333,Jezdnia,Dobre warunki atmosferyczne,"Świt, zmrok",Inne,1,0,0,Nieokreślone (puste pole),N,,,,,,,,,,
EWK-105328473D,2017,2017-01-08,17,POWIAT PŁOŃSKI,ZAŁUSKI - OBSZAR WIEJSKI,Inna,I2,Jednojezdniowa dwukierunkowa,Odcinek prosty,Obszar niezabudowany,20.5059166666667,52.54475,Jezdnia,Dobre warunki atmosferyczne,Noc - droga nieoświetlona,Najechanie na pieszego,1,0,1,Ciężko,N,,,,,,,,,,
EWK-105328473D,2017,2017-01-08,17,POWIAT PŁOŃSKI,ZAŁUSKI - OBSZAR WIEJSKI,Inna,I2,Jednojezdniowa dwukierunkowa,Odcinek prosty,Obszar niezabudowany,20.5059166666667,52.54475,Jezdnia,Dobre warunki atmosferyczne,Noc - droga nieoświetlona,Najechanie na pieszego,1,0,0,Nieokreślone (puste pole),N,,,,,,,,,,
EWK-105345206C,2017,2017-01-15,4,POWIAT SIERPECKI,SIERPC - OBSZAR MIEJSKI,Droga wojewódzka,560,Jednojezdniowa dwukierunkowa,Odcinek prosty,Obszar niezabudowany,19.654,52.8942222222222,Jezdnia,Dobre warunki atmosferyczne,Noc - droga nieoświetlona,Najechanie na pieszego,1,1,0,Nieokreślone (puste pole),T,,,,,,,,,,
EWK-105353496X,2017,2017-01-18,18,POWIAT GRÓJECKI,GRÓJEC - OBSZAR MIEJSKI,Droga krajowa,S7,Ekspresowa,Odcinek prosty,Obszar niezabudowany,20.8598611111111,51.8867222222222,Jezdnia,Dobre warunki atmosferyczne,Noc - droga nieoświetlona,Najechanie na pieszego,1,0,1,Ciężko,N,,,,,,,,,,
EWK-105353496X,2017,2017-01-18,18,POWIAT GRÓJECKI,GRÓJEC - OBSZAR MIEJSKI,Droga krajowa,S7,Ekspresowa,Odcinek prosty,Obszar niezabudowany,20.8598611111111,51.8867222222222,Jezdnia,Dobre warunki atmosferyczne,Noc - droga nieoświetlona,Najechanie na pieszego,1,0,0,Nieokreślone (puste pole),N,,,,,,,,,,
EWK-105360965F,2017,2017-01-20,16,POWIAT OSTROWSKI,ANDRZEJEWO - OBSZAR WIEJSKI,Droga krajowa,63,Jednojezdniowa dwukierunkowa,Odcinek prosty,Obszar niezabudowany,22.27925,52.8336388888889,Jezdnia,Dobre warunki atmosferyczne,Noc - droga nieoświetlona,Najechanie na pieszego,1,0,1,Lekko,N,,,,,,,,,,