IDKSIP,year,date,hour,district,district_commune,road_category,road_number,type_of_road,road_geometry,area,Longitude,Latitude,char_place_of_the_event,weather_conditions,lighting,type_of_accident,num_of_accidents,num_of_fatalities,num_of_injured,type_of_injury,is_offender_intoxicated,,,,,,,,,,
EWK-105360965F,2017,2017-01-20,16,POWIAT OSTROWSKI,ANDRZEJEWO - OBSZAR WIEJSKI,Droga krajowa,63,Jednojezdniowa dwukierunkowa,Odcinek prosty,Obszar niezabudowany,22.27925,52.8336388888889,Jezdnia,Dobre warunki atmosferyczne,Noc - droga nieoświetlona,Najechanie na pieszego,1,1,0,Nieokreślone (puste pole),N,,,,,,,,,,
EWK-105419297L,2017,2017-02-10,21,POWIAT GARWOLIŃSKI,ŻELECHÓW - OBSZAR WIEJSKI,Droga powiatowa,31342W,Jednojezdniowa dwukierunkowa,Odcinek prosty,Obszar zabudowany,21.7963333333333,51.8225277777778,Jezdnia,Dobre warunki atmosferyczne,Noc - droga nieoświetlona,Najechanie na pieszego,1,1,0,Nieokreślone (puste pole),N,,,,,,,,,,
EWK-105478573L,2017,2017-02-24,20,POWIAT PŁOŃSKI,CZERWIŃSK NAD WISŁĄ - OBSZAR WIEJSKI,Droga krajowa,62,Jednojezdniowa dwukierunkowa,Odcinek prosty,Obszar niezabudowany,20.32625,52.4053333333333,Jezdnia,Dobre warunki atmosferyczne,Noc - droga nieoświetlona,Najechanie na pieszego,1,1,0,Nieokreślone (puste pole),T,,,,,,,,,,
EWK-105491334P,2017,2017-02-27,17,POWIAT ŁOSICKI,ŁOSICE - OBSZAR WIEJSKI,Droga gminna,G200226W,Jednojezdniowa dwukierunkowa,Odcinek prosty,Obszar zabudowany,22.7875833333333,52.1954166666667,Jezdnia,Dobre warunki atmosferyczne,Noc - droga nieoświetlona,Najechanie na pieszego,1,0,1,Ciężko,T,,,,,,,,,,
EWK-105491334P,2017,2017-02-27,17,POWIAT ŁOSICKI,ŁOSICE - OBSZAR WIEJSKI,Droga gminna,G200226W,Jednojezdniowa dwukierunkowa,Odcinek prosty,Obszar zabudowany,22.7875833333333,52.1954166666667,Jezdnia,Dobre warunki atmosferyczne,Noc - droga nieoświetlona,Najechanie na pieszego,1,0,0,Nieokreślone (puste pole),T,,,,,,,,,,
EWK-105491447G,2017,2017-02-27,20,POWIAT PRZASNYSKI,KRZYNOWŁOGA MAŁA - OBSZAR WIEJSKI,Droga krajowa,57,Jednojezdniowa dwukierunkowa,Odcinek prosty,Obszar niezabudowany,20.8539722222222,53.1044722222222,Jezdnia,Dobre warunki atmosferyczne,Noc - droga nieoświetlona,Najechanie na pieszego,1,1,0,Nieokreślone (puste pole),N,,,,,,,,,,
EWK-105586210G,2017,2017-03-12,18,POWIAT MAKOWSKI,KRASNOSIELC - OBSZAR WIEJSKI,Droga powiatowa,P2132W,Jednojezdniowa dwukierunkowa,Odcinek prosty,Obszar niezabudowany,21.1783333333333,53.02225,Jezdnia,Dobre warunki atmosferyczne,Noc - droga nieoświetlona,Najechanie na pieszego,1,0,1,Lekko,T,,,,,,,,,,
EWK-105586210G,2017,2017-03-12,18,POWIAT MAKOWSKI,KRASNOSIELC - OBSZAR WIEJSKI,Droga powiatowa,P2132W,Jednojezdniowa dwukierunkowa,Odcinek prosty,Obszar niezabudowany,21.1783333333333,53.02225,Jezdnia,Dobre warunki atmosferyczne,Noc - droga nieoświetlona,Najechanie na pieszego,1,0,0,Nieokreślone (puste pole),T,,,,,,,,,,
EWK-105601856C,2017,2017-03-16,20,POWIAT RADOMSKI,JEDLNIA-LETNISKO - OBSZAR WIEJSKI,Droga powiatowa,P3524W,Jednojezdniowa dwukierunkowa,Odcinek prosty,Obszar zabudowany,21.3789722222222,51.4100833333333,Jezdnia,Dobre warunki atmosferyczne,Noc - droga nieoświetlona,Najechanie na pieszego,1,0,1,Ciężko,N,,,,,,,,,,
EWK-105601856C,2017,2017-03-16,20,POWIAT RADOMSKI,JEDLNIA-LETNISKO - OBSZAR WIEJSKI,Droga powiatowa,P3524W,Jednojezdniowa dwukierunkowa,Odcinek prosty,Obszar zabudowany,21.3789722222222,51.4100833333333,Jezdnia,Dobre warunki atmosferyczne,Noc - droga nieoświetlona,Najechanie na pieszego,1,0,0,Nieokreślone (puste pole),N,,,,,,,,,,
EWK-105725783P,2017,2017-04-01,0,POWIAT ŁOSICKI,ŁOSICE - OBSZAR WIEJSKI,Droga wojewódzka,698,Jednojezdniowa dwukierunkowa,Odcinek prosty,Obszar niezabudowany,22.7396666666667,52.2100277777778,Jezdnia,Dobre warunki atmosferyczne,Noc - droga nieoświetlona,Najechanie na pieszego,1,1,0,Nieokreślone (puste pole),T,,,,,,,,,,
EWK-105731687R,2017,2017-04-03,22,POWIAT OSTROWSKI,OSTRÓW MAZOWIECKA - OBSZAR WIEJSKI,Droga krajowa,8,Jednojezdniowa dwukierunkowa,Odcinek prosty,Obszar zabudowany,22.0207222222222,52.8705277777778,Jezdnia,Dobre warunki atmosferyczne,Noc - droga nieoświetlona,Najechanie na pieszego,1,0,1,Ciężko,N,,,,,,,,,,
EWK-105731687R,2017,2017-04-03,22,POWIAT OSTROWSKI,OSTRÓW MAZOWIECKA - OBSZAR WIEJSKI,Droga krajowa,8,Jednojezdniowa dwukierunkowa,Odcinek prosty,Obszar zabudowany,22.0207222222222,52.8705277777778,Jezdnia,Dobre warunki atmosferyczne,Noc - droga nieoświetlona,Najechanie na pieszego,1,0,0,Nieokreślone (puste pole),N,,,,,,,,,,
EWK-105759595D,2017,2017-04-17,4,POWIAT SIERPECKI,SIERPC - OBSZAR WIEJSKI,Droga krajowa,10,Jednojezdniowa dwukierunkowa,Odcinek prosty,Obszar niezabudowany,19.7209722222222,52.8431388888889,Jezdnia,Dobre warunki atmosferyczne,Noc - droga nieoświetlona,Najechanie na pieszego,1,0,1,Ciężko,N,,,,,,,,,,
EWK-105759595D,2017,2017-04-17,4,POWIAT SIERPECKI,SIERPC - OBSZAR WIEJSKI,Droga krajowa,10,Jednojezdniowa dwukierunkowa,Odcinek prosty,Obszar niezabudowany,19.7209722222222,52.8431388888889,Jezdnia,Dobre warunki atmosferyczne,Noc - droga nieoświetlona,Najechanie na pieszego,1,0,0,Nieokreślone (puste pole),N,,,,,,,,,,
EWK-105784947T,2017,2017-05-03,22,POWIAT OSTROWSKI,OSTRÓW MAZOWIECKA - OBSZAR WIEJSKI,Droga gminna,GMINNA,Jednojezdniowa dwukierunkowa,Odcinek prosty,Obszar zabudowany,21.73325,52.7486666666667,Jezdnia,Dobre warunki atmosferyczne,Noc - droga nieoświetlona,Najechanie na pieszego,1,1,0,Nieokreślone (puste pole),N,,,,,,,,,,
EWK-105914556L,2017,2017-05-20,23,POWIAT WĘGROWSKI,WĘGRÓW - OBSZAR MIEJSKI,Droga powiatowa,P4229W,Jednojezdniowa dwukierunkowa,Odcinek prosty,Obszar niezabudowany,22.0439444444444,52.3829166666667,Jezdnia,Dobre warunki atmosferyczne,Noc - droga nieoświetlona,Najechanie na pieszego,1,0,1,Ciężko,N,,,,,,,,,,
EWK-105914556L,2017,2017-05-20,23,POWIAT WĘGROWSKI,WĘGRÓW - OBSZAR MIEJSKI,Droga powiatowa,P4229W,Jednojezdniowa dwukierunkowa,Odcinek prosty,Obszar niezabudowany,22.0439444444444,52.3829166666667,Jezdnia,Dobre warunki atmosferyczne,Noc - droga nieoświetlona,Najechanie na pieszego,1,0,0,Nieokreślone (puste pole),N,,,,,,,,,,
EWK-105924521R,2017,2017-05-28,23,POWIAT MAKOWSKI,PŁONIAWY-BRAMURA - OBSZAR WIEJSKI,Droga powiatowa,P2110W,Jednojezdniowa dwukierunkowa,Odcinek prosty,Obszar zabudowany,21.0717777777778,52.9723055555556,Jezdnia,Dobre warunki atmosferyczne,Noc - droga nieoświetlona,Najechanie na pieszego,1,0,1,Lekko,T,,,,,,,,,,
EWK-105924521R,2017,2017-05-28,23,POWIAT MAKOWSKI,PŁONIAWY-BRAMURA - OBSZAR WIEJSKI,Droga powiatowa,P2110W,Jednojezdniowa dwukierunkowa,Odcinek prosty,Obszar zabudowany,21.0717777777778,52.9723055555556,Jezdnia,Dobre warunki atmosferyczne,Noc - droga nieoświetlona,Najechanie na pieszego,1,0,0,Nieokreślone (puste pole),T,,,,,,,,,,
EWK-105931778K,2017,2017-05-27,23,POWIAT PŁOCKI,DROBIN - OBSZAR WIEJSKI,Droga krajowa,60,Jednojezdniowa dwukierunkowa,Odcinek prosty,Obszar niezabudowany,19.9126666666667,52.7021388888889,Jezdnia,Dobre warunki atmosferyczne,Noc - droga nieoświetlona,Najechanie na pieszego,1,1,0,Nieokreślone (puste pole),T,,,,,,,,,,
EWK-106030727R,2017,2017-06-09,23,POWIAT RADOMSKI,JEDLNIA-LETNISKO - OBSZAR WIEJSKI,Droga gminna,GMINNA,Jednojezdniowa dwukierunkowa,Odcinek prosty,Obszar zabudowany,21.2236388888889,51.4158333333333,Jezdnia,Dobre warunki atmosferyczne,Noc - droga nieoświetlona,Najechanie na pieszego,1,0,1,Ciężko,N,,,,,,,,,,
EWK-106030727R,2017,2017-06-09,23,POWIAT RADOMSKI,JEDLNIA-LETNISKO - OBSZAR WIEJSKI,Droga gminna,GMINNA,Jednojezdniowa dwukierunkowa,Odcinek prosty,Obszar zabudowany,21.2236388888889,51.4158333333333,Jezdnia,Dobre warunki atmosferyczne,Noc - droga nieoświetlona,Najechanie na pieszego,1,0,0,Nieokreślone (puste pole),N,,,,,,,,,,
EWK-106161228K,2017,2017-06-28,0,POWIAT SIERPECKI,SZCZUTOWO - OBSZAR WIEJSKI,Droga krajowa,10,Jednojezdniowa dwukierunkowa,Odcinek prosty,Obszar niezabudowany,19.5770833333333,52.8867777777778,Jezdnia,Dobre warunki atmosferyczne,Noc - droga nieoświetlona,Najechanie na pieszego,1,0,1,Lekko,N,,,,,,,,,,
EWK-106161228K,2017,2017-06-28,0,POWIAT SIERPECKI,SZCZUTOWO - OBSZAR WIEJSKI,Droga krajowa,10,Jednojezdniowa dwukierunkowa,Odcinek prosty,Obszar niezabudowany,19.5770833333333,52.8867777777778,Jezdnia,Dobre warunki atmosferyczne,Noc - droga nieoświetlona,Najechanie na pieszego,1,1,0,Nieokreślone (puste pole),N,,,,,,,,,,
EWK-106169787L,2017,2017-07-01,0,POWIAT CIECHANOWSKI,OPINOGÓRA GÓRNA - OBSZAR WIEJSKI,Droga wojewódzka,617,Jednojezdniowa dwukierunkowa,Odcinek prosty,Obszar niezabudowany,20.7605555555556,52.9636111111111,Jezdnia,Dobre warunki atmosferyczne,Noc - droga nieoświetlona,Najechanie na pieszego,1,0,1,Lekko,T,,,,,,,,,,
EWK-106169787L,2017,2017-07-01,0,POWIAT CIECHANOWSKI,OPINOGÓRA GÓRNA - OBSZAR WIEJSKI,Droga wojewódzka,617,Jednojezdniowa dwukierunkowa,Odcinek prosty,Obszar niezabudowany,20.7605555555556,52.9636111111111,Jezdnia,Dobre warunki atmosferyczne,Noc - droga nieoświetlona,Najechanie na pieszego,1,0,0,Nieokreślone (puste pole),T,,,,,,,,,,
EWK-106260051R,2017,2017-07-15,23,POWIAT RADOMSKI,PIONKI - OBSZAR MIEJSKI,Droga powiatowa,P3523W,Jednojezdniowa dwukierunkowa,Odcinek prosty,Obszar niezabudowany,21.4108055555556,51.4564444444445,Jezdnia,Dobre warunki atmosferyczne,Noc - droga nieoświetlona,Najechanie na pieszego,1,0,1,Ciężko,N,,,,,,,,,,
EWK-106260051R,2017,2017-07-15,23,POWIAT RADOMSKI,PIONKI - OBSZAR MIEJSKI,Droga powiatowa,P3523W,Jednojezdniowa dwukierunkowa,Odcinek prosty,Obszar niezabudowany,21.4108055555556,51.4564444444445,Jezdnia,Dobre warunki atmosferyczne,Noc - droga nieoświetlona,Najechanie na pieszego,1,0,0,Nieokreślone (puste pole),N,,,,,,,,,,
EWK-106265740N,2017,2017-07-17,21,POWIAT LIPSKI,CHOTCZA - OBSZAR WIEJSKI,Droga powiatowa,P1913W,Jednojezdniowa dwukierunkowa,"Zakręt, łuk",Obszar zabudowany,21.6745833333333,51.2712777777778,Jezdnia,Dobre warunki atmosferyczne,Noc - droga nieoświetlona,Najechanie na pieszego,1,1,0,Nieokreślone (puste pole),N,,,,,,,,,,
EWK-106269288Y,2017,2017-07-19,22,POWIAT WYSZKOWSKI,BRAŃSZCZYK - OBSZAR WIEJSKI,Droga krajowa,8,Jednojezdniowa dwukierunkowa,Odcinek prosty,Obszar niezabudowany,21.6297777777778,52.6833055555556,Jezdnia,Dobre warunki atmosferyczne,Noc - droga nieoświetlona,Najechanie na pieszego,1,0,1,Ciężko,N,,,,,,,,,,
EWK-106269288Y,2017,2017-07-19,22,POWIAT WYSZKOWSKI,BRAŃSZCZYK - OBSZAR WIEJSKI,Droga krajowa,8,Jednojezdniowa dwukierunkowa,Odcinek prosty,Obszar niezabudowany,21.6297777777778,52.6833055555556,Jezdnia,Dobre warunki atmosferyczne,Noc - droga nieoświetlona,Najechanie na pieszego,1,0,0,Nieokreślone (puste pole),N,,,,,,,,,,
EWK-106306827T,2017,2017-08-07,22,POWIAT PŁOCK,PŁOCK - OBSZAR MIEJSKI,Droga powiatowa,P5219W,Jednojezdniowa dwukierunkowa,"Zakręt, łuk",Obszar zabudowany,19.6958055555556,52.5378333333333,Jezdnia,Dobre warunki atmosferyczne,Noc - droga nieoświetlona,Najechanie na pieszego,1,0,1,Lekko,N,,,,,,,,,,
EWK-106306827T,2017,2017-08-07,22,POWIAT PŁOCK,PŁOCK - OBSZAR MIEJSKI,Droga powiatowa,P5219W,Jednojezdniowa dwukierunkowa,"Zakręt, łuk",Obszar zabudowany,19.6958055555556,52.5378333333333,Jezdnia,Dobre warunki atmosferyczne,Noc - droga nieoświetlona,Najechanie na pieszego,1,0,0,Nieokreślone (puste pole),N,,,,,,,,,,
EWK-106307820C,2017,2017-08-04,22,POWIAT PŁOŃSKI,RACIĄŻ - OBSZAR WIEJSKI,Droga krajowa,60,Jednojezdniowa dwukierunkowa,Odcinek prosty,Obszar niezabudowany,20.1611944444444,52.7926388888889,Jezdnia,Dobre warunki atmosferyczne,Noc - droga nieoświetlona,Najechanie na pieszego,1,0,1,Ciężko,N,,,,,,,,,,
EWK-106307820C,2017,2017-08-04,22,POWIAT PŁOŃSKI,RACIĄŻ - OBSZAR WIEJSKI,Droga krajowa,60,Jednojezdniowa dwukierunkowa,Odcinek prosty,Obszar niezabudowany,20.1611944444444,52.7926388888889,Jezdnia,Dobre warunki atmosferyczne,Noc - droga nieoświetlona,Najechanie na pieszego,1,0,0,Nieokreślone (puste pole),N,,,,,,,,,,
EWK-106341179N,2017,2017-08-26,20,POWIAT SIERPECKI,MOCHOWO - OBSZAR WIEJSKI,Droga wojewódzka,541,Jednojezdniowa dwukierunkowa,Odcinek prosty,Obszar zabudowany,19.5488888888889,52.7660277777778,Jezdnia,Dobre warunki atmosferyczne,Noc - droga nieoświetlona,Najechanie na pieszego,1,0,1,Ciężko,N,,,,,,,,,,
EWK-106341179N,2017,2017-08-26,20,POWIAT SIERPECKI,MOCHOWO - OBSZAR WIEJSKI,Droga wojewódzka,541,Jednojezdniowa dwukierunkowa,Odcinek prosty,Obszar zabudowany,19.5488888888889,52.7660277777778,Jezdnia,Dobre warunki atmosferyczne,Noc - droga nieoświetlona,Najechanie na pieszego,1,0,0,Nieokreślone (puste pole),N,,,,,,,,,,
EWK-106341731C,2017,2017-08-26,21,POWIAT MŁAWSKI,MŁAWA - OBSZAR MIEJSKI,Droga krajowa,7,Jednojezdniowa dwukierunkowa,Odcinek prosty,Obszar zabudowany,20.3970833333333,53.1378611111111,Jezdnia,Dobre warunki atmosferyczne,Noc - droga nieoświetlona,Najechanie na pieszego,1,0,1,Lekko,T,,,,,,,,,,
EWK-106341731C,2017,2017-08-26,21,POWIAT MŁAWSKI,MŁAWA - OBSZAR MIEJSKI,Droga krajowa,7,Jednojezdniowa dwukierunkowa,Odcinek prosty,Obszar zabudowany,20.3970833333333,53.1378611111111,Jezdnia,Dobre warunki atmosferyczne,Noc - droga nieoświetlona,Najechanie na pieszego,1,0,0,Nieokreślone (puste pole),T,,,,,,,,,,
EWK-106358872Q,2017,2017-09-03,20,POWIAT ŻYRARDOWSKI,PUSZCZA MARIAŃSKA - OBSZAR WIEJSKI,Droga wojewódzka,719,Jednojezdniowa dwukierunkowa,Odcinek prosty,Obszar niezabudowany,20.3264444444444,51.9665,Jezdnia,Dobre warunki atmosferyczne,Noc - droga nieoświetlona,Najechanie na pieszego,1,0,1,Lekko,T,,,,,,,,,,
EWK-106358872Q,2017,2017-09-03,20,POWIAT ŻYRARDOWSKI,PUSZCZA MARIAŃSKA - OBSZAR WIEJSKI,Droga wojewódzka,719,Jednojezdniowa dwukierunkowa,Odcinek prosty,Obszar niezabudowany,20.3264444444444,51.9665,Jezdnia,Dobre warunki atmosferyczne,Noc - droga nieoświetlona,Najechanie na pieszego,1,0,0,Nieokreślone (puste pole),T,,,,,,,,,,
EWK-106370880T,2017,2017-09-09,21,POWIAT PUŁTUSKI,ŚWIERCZE - OBSZAR WIEJSKI,Droga powiatowa,34148W,Jednojezdniowa dwukierunkowa,Odcinek prosty,Obszar niezabudowany,20.8294166666667,52.6569166666667,Jezdnia,Dobre warunki atmosferyczne,Noc - droga nieoświetlona,Najechanie na pieszego,1,1,0,Nieokreślone (puste pole),N,,,,,,,,,,
EWK-106381499H,2017,2017-09-13,22,POWIAT PRZYSUSKI,PRZYSUCHA - OBSZAR MIEJSKI,Droga krajowa,12,Jednojezdniowa dwukierunkowa,"Zakręt, łuk",Obszar zabudowany,20.6402777777778,51.3603611111111,Jezdnia,Dobre warunki atmosferyczne,Noc - droga nieoświetlona,Najechanie na pieszego,1,0,1,Ciężko,T,,,,,,,,,,
EWK-106381499H,2017,2017-09-13,22,POWIAT PRZYSUSKI,PRZYSUCHA - OBSZAR MIEJSKI,Droga krajowa,12,Jednojezdniowa dwukierunkowa,"Zakręt, łuk",Obszar zabudowany,20.6402777777778,51.3603611111111,Jezdnia,Dobre warunki atmosferyczne,Noc - droga nieoświetlona,Najechanie na pieszego,1,0,0,Nieokreślone (puste pole),T,,,,,,,,,,
EWK-106406153G,2017,2017-09-15,22,POWIAT ŁOSICKI,SARNAKI - OBSZAR WIEJSKI,Droga wojewódzka,811,Jednojezdniowa dwukierunkowa,Odcinek prosty,Obszar niezabudowany,22.9979444444444,52.2763333333333,Jezdnia,Dobre warunki atmosferyczne,Noc - droga nieoświetlona,Najechanie na pieszego,1,1,0,Nieokreślone (puste pole),N,,,,,,,,,,
EWK-106427030P,2017,2017-09-25,19,POWIAT SIERPECKI,MOCHOWO - OBSZAR WIEJSKI,Droga powiatowa,2999W,Jednojezdniowa dwukierunkowa,Odcinek prosty,Obszar niezabudowany,19.55825,52.7348611111111,Jezdnia,Dobre warunki atmosferyczne,Noc - droga nieoświetlona,Najechanie na pieszego,1,0,1,Ciężko,N,,,,,,,,,,
EWK-106427030P,2017,2017-09-25,19,POWIAT SIERPECKI,MOCHOWO - OBSZAR WIEJSKI,Droga powiatowa,2999W,Jednojezdniowa dwukierunkowa,Odcinek prosty,Obszar niezabudowany,19.55825,52.7348611111111,Jezdnia,Dobre warunki atmosferyczne,Noc - droga nieoświetlona,Najechanie na pieszego,1,0,0,Nieokreślone (puste pole),N,,,,,,,,,,
EWK-106428263E,2017,2017-09-26,19,POWIAT RADOMSKI,KOWALA - OBSZAR WIEJSKI,Droga gminna,GMINNA,Jednojezdniowa dwukierunkowa,Odcinek prosty,Obszar zabudowany,21.1046666666667,51.3483888888889,Jezdnia,Dobre warunki atmosferyczne,Noc - droga nieoświetlona,Najechanie na pieszego,1,0,1,Ciężko,N,,,,,,,,,,
EWK-106428263E,2017,2017-09-26,19,POWIAT RADOMSKI,KOWALA - OBSZAR WIEJSKI,Droga gminna,GMINNA,Jednojezdniowa dwukierunkowa,Odcinek prosty,Obszar zabudowany,21.1046666666667,51.3483888888889,Jezdnia,Dobre warunki atmosferyczne,Noc - droga nieoświetlona,Najechanie na pieszego,1,0,0,Nieokreślone (puste pole),N,,,,,,,,,,
EWK-106432862M,2017,2017-09-27,22,POWIAT PRZYSUSKI,ODRZYWÓŁ - OBSZAR WIEJSKI,Droga krajowa,48,Jednojezdniowa dwukierunkowa,Odcinek prosty,Obszar niezabudowany,20.52075,51.5205833333333,Jezdnia,Dobre warunki atmosferyczne,Noc - droga nieoświetlona,Najechanie na pieszego,1,0,1,Ciężko,N,,,,,,,,,,
EWK-106432862M,2017,2017-09-27,22,POWIAT PRZYSUSKI,ODRZYWÓŁ - OBSZAR WIEJSKI,Droga krajowa,48,Jednojezdniowa dwukierunkowa,Odcinek prosty,Obszar niezabudowany,20.52075,51.5205833333333,Jezdnia,Dobre warunki atmosferyczne,Noc - droga nieoświetlona,Najechanie na pieszego,1,0,0,Nieokreślone (puste pole),N,,,,,,,,,,
EWK-106437141M,2017,2017-09-29,21,POWIAT PŁOŃSKI,RACIĄŻ - OBSZAR WIEJSKI,Droga powiatowa,P3022W,Jednojezdniowa dwukierunkowa,Odcinek prosty,Obszar zabudowany,20.1306944444444,52.7453611111111,Jezdnia,Dobre warunki atmosferyczne,Noc - droga nieoświetlona,Najechanie na pieszego,1,0,1,Ciężko,T,,,,,,,,,,
EWK-106437141M,2017,2017-09-29,21,POWIAT PŁOŃSKI,RACIĄŻ - OBSZAR WIEJSKI,Droga powiatowa,P3022W,Jednojezdniowa dwukierunkowa,Odcinek prosty,Obszar zabudowany,20.1306944444444,52.7453611111111,Jezdnia,Dobre warunki atmosferyczne,Noc - droga nieoświetlona,Najechanie na pieszego,1,0,0,Nieokreślone (puste pole),T,,,,,,,,,,
EWK-106449422W,2017,2017-10-02,22,POWIAT MŁAWSKI,SZYDŁOWO - OBSZAR WIEJSKI,Droga wojewódzka,615,Jednojezdniowa dwukierunkowa,Odcinek prosty,Obszar niezabudowany,20.4348611111111,53.0894166666667,Jezdnia,Dobre warunki atmosferyczne,Noc - droga nieoświetlona,Najechanie na pieszego,1,1,0,Nieokreślone (puste pole),N,,,,,,,,,,
EWK-106460018U,2017,2017-10-11,18,POWIAT WYSZKOWSKI,RZĄŚNIK - OBSZAR WIEJSKI,Droga powiatowa,P4410W,Jednojezdniowa dwukierunkowa,Odcinek prosty,Obszar niezabudowany,21.3681944444444,52.7175833333333,Jezdnia,Dobre warunki atmosferyczne,Noc - droga nieoświetlona,Najechanie na pieszego,1,1,0,Nieokreślone (puste pole),N,,,,,,,,,,
EWK-106479115M,2017,2017-10-17,19,POWIAT PŁOŃSKI,RACIĄŻ - OBSZAR WIEJSKI,Droga krajowa,60,Jednojezdniowa dwukierunkowa,Odcinek prosty,Obszar zabudowany,20.2145555555556,52.815,Jezdnia,Dobre warunki atmosferyczne,Noc - droga nieoświetlona,Najechanie na pieszego,1,1,0,Nieokreślone (puste pole),N,,,,,,,,,,
EWK-106490338C,2017,2017-10-21,23,POWIAT RADOMSKI,KOWALA - OBSZAR WIEJSKI,Droga wojewódzka,733,Jednojezdniowa dwukierunkowa,Odcinek prosty,Obszar niezabudowany,21.1148611111111,51.2990833333333,Jezdnia,Dobre warunki atmosferyczne,Noc - droga nieoświetlona,Najechanie na pieszego,1,0,1,Lekko,N,,,,,,,,,,
EWK-106490338C,2017,2017-10-21,23,POWIAT RADOMSKI,KOWALA - OBSZAR WIEJSKI,Droga wojewódzka,733,Jednojezdniowa dwukierunkowa,Odcinek prosty,Obszar niezabudowany,21.1148611111111,51.2990833333333,Jezdnia,Dobre warunki atmosferyczne,Noc - droga nieoświetlona,Najechanie na pieszego,1,0,0,Nieokreślone (puste pole),N,,,,,,,,,,
EWK-106497950Y,2017,2017-10-25,5,POWIAT OSTROŁĘCKI,TROSZYN - OBSZAR WIEJSKI,Droga wojewódzka,627,Jednojezdniowa dwukierunkowa,Odcinek prosty,Obszar niezabudowany,21.6861388888889,53.03275,Jezdnia,Dobre warunki atmosferyczne,Noc - droga nieoświetlona,Najechanie na pieszego,1,0,1,Ciężko,N,,,,,,,,,,
EWK-106497950Y,2017,2017-10-25,5,POWIAT OSTROŁĘCKI,TROSZYN - OBSZAR WIEJSKI,Droga wojewódzka,627,Jednojezdniowa dwukierunkowa,Odcinek prosty,Obszar niezabudowany,21.6861388888889,53.03275,Jezdnia,Dobre warunki atmosferyczne,Noc - droga nieoświetlona,Najechanie na pieszego,1,0,0,Nieokreślone (puste pole),N,,,,,,,,,,
EWK-106502808T,2017,2017-10-26,18,POWIAT LIPSKI,CIEPIELÓW - OBSZAR WIEJSKI,Droga krajowa,79,Jednojezdniowa dwukierunkowa,Odcinek prosty,Obszar niezabudowany,21.5808888888889,51.2398888888889,Jezdnia,Dobre warunki atmosferyczne,Noc - droga nieoświetlona,Najechanie na pieszego,1,1,0,Nieokreślone (puste pole),N,,,,,,,,,,
EWK-106522025F,2017,2017-11-04,16,POWIAT GARWOLIŃSKI,WILGA - OBSZAR WIEJSKI,Droga wojewódzka,801,Jednojezdniowa dwukierunkowa,"Zakręt, łuk",Obszar niezabudowany,21.3938333333333,51.8243888888889,Jezdnia,Dobre warunki atmosferyczne,Noc - droga nieoświetlona,Najechanie na pieszego,1,1,0,Nieokreślone (puste pole),N,,,,,,,,,,
EWK-106522603E,2017,2017-11-05,20,POWIAT PRZYSUSKI,GIELNIÓW - OBSZAR WIEJSKI,Droga gminna,G330209W,Jednojezdniowa dwukierunkowa,"Zakręt, łuk",Obszar niezabudowany,20.4591666666667,51.3867222222222,Jezdnia,Dobre warunki atmosferyczne,Noc - droga nieoświetlona,Najechanie na pieszego,1,0,1,Lekko,N,,,,,,,,,,
EWK-106522603E,2017,2017-11-05,20,POWIAT PRZYSUSKI,GIELNIÓW - OBSZAR WIEJSKI,Droga gminna,G330209W,Jednojezdniowa dwukierunkowa,"Zakręt, łuk",Obszar niezabudowany,20.4591666666667,51.3867222222222,Jezdnia,Dobre warunki atmosferyczne,Noc - droga nieoświetlona,Najechanie na pieszego,1,0,0,Nieokreślone (puste pole),N,,,,,,,,,,
EWK-106523105M,2017,2017-11-04,17,POWIAT RADOMSKI,SKARYSZEW - OBSZAR MIEJSKI,Droga krajowa,9,Jednojezdniowa dwukierunkowa,Odcinek prosty,Obszar zabudowany,21.2409722222222,51.3255555555556,Jezdnia,Dobre warunki atmosferyczne,Noc - droga nieoświetlona,Najechanie na pieszego,1,1,0,Nieokreślone (puste pole),N,,,,,,,,,,
EWK-106532095P,2017,2017-11-09,18,POWIAT OSTROWSKI,OSTRÓW MAZOWIECKA - OBSZAR MIEJSKI,Droga gminna,GMINNA,Jednojezdniowa dwukierunkowa,Odcinek prosty,Obszar zabudowany,21.8988333333333,52.8065277777778,Jezdnia,Dobre warunki atmosferyczne,Noc - droga nieoświetlona,Najechanie na pieszego,1,0,1,Lekko,N,,,,,,,,,,
EWK-106532095P,2017,2017-11-09,18,POWIAT OSTROWSKI,OSTRÓW MAZOWIECKA - OBSZAR MIEJSKI,Droga gminna,GMINNA,Jednojezdniowa dwukierunkowa,Odcinek prosty,Obszar zabudowany,21.8988333333333,52.8065277777778,Jezdnia,Dobre warunki atmosferyczne,Noc - droga nieoświetlona,Najechanie na pieszego,1,0,0,Nieokreślone (puste pole),N,,,,,,,,,,
EWK-106532388A,2017,2017-11-10,3,POWIAT PRZYSUSKI,WIENIAWA - OBSZAR WIEJSKI,Droga krajowa,12,Jednojezdniowa dwukierunkowa,Odcinek prosty,Obszar zabudowany,20.7133611111111,51.3645833333333,Jezdnia,Dobre warunki atmosferyczne,Noc - droga nieoświetlona,Najechanie na pieszego,1,0,1,Ciężko,N,,,,,,,,,,