IDKSIP,year,date,hour,district,district_commune,road_category,road_number,type_of_road,road_geometry,area,Longitude,Latitude,char_place_of_the_event,weather_conditions,lighting,type_of_accident,num_of_accidents,num_of_fatalities,num_of_injured,type_of_injury,is_offender_intoxicated,,,,,,,,,,
EWK-106595450X,2017,2017-11-28,7,POWIAT RADOMSKI,JEDLIŃSK - OBSZAR WIEJSKI,Droga krajowa,7,Dwie jezdnie jednokierunkowe,Odcinek prosty,Obszar niezabudowany,21.1284166666667,51.4795555555556,Przejście dla pieszych,Dobre warunki atmosferyczne,Światło dzienne,Najechanie na pieszego,1,0,0,Nieokreślone (puste pole),N,,,,,,,,,,
EWK-106603484X,2017,2017-12-07,14,POWIAT SOCHACZEWSKI,SOCHACZEW - OBSZAR MIEJSKI,Droga gminna,GMINNA,Jednojezdniowa dwukierunkowa,Odcinek prosty,Obszar zabudowany,20.3785833333333,52.3556944444445,Przejście dla pieszych,Dobre warunki atmosferyczne,Światło dzienne,Najechanie na pieszego,1,0,1,Lekko,N,,,,,,,,,,
EWK-106603484X,2017,2017-12-07,14,POWIAT SOCHACZEWSKI,SOCHACZEW - OBSZAR MIEJSKI,Droga gminna,GMINNA,Jednojezdniowa dwukierunkowa,Odcinek prosty,Obszar zabudowany,20.3785833333333,52.3556944444445,Przejście dla pieszych,Dobre warunki atmosferyczne,Światło dzienne,Najechanie na pieszego,1,0,0,Nieokreślone (puste pole),N,,,,,,,,,,
EWK-106614821W,2017,2017-12-13,13,POWIAT PŁOCK,PŁOCK - OBSZAR MIEJSKI,Droga krajowa,60,Dwie jezdnie jednokierunkowe,Odcinek prosty,Obszar zabudowany,19.7255,52.5416666666667,Przejście dla pieszych,Dobre warunki atmosferyczne,Światło dzienne,Najechanie na pieszego,1,0,1,Lekko,N,,,,,,,,,,
EWK-106614821W,2017,2017-12-13,13,POWIAT PŁOCK,PŁOCK - OBSZAR MIEJSKI,Droga krajowa,60,Dwie jezdnie jednokierunkowe,Odcinek prosty,Obszar zabudowany,19.7255,52.5416666666667,Przejście dla pieszych,Dobre warunki atmosferyczne,Światło dzienne,Najechanie na pieszego,1,0,0,Nieokreślone (puste pole),N,,,,,,,,,,
EWK-106631090H,2017,2017-12-15,10,POWIAT RADOMSKI,IŁŻA - OBSZAR MIEJSKI,Droga krajowa,9,Jednojezdniowa dwukierunkowa,,Obszar zabudowany,21.237,51.1636944444444,Przejście dla pieszych,Dobre warunki atmosferyczne,Światło dzienne,Najechanie na pieszego,1,0,1,Lekko,N,,,,,,,,,,
EWK-106631090H,2017,2017-12-15,10,POWIAT RADOMSKI,IŁŻA - OBSZAR MIEJSKI,Droga krajowa,9,Jednojezdniowa dwukierunkowa,,Obszar zabudowany,21.237,51.1636944444444,Przejście dla pieszych,Dobre warunki atmosferyczne,Światło dzienne,Najechanie na pieszego,1,0,0,Nieokreślone (puste pole),N,,,,,,,,,,
EWK-105390809U,2017,2017-01-30,12,POWIAT GARWOLIŃSKI,GARWOLIN - OBSZAR MIEJSKI,Nieokreślone (puste pole),,Jednojezdniowa dwukierunkowa,Odcinek prosty,Obszar zabudowany,21.6158888888889,51.8919444444444,"Wjazd, wyjazd z posesji, pola",Dobre warunki atmosferyczne,Światło dzienne,Najechanie na pieszego,1,0,1,Lekko,N,,,,,,,,,,
EWK-105390809U,2017,2017-01-30,12,POWIAT GARWOLIŃSKI,GARWOLIN - OBSZAR MIEJSKI,Nieokreślone (puste pole),,Jednojezdniowa dwukierunkowa,Odcinek prosty,Obszar zabudowany,21.6158888888889,51.8919444444444,"Wjazd, wyjazd z posesji, pola",Dobre warunki atmosferyczne,Światło dzienne,Najechanie na pieszego,1,0,0,Nieokreślone (puste pole),N,,,,,,,,,,
EWK-105394350K,2017,2017-02-01,10,POWIAT RADOM,RADOM - OBSZAR MIEJSKI,Droga wojewódzka,744,Jednojezdniowa dwukierunkowa,Odcinek prosty,Obszar zabudowany,21.1307222222222,51.3863333333333,"Wjazd, wyjazd z posesji, pola",Dobre warunki atmosferyczne,Światło dzienne,Najechanie na pieszego,1,0,1,Ciężko,N,,,,,,,,,,
EWK-105394350K,2017,2017-02-01,10,POWIAT RADOM,RADOM - OBSZAR MIEJSKI,Droga wojewódzka,744,Jednojezdniowa dwukierunkowa,Odcinek prosty,Obszar zabudowany,21.1307222222222,51.3863333333333,"Wjazd, wyjazd z posesji, pola",Dobre warunki atmosferyczne,Światło dzienne,Najechanie na pieszego,1,0,0,Nieokreślone (puste pole),N,,,,,,,,,,
EWK-106161931R,2017,2017-06-28,14,POWIAT RADOM,RADOM - OBSZAR MIEJSKI,Droga gminna,G530123W,Jednojezdniowa dwukierunkowa,Odcinek prosty,Obszar zabudowany,21.1675833333333,51.3934166666667,"Wjazd, wyjazd z posesji, pola",Dobre warunki atmosferyczne,Światło dzienne,Najechanie na pieszego,1,0,1,Lekko,N,,,,,,,,,,
EWK-106161931R,2017,2017-06-28,14,POWIAT RADOM,RADOM - OBSZAR MIEJSKI,Droga gminna,G530123W,Jednojezdniowa dwukierunkowa,Odcinek prosty,Obszar zabudowany,21.1675833333333,51.3934166666667,"Wjazd, wyjazd z posesji, pola",Dobre warunki atmosferyczne,Światło dzienne,Najechanie na pieszego,1,0,0,Nieokreślone (puste pole),N,,,,,,,,,,
EWK-105723560X,2017,2017-03-30,20,POWIAT GARWOLIŃSKI,GARWOLIN - OBSZAR MIEJSKI,Nieokreślone (puste pole),,Jednojezdniowa dwukierunkowa,Odcinek prosty,Obszar zabudowany,21.6194722222222,51.8889444444444,Jezdnia,Dobre warunki atmosferyczne,"Świt, zmrok",Najechanie na pieszego,1,0,1,Lekko,N,,,,,,,,,,
EWK-105723560X,2017,2017-03-30,20,POWIAT GARWOLIŃSKI,GARWOLIN - OBSZAR MIEJSKI,Nieokreślone (puste pole),,Jednojezdniowa dwukierunkowa,Odcinek prosty,Obszar zabudowany,21.6194722222222,51.8889444444444,Jezdnia,Dobre warunki atmosferyczne,"Świt, zmrok",Najechanie na pieszego,1,0,0,Nieokreślone (puste pole),N,,,,,,,,,,
EWK-105765376J,2017,2017-04-20,20,POWIAT PŁOCKI,RADZANOWO - OBSZAR WIEJSKI,Droga krajowa,60,Jednojezdniowa dwukierunkowa,Odcinek prosty,Obszar niezabudowany,19.7534444444444,52.5864444444444,Jezdnia,Dobre warunki atmosferyczne,"Świt, zmrok",Najechanie na pieszego,1,1,0,Nieokreślone (puste pole),T,,,,,,,,,,
EWK-105921198L,2017,2017-05-24,19,POWIAT RADOM,RADOM - OBSZAR MIEJSKI,Droga gminna,G530101W,Dwie jezdnie jednokierunkowe,Odcinek prosty,Obszar zabudowany,21.1593888888889,51.4068333333333,Jezdnia,Dobre warunki atmosferyczne,"Świt, zmrok",Najechanie na pieszego,1,0,1,Ciężko,N,,,,,,,,,,
EWK-105921198L,2017,2017-05-24,19,POWIAT RADOM,RADOM - OBSZAR MIEJSKI,Droga gminna,G530101W,Dwie jezdnie jednokierunkowe,Odcinek prosty,Obszar zabudowany,21.1593888888889,51.4068333333333,Jezdnia,Dobre warunki atmosferyczne,"Świt, zmrok",Najechanie na pieszego,1,0,0,Nieokreślone (puste pole),N,,,,,,,,,,
EWK-106365891N,2017,2017-09-06,19,POWIAT PRZYSUSKI,POTWORÓW - OBSZAR WIEJSKI,Droga wojewódzka,740,Jednojezdniowa dwukierunkowa,Odcinek prosty,Obszar niezabudowany,20.7371666666667,51.5069166666667,Jezdnia,Dobre warunki atmosferyczne,"Świt, zmrok",Najechanie na pieszego,1,0,4,Lekko,T,,,,,,,,,,
EWK-106365891N,2017,2017-09-06,19,POWIAT PRZYSUSKI,POTWORÓW - OBSZAR WIEJSKI,Droga wojewódzka,740,Jednojezdniowa dwukierunkowa,Odcinek prosty,Obszar niezabudowany,20.7371666666667,51.5069166666667,Jezdnia,Dobre warunki atmosferyczne,"Świt, zmrok",Najechanie na pieszego,1,0,0,Nieokreślone (puste pole),T,,,,,,,,,,
EWK-106521235A,2017,2017-11-03,16,POWIAT PŁOCKI,STARA BIAŁA - OBSZAR WIEJSKI,Droga powiatowa,5205W,Jednojezdniowa dwukierunkowa,Odcinek prosty,Obszar zabudowany,19.7119722222222,52.6201388888889,Jezdnia,Dobre warunki atmosferyczne,"Świt, zmrok",Najechanie na pieszego,1,1,0,Nieokreślone (puste pole),N,,,,,,,,,,
EWK-106561083D,2017,2017-11-23,16,POWIAT PUŁTUSKI,ZATORY - OBSZAR WIEJSKI,Droga powiatowa,P3421W,Jednojezdniowa dwukierunkowa,Odcinek prosty,Obszar niezabudowany,21.2399166666667,52.6204444444444,Jezdnia,Dobre warunki atmosferyczne,"Świt, zmrok",Najechanie na pieszego,1,1,0,Nieokreślone (puste pole),N,,,,,,,,,,
EWK-106571439D,2017,2017-11-24,16,POWIAT MAKOWSKI,SYPNIEWO - OBSZAR WIEJSKI,Droga powiatowa,P2132W,Jednojezdniowa dwukierunkowa,Odcinek prosty,Obszar niezabudowany,21.3575277777778,52.9654722222222,Jezdnia,Dobre warunki atmosferyczne,"Świt, zmrok",Najechanie na pieszego,1,1,0,Nieokreślone (puste pole),N,,,,,,,,,,
EWK-105362781U,2017,2017-01-22,6,POWIAT KOZIENICKI,KOZIENICE - OBSZAR WIEJSKI,Droga powiatowa,P1726W,Jednojezdniowa dwukierunkowa,Odcinek prosty,Obszar niezabudowany,21.5940277777778,51.5809166666667,Pobocze,Dobre warunki atmosferyczne,"Świt, zmrok",Najechanie na pieszego,1,0,1,Lekko,N,,,,,,,,,,
EWK-105362781U,2017,2017-01-22,6,POWIAT KOZIENICKI,KOZIENICE - OBSZAR WIEJSKI,Droga powiatowa,P1726W,Jednojezdniowa dwukierunkowa,Odcinek prosty,Obszar niezabudowany,21.5940277777778,51.5809166666667,Pobocze,Dobre warunki atmosferyczne,"Świt, zmrok",Najechanie na pieszego,1,0,0,Nieokreślone (puste pole),N,,,,,,,,,,
EWK-106467516R,2017,2017-10-14,18,POWIAT BIAŁOBRZESKI,STROMIEC - OBSZAR WIEJSKI,Droga gminna,G110538W,Jednojezdniowa dwukierunkowa,Odcinek prosty,Obszar niezabudowany,21.1963611111111,51.5962222222222,Pobocze,Dobre warunki atmosferyczne,"Świt, zmrok",Najechanie na pieszego,1,0,1,Ciężko,N,,,,,,,,,,
EWK-106467516R,2017,2017-10-14,18,POWIAT BIAŁOBRZESKI,STROMIEC - OBSZAR WIEJSKI,Droga gminna,G110538W,Jednojezdniowa dwukierunkowa,Odcinek prosty,Obszar niezabudowany,21.1963611111111,51.5962222222222,Pobocze,Dobre warunki atmosferyczne,"Świt, zmrok",Najechanie na pieszego,1,0,0,Nieokreślone (puste pole),N,,,,,,,,,,
EWK-106523717P,2017,2017-11-05,16,POWIAT WYSZKOWSKI,WYSZKÓW - OBSZAR MIEJSKI,Droga gminna,GMINNA,Jednojezdniowa dwukierunkowa,Odcinek prosty,Obszar zabudowany,21.4651944444444,52.6055555555556,Przejście dla pieszych,Dobre warunki atmosferyczne,"Świt, zmrok",Najechanie na pieszego,1,0,1,Lekko,N,,,,,,,,,,
EWK-106523717P,2017,2017-11-05,16,POWIAT WYSZKOWSKI,WYSZKÓW - OBSZAR MIEJSKI,Droga gminna,GMINNA,Jednojezdniowa dwukierunkowa,Odcinek prosty,Obszar zabudowany,21.4651944444444,52.6055555555556,Przejście dla pieszych,Dobre warunki atmosferyczne,"Świt, zmrok",Najechanie na pieszego,1,0,0,Nieokreślone (puste pole),N,,,,,,,,,,
EWK-106604768H,2017,2017-12-07,16,POWIAT GOSTYNIŃSKI,GOSTYNIN - OBSZAR MIEJSKI,Droga gminna,G140194W,Jednojezdniowa dwukierunkowa,Odcinek prosty,Obszar zabudowany,19.4597222222222,52.4223611111111,Przejście dla pieszych,Dobre warunki atmosferyczne,"Świt, zmrok",Najechanie na pieszego,1,0,1,Lekko,N,,,,,,,,,,
EWK-106604768H,2017,2017-12-07,16,POWIAT GOSTYNIŃSKI,GOSTYNIN - OBSZAR MIEJSKI,Droga gminna,G140194W,Jednojezdniowa dwukierunkowa,Odcinek prosty,Obszar zabudowany,19.4597222222222,52.4223611111111,Przejście dla pieszych,Dobre warunki atmosferyczne,"Świt, zmrok",Najechanie na pieszego,1,0,0,Nieokreślone (puste pole),N,,,,,,,,,,
EWK-106606342A,2017,2017-12-08,16,POWIAT SOCHACZEWSKI,SOCHACZEW - OBSZAR MIEJSKI,Droga powiatowa,3847W,Jednojezdniowa dwukierunkowa,,Obszar zabudowany,20.2780833333333,52.2533611111111,Przejście dla pieszych,Dobre warunki atmosferyczne,"Świt, zmrok",Najechanie na pieszego,1,0,1,Ciężko,N,,,,,,,,,,
EWK-106606342A,2017,2017-12-08,16,POWIAT SOCHACZEWSKI,SOCHACZEW - OBSZAR MIEJSKI,Droga powiatowa,3847W,Jednojezdniowa dwukierunkowa,,Obszar zabudowany,20.2780833333333,52.2533611111111,Przejście dla pieszych,Dobre warunki atmosferyczne,"Świt, zmrok",Najechanie na pieszego,1,0,0,Nieokreślone (puste pole),N,,,,,,,,,,
EWK-106625595T,2017,2017-12-19,15,POWIAT ŻYRARDOWSKI,ŻYRARDÓW - OBSZAR MIEJSKI,Droga gminna,GMINNA,Jednojezdniowa dwukierunkowa,,Obszar zabudowany,20.4406944444444,52.0535833333333,Przejście dla pieszych,Dobre warunki atmosferyczne,"Świt, zmrok",Najechanie na pieszego,1,0,1,Ciężko,N,,,,,,,,,,
EWK-106625595T,2017,2017-12-19,15,POWIAT ŻYRARDOWSKI,ŻYRARDÓW - OBSZAR MIEJSKI,Droga gminna,GMINNA,Jednojezdniowa dwukierunkowa,,Obszar zabudowany,20.4406944444444,52.0535833333333,Przejście dla pieszych,Dobre warunki atmosferyczne,"Świt, zmrok",Najechanie na pieszego,1,0,0,Nieokreślone (puste pole),N,,,,,,,,,,
EWK-105361884T,2017,2017-01-21,19,POWIAT PRZYSUSKI,GIELNIÓW - OBSZAR WIEJSKI,Droga krajowa,12,Jednojezdniowa dwukierunkowa,,Obszar niezabudowany,20.4446666666667,51.3942222222222,Jezdnia,Dobre warunki atmosferyczne,Noc - droga nieoświetlona,Zderzenie pojazdów boczne,1,0,3,Lekko,N,,,,,,,,,,
EWK-105361884T,2017,2017-01-21,19,POWIAT PRZYSUSKI,GIELNIÓW - OBSZAR WIEJSKI,Droga krajowa,12,Jednojezdniowa dwukierunkowa,,Obszar niezabudowany,20.4446666666667,51.3942222222222,Jezdnia,Dobre warunki atmosferyczne,Noc - droga nieoświetlona,Zderzenie pojazdów boczne,1,0,0,Nieokreślone (puste pole),N,,,,,,,,,,
EWK-105937464M,2017,2017-06-02,15,POWIAT RADOM,RADOM - OBSZAR MIEJSKI,Droga powiatowa,P5344W,Jednojezdniowa dwukierunkowa,,Obszar zabudowany,21.0893055555556,51.3553888888889,Jezdnia,Dobre warunki atmosferyczne,Światło dzienne,Zderzenie pojazdów boczne,1,0,1,Lekko,N,,,,,,,,,,
EWK-105937464M,2017,2017-06-02,15,POWIAT RADOM,RADOM - OBSZAR MIEJSKI,Droga powiatowa,P5344W,Jednojezdniowa dwukierunkowa,,Obszar zabudowany,21.0893055555556,51.3553888888889,Jezdnia,Dobre warunki atmosferyczne,Światło dzienne,Zderzenie pojazdów boczne,1,0,0,Nieokreślone (puste pole),N,,,,,,,,,,
EWK-105726527P,2017,2017-04-01,19,POWIAT SIERPECKI,SIERPC - OBSZAR WIEJSKI,Droga gminna,GMINNA,Jednojezdniowa dwukierunkowa,Odcinek prosty,Obszar niezabudowany,19.63675,52.7949166666667,Jezdnia,Dobre warunki atmosferyczne,"Świt, zmrok",Zderzenie pojazdów boczne,1,0,1,Ciężko,N,,,,,,,,,,
EWK-105726527P,2017,2017-04-01,19,POWIAT SIERPECKI,SIERPC - OBSZAR WIEJSKI,Droga gminna,GMINNA,Jednojezdniowa dwukierunkowa,Odcinek prosty,Obszar niezabudowany,19.63675,52.7949166666667,Jezdnia,Dobre warunki atmosferyczne,"Świt, zmrok",Zderzenie pojazdów boczne,1,0,2,Lekko,N,,,,,,,,,,
EWK-106375304J,2017,2017-09-12,11,POWIAT PŁOCKI,BODZANÓW - OBSZAR WIEJSKI,Droga powiatowa,P2941W,Jednojezdniowa dwukierunkowa,Odcinek prosty,Obszar zabudowany,19.9284444444444,52.4936388888889,Jezdnia,Dobre warunki atmosferyczne,Światło dzienne,Zderzenie pojazdów czołowe,1,0,2,Ciężko,N,,,,,,,,,,
EWK-106375304J,2017,2017-09-12,11,POWIAT PŁOCKI,BODZANÓW - OBSZAR WIEJSKI,Droga powiatowa,P2941W,Jednojezdniowa dwukierunkowa,Odcinek prosty,Obszar zabudowany,19.9284444444444,52.4936388888889,Jezdnia,Dobre warunki atmosferyczne,Światło dzienne,Zderzenie pojazdów czołowe,1,0,1,Lekko,N,,,,,,,,,,
EWK-106375304J,2017,2017-09-12,11,POWIAT PŁOCKI,BODZANÓW - OBSZAR WIEJSKI,Droga powiatowa,P2941W,Jednojezdniowa dwukierunkowa,Odcinek prosty,Obszar zabudowany,19.9284444444444,52.4936388888889,Jezdnia,Dobre warunki atmosferyczne,Światło dzienne,Zderzenie pojazdów czołowe,1,1,0,Nieokreślone (puste pole),N,,,,,,,,,,
EWK-105910518G,2017,2017-05-20,9,POWIAT GARWOLIŃSKI,PILAWA - OBSZAR WIEJSKI,Droga krajowa,17,Jednojezdniowa dwukierunkowa,Odcinek prosty,Obszar niezabudowany,21.5393611111111,51.9981111111111,Jezdnia,Dobre warunki atmosferyczne,Światło dzienne,Zderzenie pojazdów tylne,1,0,1,Ciężko,N,,,,,,,,,,
EWK-105910518G,2017,2017-05-20,9,POWIAT GARWOLIŃSKI,PILAWA - OBSZAR WIEJSKI,Droga krajowa,17,Jednojezdniowa dwukierunkowa,Odcinek prosty,Obszar niezabudowany,21.5393611111111,51.9981111111111,Jezdnia,Dobre warunki atmosferyczne,Światło dzienne,Zderzenie pojazdów tylne,1,0,1,Lekko,N,,,,,,,,,,
EWK-105910518G,2017,2017-05-20,9,POWIAT GARWOLIŃSKI,PILAWA - OBSZAR WIEJSKI,Droga krajowa,17,Jednojezdniowa dwukierunkowa,Odcinek prosty,Obszar niezabudowany,21.5393611111111,51.9981111111111,Jezdnia,Dobre warunki atmosferyczne,Światło dzienne,Zderzenie pojazdów tylne,1,1,0,Nieokreślone (puste pole),N,,,,,,,,,,
EWK-106164464Q,2017,2017-06-29,14,POWIAT RADOM,RADOM - OBSZAR MIEJSKI,Droga powiatowa,P3564W,Jednojezdniowa dwukierunkowa,,Obszar zabudowany,21.0993888888889,51.3663888888889,Jezdnia,Dobre warunki atmosferyczne,Światło dzienne,Zderzenie pojazdów tylne,1,0,1,Ciężko,N,,,,,,,,,,
EWK-106164464Q,2017,2017-06-29,14,POWIAT RADOM,RADOM - OBSZAR MIEJSKI,Droga powiatowa,P3564W,Jednojezdniowa dwukierunkowa,,Obszar zabudowany,21.0993888888889,51.3663888888889,Jezdnia,Dobre warunki atmosferyczne,Światło dzienne,Zderzenie pojazdów tylne,1,0,1,Lekko,N,,,,,,,,,,
EWK-106164464Q,2017,2017-06-29,14,POWIAT RADOM,RADOM - OBSZAR MIEJSKI,Droga powiatowa,P3564W,Jednojezdniowa dwukierunkowa,,Obszar zabudowany,21.0993888888889,51.3663888888889,Jezdnia,Dobre warunki atmosferyczne,Światło dzienne,Zderzenie pojazdów tylne,1,0,0,Nieokreślone (puste pole),N,,,,,,,,,,
EWK-106423924C,2017,2017-09-22,15,POWIAT PRZYSUSKI,BORKOWICE - OBSZAR WIEJSKI,Droga wojewódzka,727,Jednojezdniowa dwukierunkowa,Odcinek prosty,Obszar zabudowany,20.7134444444444,51.3055277777778,Jezdnia,Dobre warunki atmosferyczne,Światło dzienne,Zderzenie pojazdów tylne,1,0,1,Lekko,N,,,,,,,,,,
EWK-106423924C,2017,2017-09-22,15,POWIAT PRZYSUSKI,BORKOWICE - OBSZAR WIEJSKI,Droga wojewódzka,727,Jednojezdniowa dwukierunkowa,Odcinek prosty,Obszar zabudowany,20.7134444444444,51.3055277777778,Jezdnia,Dobre warunki atmosferyczne,Światło dzienne,Zderzenie pojazdów tylne,1,0,0,Nieokreślone (puste pole),N,,,,,,,,,,
EWK-106481157P,2017,2017-10-15,21,POWIAT PŁOŃSKI,ZAŁUSKI - OBSZAR WIEJSKI,Droga krajowa,7,Dwie jezdnie jednokierunkowe,Odcinek prosty,Obszar niezabudowany,20.5699722222222,52.48825,Jezdnia,"Mgła, dym",Noc - droga nieoświetlona,Najechanie na pieszego,1,0,1,Lekko,T,,,,,,,,,,
EWK-106481157P,2017,2017-10-15,21,POWIAT PŁOŃSKI,ZAŁUSKI - OBSZAR WIEJSKI,Droga krajowa,7,Dwie jezdnie jednokierunkowe,Odcinek prosty,Obszar niezabudowany,20.5699722222222,52.48825,Jezdnia,"Mgła, dym",Noc - droga nieoświetlona,Najechanie na pieszego,1,0,0,Nieokreślone (puste pole),T,,,,,,,,,,
EWK-105351054N,2017,2017-01-17,21,POWIAT ŻYRARDOWSKI,MSZCZONÓW - OBSZAR MIEJSKI,Droga krajowa,K50B,Jednojezdniowa dwukierunkowa,Odcinek prosty,Obszar niezabudowany,20.5651111111111,51.9795,Pobocze,"Mgła, dym",Noc - droga nieoświetlona,Najechanie na pieszego,1,0,1,Ciężko,N,,,,,,,,,,
EWK-105403060P,2017,2017-02-03,8,POWIAT PUŁTUSKI,WINNICA - OBSZAR WIEJSKI,Droga powiatowa,P3404W,Jednojezdniowa dwukierunkowa,Odcinek prosty,Obszar niezabudowany,20.9805833333333,52.6768888888889,Jezdnia,"Mgła, dym",Światło dzienne,Najechanie na pieszego,1,0,1,Lekko,N,,,,,,,,,,
EWK-105403060P,2017,2017-02-03,8,POWIAT PUŁTUSKI,WINNICA - OBSZAR WIEJSKI,Droga powiatowa,P3404W,Jednojezdniowa dwukierunkowa,Odcinek prosty,Obszar niezabudowany,20.9805833333333,52.6768888888889,Jezdnia,"Mgła, dym",Światło dzienne,Najechanie na pieszego,1,0,0,Nieokreślone (puste pole),N,,,,,,,,,,
EWK-105776456D,2017,2017-04-04,5,POWIAT GRÓJECKI,GRÓJEC - OBSZAR MIEJSKI,Droga powiatowa,P0244T,Jednojezdniowa dwukierunkowa,,Obszar zabudowany,20.8701111111111,51.8655555555556,Przejście dla pieszych,"Mgła, dym","Świt, zmrok",Najechanie na pieszego,1,0,1,Lekko,N,,,,,,,,,,
EWK-105776456D,2017,2017-04-04,5,POWIAT GRÓJECKI,GRÓJEC - OBSZAR MIEJSKI,Droga powiatowa,P0244T,Jednojezdniowa dwukierunkowa,,Obszar zabudowany,20.8701111111111,51.8655555555556,Przejście dla pieszych,"Mgła, dym","Świt, zmrok",Najechanie na pieszego,1,0,0,Nieokreślone (puste pole),N,,,,,,,,,,
EWK-105693076F,2017,2017-03-23,20,POWIAT OSTROWSKI,OSTRÓW MAZOWIECKA - OBSZAR MIEJSKI,Droga wojewódzka,627,Jednojezdniowa dwukierunkowa,Odcinek prosty,Obszar zabudowany,21.8916388888889,52.8131944444444,Jezdnia,Opady deszczu,Noc - droga nieoświetlona,Najechanie na pieszego,1,1,0,Nieokreślone (puste pole),N,,,,,,,,,,
EWK-105775647A,2017,2017-04-26,21,POWIAT RADOMSKI,WIERZBICA - OBSZAR WIEJSKI,Droga wojewódzka,744,Jednojezdniowa dwukierunkowa,Odcinek prosty,Obszar niezabudowany,21.1085833333333,51.2790277777778,Jezdnia,Opady deszczu,Noc - droga nieoświetlona,Najechanie na pieszego,1,1,0,Nieokreślone (puste pole),N,,,,,,,,,,
EWK-106420691K,2017,2017-09-22,20,POWIAT PRZASNYSKI,JEDNOROŻEC - OBSZAR WIEJSKI,Droga powiatowa,P3212W,Jednojezdniowa dwukierunkowa,Odcinek prosty,Obszar niezabudowany,21.0532222222222,53.2271388888889,Jezdnia,Opady deszczu,Noc - droga nieoświetlona,Najechanie na pieszego,1,0,1,Ciężko,T,,,,,,,,,,
EWK-106420691K,2017,2017-09-22,20,POWIAT PRZASNYSKI,JEDNOROŻEC - OBSZAR WIEJSKI,Droga powiatowa,P3212W,Jednojezdniowa dwukierunkowa,Odcinek prosty,Obszar niezabudowany,21.0532222222222,53.2271388888889,Jezdnia,Opady deszczu,Noc - droga nieoświetlona,Najechanie na pieszego,1,0,0,Nieokreślone (puste pole),T,,,,,,,,,,
EWK-106444498M,2017,2017-10-03,19,POWIAT WĘGROWSKI,GRĘBKÓW - OBSZAR WIEJSKI,Droga powiatowa,P4248W,Jednojezdniowa dwukierunkowa,Odcinek prosty,Obszar niezabudowany,22.004,52.2971944444444,Jezdnia,Opady deszczu,Noc - droga nieoświetlona,Najechanie na pieszego,1,0,1,Ciężko,N,,,,,,,,,,
EWK-106444498M,2017,2017-10-03,19,POWIAT WĘGROWSKI,GRĘBKÓW - OBSZAR WIEJSKI,Droga powiatowa,P4248W,Jednojezdniowa dwukierunkowa,Odcinek prosty,Obszar niezabudowany,22.004,52.2971944444444,Jezdnia,Opady deszczu,Noc - droga nieoświetlona,Najechanie na pieszego,1,0,0,Nieokreślone (puste pole),N,,,,,,,,,,
EWK-106448452Y,2017,2017-10-05,22,POWIAT RADOM,RADOM - OBSZAR MIEJSKI,Droga gminna,G530326W,Jednojezdniowa dwukierunkowa,Odcinek prosty,Obszar zabudowany,21.0982777777778,51.4029166666667,Jezdnia,Opady deszczu,Noc - droga nieoświetlona,Najechanie na pieszego,1,0,1,Ciężko,N,,,,,,,,,,
EWK-106448452Y,2017,2017-10-05,22,POWIAT RADOM,RADOM - OBSZAR MIEJSKI,Droga gminna,G530326W,Jednojezdniowa dwukierunkowa,Odcinek prosty,Obszar zabudowany,21.0982777777778,51.4029166666667,Jezdnia,Opady deszczu,Noc - droga nieoświetlona,Najechanie na pieszego,1,0,0,Nieokreślone (puste pole),N,,,,,,,,,,
EWK-106451193C,2017,2017-10-06,18,POWIAT GARWOLIŃSKI,ŁASKARZEW - OBSZAR MIEJSKI,Nieokreślone (puste pole),,Jednojezdniowa dwukierunkowa,"Zakręt, łuk",Obszar niezabudowany,21.5888611111111,51.8057222222222,Jezdnia,Opady deszczu,Noc - droga nieoświetlona,Najechanie na pieszego,1,1,0,Nieokreślone (puste pole),T,,,,,,,,,,
EWK-106454147A,2017,2017-10-08,18,POWIAT RADOMSKI,WIERZBICA - OBSZAR WIEJSKI,Droga wojewódzka,744,Jednojezdniowa dwukierunkowa,Odcinek prosty,Obszar niezabudowany,21.0895,51.2494166666667,Jezdnia,Opady deszczu,Noc - droga nieoświetlona,Najechanie na pieszego,1,0,1,Ciężko,T,,,,,,,,,,
EWK-106454147A,2017,2017-10-08,18,POWIAT RADOMSKI,WIERZBICA - OBSZAR WIEJSKI,Droga wojewódzka,744,Jednojezdniowa dwukierunkowa,Odcinek prosty,Obszar niezabudowany,21.0895,51.2494166666667,Jezdnia,Opady deszczu,Noc - droga nieoświetlona,Najechanie na pieszego,1,0,0,Nieokreślone (puste pole),T,,,,,,,,,,
EWK-106491048D,2017,2017-10-22,20,POWIAT PRZASNYSKI,PRZASNYSZ - OBSZAR MIEJSKI,Droga wojewódzka,544,Jednojezdniowa dwukierunkowa,Odcinek prosty,Obszar niezabudowany,20.8638888888889,53.0209722222222,Jezdnia,Opady deszczu,Noc - droga nieoświetlona,Najechanie na pieszego,1,1,0,Nieokreślone (puste pole),N,,,,,,,,,,
EWK-106528905X,2017,2017-11-07,16,POWIAT GOSTYNIŃSKI,GOSTYNIN - OBSZAR WIEJSKI,Droga krajowa,S60G,Ekspresowa,Odcinek prosty,Obszar niezabudowany,19.5397777777778,52.46975,Jezdnia,Opady deszczu,Noc - droga nieoświetlona,Najechanie na pieszego,1,0,1,Ciężko,N,,,,,,,,,,
EWK-106528905X,2017,2017-11-07,16,POWIAT GOSTYNIŃSKI,GOSTYNIN - OBSZAR WIEJSKI,Droga krajowa,S60G,Ekspresowa,Odcinek prosty,Obszar niezabudowany,19.5397777777778,52.46975,Jezdnia,Opady deszczu,Noc - droga nieoświetlona,Najechanie na pieszego,1,0,0,Nieokreślone (puste pole),N,,,,,,,,,,