IDKSIP,year,date,hour,district,district_commune,road_category,road_number,type_of_road,road_geometry,area,Longitude,Latitude,char_place_of_the_event,weather_conditions,lighting,type_of_accident,num_of_accidents,num_of_fatalities,num_of_injured,type_of_injury,is_offender_intoxicated,,,,,,,,,,
EWK-105686732D,2017,2017-03-21,8,POWIAT CIECHANOWSKI,CIECHANÓW - OBSZAR MIEJSKI,Droga gminna,G121182W,Jednojezdniowa dwukierunkowa,Odcinek prosty,Obszar zabudowany,20.6292222222222,52.8794722222222,"Chodnik, droga dla pieszych",Opady deszczu,Światło dzienne,Najechanie na pieszego,1,0,0,Nieokreślone (puste pole),N,,,,,,,,,,
EWK-105483874K,2017,2017-02-26,13,POWIAT SOCHACZEWSKI,SOCHACZEW - OBSZAR MIEJSKI,Droga wojewódzka,705,Jednojezdniowa dwukierunkowa,Odcinek prosty,Obszar zabudowany,20.2733888888889,52.2568055555556,Jezdnia,Opady deszczu,Światło dzienne,Najechanie na pieszego,1,0,1,Ciężko,N,,,,,,,,,,
EWK-105483874K,2017,2017-02-26,13,POWIAT SOCHACZEWSKI,SOCHACZEW - OBSZAR MIEJSKI,Droga wojewódzka,705,Jednojezdniowa dwukierunkowa,Odcinek prosty,Obszar zabudowany,20.2733888888889,52.2568055555556,Jezdnia,Opady deszczu,Światło dzienne,Najechanie na pieszego,1,0,0,Nieokreślone (puste pole),N,,,,,,,,,,
EWK-105785187G,2017,2017-04-28,8,POWIAT SZYDŁOWIECKI,OROŃSKO - OBSZAR WIEJSKI,Droga gminna,G400401W,Jednojezdniowa dwukierunkowa,Odcinek prosty,Obszar zabudowany,20.9995555555556,51.3081388888889,Jezdnia,Opady deszczu,Światło dzienne,Najechanie na pieszego,1,0,1,Lekko,N,,,,,,,,,,
EWK-105785187G,2017,2017-04-28,8,POWIAT SZYDŁOWIECKI,OROŃSKO - OBSZAR WIEJSKI,Droga gminna,G400401W,Jednojezdniowa dwukierunkowa,Odcinek prosty,Obszar zabudowany,20.9995555555556,51.3081388888889,Jezdnia,Opady deszczu,Światło dzienne,Najechanie na pieszego,1,0,0,Nieokreślone (puste pole),N,,,,,,,,,,
EWK-106376062K,2017,2017-09-12,11,POWIAT ŻYRARDOWSKI,WISKITKI - OBSZAR WIEJSKI,Droga powiatowa,P4706W,Jednojezdniowa dwukierunkowa,Odcinek prosty,Obszar zabudowany,20.2870277777778,52.1284722222222,Jezdnia,Opady deszczu,Światło dzienne,Najechanie na pieszego,1,0,1,Ciężko,N,,,,,,,,,,
EWK-106376062K,2017,2017-09-12,11,POWIAT ŻYRARDOWSKI,WISKITKI - OBSZAR WIEJSKI,Droga powiatowa,P4706W,Jednojezdniowa dwukierunkowa,Odcinek prosty,Obszar zabudowany,20.2870277777778,52.1284722222222,Jezdnia,Opady deszczu,Światło dzienne,Najechanie na pieszego,1,0,0,Nieokreślone (puste pole),N,,,,,,,,,,
EWK-106445704A,2017,2017-10-05,17,POWIAT ŻYRARDOWSKI,WISKITKI - OBSZAR WIEJSKI,Droga krajowa,50,Jednojezdniowa dwukierunkowa,Odcinek prosty,Obszar zabudowany,20.3368333333333,52.1256111111111,Jezdnia,Opady deszczu,Światło dzienne,Najechanie na pieszego,1,0,1,Ciężko,T,,,,,,,,,,
EWK-106445704A,2017,2017-10-05,17,POWIAT ŻYRARDOWSKI,WISKITKI - OBSZAR WIEJSKI,Droga krajowa,50,Jednojezdniowa dwukierunkowa,Odcinek prosty,Obszar zabudowany,20.3368333333333,52.1256111111111,Jezdnia,Opady deszczu,Światło dzienne,Najechanie na pieszego,1,0,0,Nieokreślone (puste pole),T,,,,,,,,,,
EWK-106461900U,2017,2017-10-11,9,POWIAT GRÓJECKI,WARKA - OBSZAR MIEJSKI,Droga wojewódzka,730,Jednojezdniowa dwukierunkowa,Odcinek prosty,Obszar zabudowany,21.189,51.7808333333333,Jezdnia,Opady deszczu,Światło dzienne,Najechanie na pieszego,1,0,1,Ciężko,N,,,,,,,,,,
EWK-106461900U,2017,2017-10-11,9,POWIAT GRÓJECKI,WARKA - OBSZAR MIEJSKI,Droga wojewódzka,730,Jednojezdniowa dwukierunkowa,Odcinek prosty,Obszar zabudowany,21.189,51.7808333333333,Jezdnia,Opady deszczu,Światło dzienne,Najechanie na pieszego,1,0,0,Nieokreślone (puste pole),N,,,,,,,,,,
EWK-106482470E,2017,2017-10-09,17,POWIAT SIEDLCE,SIEDLCE - OBSZAR MIEJSKI,Droga powiatowa,P0244T,Jednojezdniowa dwukierunkowa,Odcinek prosty,Obszar zabudowany,22.2715,52.1836388888889,Jezdnia,Opady deszczu,Światło dzienne,Najechanie na pieszego,1,0,1,Ciężko,N,,,,,,,,,,
EWK-106482470E,2017,2017-10-09,17,POWIAT SIEDLCE,SIEDLCE - OBSZAR MIEJSKI,Droga powiatowa,P0244T,Jednojezdniowa dwukierunkowa,Odcinek prosty,Obszar zabudowany,22.2715,52.1836388888889,Jezdnia,Opady deszczu,Światło dzienne,Najechanie na pieszego,1,0,0,Nieokreślone (puste pole),N,,,,,,,,,,
EWK-105774771L,2017,2017-04-26,13,POWIAT RADOM,RADOM - OBSZAR MIEJSKI,Droga powiatowa,P3539W,Dwie jezdnie jednokierunkowe,Odcinek prosty,Obszar zabudowany,21.1585833333333,51.3821111111111,Przejście dla pieszych,Opady deszczu,Światło dzienne,Najechanie na pieszego,1,0,1,Lekko,N,,,,,,,,,,
EWK-105774771L,2017,2017-04-26,13,POWIAT RADOM,RADOM - OBSZAR MIEJSKI,Droga powiatowa,P3539W,Dwie jezdnie jednokierunkowe,Odcinek prosty,Obszar zabudowany,21.1585833333333,51.3821111111111,Przejście dla pieszych,Opady deszczu,Światło dzienne,Najechanie na pieszego,1,0,0,Nieokreślone (puste pole),N,,,,,,,,,,
EWK-105781895K,2017,2017-04-26,13,POWIAT SIEDLCE,SIEDLCE - OBSZAR MIEJSKI,Droga krajowa,63,Jednojezdniowa dwukierunkowa,Odcinek prosty,Obszar zabudowany,22.2888888888889,52.1718888888889,Przejście dla pieszych,Opady deszczu,Światło dzienne,Najechanie na pieszego,1,0,1,Lekko,N,,,,,,,,,,
EWK-105781895K,2017,2017-04-26,13,POWIAT SIEDLCE,SIEDLCE - OBSZAR MIEJSKI,Droga krajowa,63,Jednojezdniowa dwukierunkowa,Odcinek prosty,Obszar zabudowany,22.2888888888889,52.1718888888889,Przejście dla pieszych,Opady deszczu,Światło dzienne,Najechanie na pieszego,1,0,0,Nieokreślone (puste pole),N,,,,,,,,,,
EWK-106019726D,2017,2017-06-12,15,POWIAT PŁOCK,PŁOCK - OBSZAR MIEJSKI,Droga powiatowa,5210W,Jednojezdniowa dwukierunkowa,,Obszar zabudowany,19.6904444444444,52.5529722222222,Przejście dla pieszych,Opady deszczu,Światło dzienne,Najechanie na pieszego,1,0,1,Lekko,N,,,,,,,,,,
EWK-106019726D,2017,2017-06-12,15,POWIAT PŁOCK,PŁOCK - OBSZAR MIEJSKI,Droga powiatowa,5210W,Jednojezdniowa dwukierunkowa,,Obszar zabudowany,19.6904444444444,52.5529722222222,Przejście dla pieszych,Opady deszczu,Światło dzienne,Najechanie na pieszego,1,0,0,Nieokreślone (puste pole),N,,,,,,,,,,
EWK-106166895D,2017,2017-06-29,18,POWIAT RADOMSKI,JEDLIŃSK - OBSZAR WIEJSKI,Droga krajowa,7,Dwie jezdnie jednokierunkowe,Odcinek prosty,Obszar niezabudowany,21.1269166666667,51.4813888888889,Przejście dla pieszych,Opady deszczu,Światło dzienne,Najechanie na pieszego,1,0,1,Ciężko,N,,,,,,,,,,
EWK-106166895D,2017,2017-06-29,18,POWIAT RADOMSKI,JEDLIŃSK - OBSZAR WIEJSKI,Droga krajowa,7,Dwie jezdnie jednokierunkowe,Odcinek prosty,Obszar niezabudowany,21.1269166666667,51.4813888888889,Przejście dla pieszych,Opady deszczu,Światło dzienne,Najechanie na pieszego,1,0,2,Lekko,N,,,,,,,,,,
EWK-106166895D,2017,2017-06-29,18,POWIAT RADOMSKI,JEDLIŃSK - OBSZAR WIEJSKI,Droga krajowa,7,Dwie jezdnie jednokierunkowe,Odcinek prosty,Obszar niezabudowany,21.1269166666667,51.4813888888889,Przejście dla pieszych,Opady deszczu,Światło dzienne,Najechanie na pieszego,1,0,0,Nieokreślone (puste pole),N,,,,,,,,,,
EWK-106170046Y,2017,2017-07-01,19,POWIAT GOSTYNIŃSKI,GOSTYNIN - OBSZAR WIEJSKI,Droga krajowa,S60G,Ekspresowa,Odcinek prosty,Obszar niezabudowany,19.537,52.4666666666667,Przejście dla pieszych,Opady deszczu,Światło dzienne,Najechanie na pieszego,1,0,1,Ciężko,N,,,,,,,,,,
EWK-106170046Y,2017,2017-07-01,19,POWIAT GOSTYNIŃSKI,GOSTYNIN - OBSZAR WIEJSKI,Droga krajowa,S60G,Ekspresowa,Odcinek prosty,Obszar niezabudowany,19.537,52.4666666666667,Przejście dla pieszych,Opady deszczu,Światło dzienne,Najechanie na pieszego,1,0,0,Nieokreślone (puste pole),N,,,,,,,,,,
EWK-106281434T,2017,2017-07-25,14,POWIAT RADOM,RADOM - OBSZAR MIEJSKI,Droga powiatowa,P5304W  ,Jednojezdniowa dwukierunkowa,Odcinek prosty,Obszar zabudowany,21.1606388888889,51.3961666666667,Przejście dla pieszych,Opady deszczu,Światło dzienne,Najechanie na pieszego,1,0,1,Lekko,N,,,,,,,,,,
EWK-106281434T,2017,2017-07-25,14,POWIAT RADOM,RADOM - OBSZAR MIEJSKI,Droga powiatowa,P5304W  ,Jednojezdniowa dwukierunkowa,Odcinek prosty,Obszar zabudowany,21.1606388888889,51.3961666666667,Przejście dla pieszych,Opady deszczu,Światło dzienne,Najechanie na pieszego,1,0,0,Nieokreślone (puste pole),N,,,,,,,,,,
EWK-106361716D,2017,2017-09-05,9,POWIAT RADOM,RADOM - OBSZAR MIEJSKI,Droga powiatowa,P5320W,Jednojezdniowa dwukierunkowa,Odcinek prosty,Obszar zabudowany,21.1694166666667,51.3972777777778,Przejście dla pieszych,Opady deszczu,Światło dzienne,Najechanie na pieszego,1,0,1,Lekko,N,,,,,,,,,,
EWK-106361716D,2017,2017-09-05,9,POWIAT RADOM,RADOM - OBSZAR MIEJSKI,Droga powiatowa,P5320W,Jednojezdniowa dwukierunkowa,Odcinek prosty,Obszar zabudowany,21.1694166666667,51.3972777777778,Przejście dla pieszych,Opady deszczu,Światło dzienne,Najechanie na pieszego,1,0,0,Nieokreślone (puste pole),N,,,,,,,,,,
EWK-106413675A,2017,2017-09-20,6,POWIAT GRÓJECKI,GRÓJEC - OBSZAR MIEJSKI,Droga powiatowa,P0244T,Jednojezdniowa dwukierunkowa,Odcinek prosty,Obszar zabudowany,20.8753333333333,51.8648333333333,Przejście dla pieszych,Opady deszczu,Światło dzienne,Najechanie na pieszego,1,0,1,Ciężko,N,,,,,,,,,,
EWK-106413675A,2017,2017-09-20,6,POWIAT GRÓJECKI,GRÓJEC - OBSZAR MIEJSKI,Droga powiatowa,P0244T,Jednojezdniowa dwukierunkowa,Odcinek prosty,Obszar zabudowany,20.8753333333333,51.8648333333333,Przejście dla pieszych,Opady deszczu,Światło dzienne,Najechanie na pieszego,1,0,1,Lekko,N,,,,,,,,,,
EWK-106414443G,2017,2017-09-20,11,POWIAT RADOM,RADOM - OBSZAR MIEJSKI,Droga powiatowa,P5309W,Jednojezdniowa dwukierunkowa,Odcinek prosty,Obszar zabudowany,21.1781666666667,51.3891944444444,Przejście dla pieszych,Opady deszczu,Światło dzienne,Najechanie na pieszego,1,0,1,Ciężko,N,,,,,,,,,,
EWK-106414443G,2017,2017-09-20,11,POWIAT RADOM,RADOM - OBSZAR MIEJSKI,Droga powiatowa,P5309W,Jednojezdniowa dwukierunkowa,Odcinek prosty,Obszar zabudowany,21.1781666666667,51.3891944444444,Przejście dla pieszych,Opady deszczu,Światło dzienne,Najechanie na pieszego,1,0,0,Nieokreślone (puste pole),N,,,,,,,,,,
EWK-106423345H,2017,2017-09-24,11,POWIAT SIEDLCE,SIEDLCE - OBSZAR MIEJSKI,Droga gminna,GMINNA,Dwie jezdnie jednokierunkowe,Odcinek prosty,Obszar zabudowany,22.2795277777778,52.1654444444444,Przejście dla pieszych,Opady deszczu,Światło dzienne,Najechanie na pieszego,1,0,1,Lekko,N,,,,,,,,,,
EWK-106423345H,2017,2017-09-24,11,POWIAT SIEDLCE,SIEDLCE - OBSZAR MIEJSKI,Droga gminna,GMINNA,Dwie jezdnie jednokierunkowe,Odcinek prosty,Obszar zabudowany,22.2795277777778,52.1654444444444,Przejście dla pieszych,Opady deszczu,Światło dzienne,Najechanie na pieszego,1,0,0,Nieokreślone (puste pole),N,,,,,,,,,,
EWK-106445362T,2017,2017-10-05,6,POWIAT KOZIENICKI,KOZIENICE - OBSZAR MIEJSKI,Droga gminna,G170854W,Jednojezdniowa dwukierunkowa,"Zakręt, łuk",Obszar zabudowany,21.5308333333333,51.5906944444444,Przejście dla pieszych,Opady deszczu,Światło dzienne,Najechanie na pieszego,1,0,1,Lekko,N,,,,,,,,,,
EWK-106445362T,2017,2017-10-05,6,POWIAT KOZIENICKI,KOZIENICE - OBSZAR MIEJSKI,Droga gminna,G170854W,Jednojezdniowa dwukierunkowa,"Zakręt, łuk",Obszar zabudowany,21.5308333333333,51.5906944444444,Przejście dla pieszych,Opady deszczu,Światło dzienne,Najechanie na pieszego,1,0,0,Nieokreślone (puste pole),N,,,,,,,,,,
EWK-106501907R,2017,2017-10-26,7,POWIAT PRZASNYSKI,CHORZELE - OBSZAR MIEJSKI,Droga krajowa,57,Jednojezdniowa dwukierunkowa,Odcinek prosty,Obszar zabudowany,20.8976666666667,53.2540555555556,Przejście dla pieszych,Opady deszczu,Światło dzienne,Najechanie na pieszego,1,0,1,Ciężko,N,,,,,,,,,,
EWK-106501907R,2017,2017-10-26,7,POWIAT PRZASNYSKI,CHORZELE - OBSZAR MIEJSKI,Droga krajowa,57,Jednojezdniowa dwukierunkowa,Odcinek prosty,Obszar zabudowany,20.8976666666667,53.2540555555556,Przejście dla pieszych,Opady deszczu,Światło dzienne,Najechanie na pieszego,1,0,0,Nieokreślone (puste pole),N,,,,,,,,,,
EWK-106367875D,2017,2017-09-07,12,POWIAT ŁOSICKI,ŁOSICE - OBSZAR MIEJSKI,Droga wojewódzka,698,Jednojezdniowa dwukierunkowa,Odcinek prosty,Obszar zabudowany,22.7248888888889,52.2108055555556,Przystanek komunikacji publicznej,Opady deszczu,Światło dzienne,Najechanie na pieszego,1,0,1,Ciężko,T,,,,,,,,,,
EWK-106367875D,2017,2017-09-07,12,POWIAT ŁOSICKI,ŁOSICE - OBSZAR MIEJSKI,Droga wojewódzka,698,Jednojezdniowa dwukierunkowa,Odcinek prosty,Obszar zabudowany,22.7248888888889,52.2108055555556,Przystanek komunikacji publicznej,Opady deszczu,Światło dzienne,Najechanie na pieszego,1,0,0,Nieokreślone (puste pole),T,,,,,,,,,,
EWK-105797980X,2017,2017-05-06,0,POWIAT SZYDŁOWIECKI,SZYDŁOWIEC - OBSZAR MIEJSKI,Droga gminna,G400556W,Jednojezdniowa dwukierunkowa,Odcinek prosty,Obszar zabudowany,20.8944166666667,51.2274444444445,Jezdnia,Opady deszczu,"Świt, zmrok",Najechanie na pieszego,1,0,1,Lekko,T,,,,,,,,,,
EWK-105797980X,2017,2017-05-06,0,POWIAT SZYDŁOWIECKI,SZYDŁOWIEC - OBSZAR MIEJSKI,Droga gminna,G400556W,Jednojezdniowa dwukierunkowa,Odcinek prosty,Obszar zabudowany,20.8944166666667,51.2274444444445,Jezdnia,Opady deszczu,"Świt, zmrok",Najechanie na pieszego,1,0,0,Nieokreślone (puste pole),T,,,,,,,,,,
EWK-106489147Y,2017,2017-10-21,6,POWIAT MAKOWSKI,PŁONIAWY-BRAMURA - OBSZAR WIEJSKI,Droga wojewódzka,544,Jednojezdniowa dwukierunkowa,Odcinek prosty,Obszar niezabudowany,21.02375,53.0286944444444,Jezdnia,Opady deszczu,"Świt, zmrok",Najechanie na pieszego,1,1,0,Nieokreślone (puste pole),T,,,,,,,,,,
EWK-106494290D,2017,2017-10-23,18,POWIAT WYSZKOWSKI,WYSZKÓW - OBSZAR WIEJSKI,Droga powiatowa,P4408W,Jednojezdniowa dwukierunkowa,Odcinek prosty,Obszar zabudowany,21.4444722222222,52.6544166666667,Jezdnia,Opady deszczu,"Świt, zmrok",Najechanie na pieszego,1,0,1,Ciężko,T,,,,,,,,,,
EWK-106494290D,2017,2017-10-23,18,POWIAT WYSZKOWSKI,WYSZKÓW - OBSZAR WIEJSKI,Droga powiatowa,P4408W,Jednojezdniowa dwukierunkowa,Odcinek prosty,Obszar zabudowany,21.4444722222222,52.6544166666667,Jezdnia,Opady deszczu,"Świt, zmrok",Najechanie na pieszego,1,0,0,Nieokreślone (puste pole),T,,,,,,,,,,
EWK-106518344H,2017,2017-11-01,18,POWIAT ZWOLEŃSKI,KAZANÓW - OBSZAR WIEJSKI,Droga wojewódzka,733,Jednojezdniowa dwukierunkowa,Odcinek prosty,Obszar niezabudowany,21.3848611111111,51.2999722222222,Jezdnia,Opady deszczu,"Świt, zmrok",Najechanie na pieszego,1,1,0,Nieokreślone (puste pole),T,,,,,,,,,,
EWK-106534887P,2017,2017-11-10,19,POWIAT WĘGROWSKI,GRĘBKÓW - OBSZAR WIEJSKI,Droga powiatowa,P4248W,Jednojezdniowa dwukierunkowa,Odcinek prosty,Obszar niezabudowany,21.9940833333333,52.2885,Jezdnia,Opady deszczu,"Świt, zmrok",Najechanie na pieszego,1,1,0,Nieokreślone (puste pole),N,,,,,,,,,,
EWK-106494628C,2017,2017-10-23,18,POWIAT PŁOCK,PŁOCK - OBSZAR MIEJSKI,Inna,I2,Jednojezdniowa dwukierunkowa,,Obszar zabudowany,19.6924722222222,52.5564166666667,Przejście dla pieszych,Opady deszczu,"Świt, zmrok",Najechanie na pieszego,1,0,1,Ciężko,N,,,,,,,,,,
EWK-106494628C,2017,2017-10-23,18,POWIAT PŁOCK,PŁOCK - OBSZAR MIEJSKI,Inna,I2,Jednojezdniowa dwukierunkowa,,Obszar zabudowany,19.6924722222222,52.5564166666667,Przejście dla pieszych,Opady deszczu,"Świt, zmrok",Najechanie na pieszego,1,0,0,Nieokreślone (puste pole),N,,,,,,,,,,
EWK-106601842L,2017,2017-12-06,16,POWIAT RADOM,RADOM - OBSZAR MIEJSKI,Droga krajowa,12,Dwie jezdnie jednokierunkowe,,Obszar zabudowany,21.13975,51.3908055555556,Przejście dla pieszych,Opady deszczu,"Świt, zmrok",Najechanie na pieszego,1,0,1,Lekko,N,,,,,,,,,,
EWK-106601842L,2017,2017-12-06,16,POWIAT RADOM,RADOM - OBSZAR MIEJSKI,Droga krajowa,12,Dwie jezdnie jednokierunkowe,,Obszar zabudowany,21.13975,51.3908055555556,Przejście dla pieszych,Opady deszczu,"Świt, zmrok",Najechanie na pieszego,1,0,0,Nieokreślone (puste pole),N,,,,,,,,,,
EWK-106602169K,2017,2017-12-07,6,POWIAT RADOM,RADOM - OBSZAR MIEJSKI,Droga powiatowa,P5329W,Jednojezdniowa dwukierunkowa,,Obszar zabudowany,21.1766388888889,51.4145555555556,Przejście dla pieszych,Opady deszczu,"Świt, zmrok",Najechanie na pieszego,1,0,1,Lekko,N,,,,,,,,,,
EWK-106602169K,2017,2017-12-07,6,POWIAT RADOM,RADOM - OBSZAR MIEJSKI,Droga powiatowa,P5329W,Jednojezdniowa dwukierunkowa,,Obszar zabudowany,21.1766388888889,51.4145555555556,Przejście dla pieszych,Opady deszczu,"Świt, zmrok",Najechanie na pieszego,1,0,0,Nieokreślone (puste pole),N,,,,,,,,,,
EWK-106602864U,2017,2017-12-06,18,POWIAT RADOM,RADOM - OBSZAR MIEJSKI,Droga powiatowa,P5301W,Dwie jezdnie jednokierunkowe,Odcinek prosty,Obszar zabudowany,21.1629166666667,51.4354722222222,Przejście dla pieszych,Opady deszczu,"Świt, zmrok",Najechanie na pieszego,1,0,1,Lekko,N,,,,,,,,,,
EWK-106602864U,2017,2017-12-06,18,POWIAT RADOM,RADOM - OBSZAR MIEJSKI,Droga powiatowa,P5301W,Dwie jezdnie jednokierunkowe,Odcinek prosty,Obszar zabudowany,21.1629166666667,51.4354722222222,Przejście dla pieszych,Opady deszczu,"Świt, zmrok",Najechanie na pieszego,1,0,0,Nieokreślone (puste pole),N,,,,,,,,,,
EWK-106638051T,2017,2017-12-23,16,POWIAT SIEDLCE,SIEDLCE - OBSZAR MIEJSKI,Droga gminna,GMINNA,Jednojezdniowa dwukierunkowa,Odcinek prosty,Obszar zabudowany,22.27725,52.1728333333333,Przejście dla pieszych,Opady deszczu,"Świt, zmrok",Najechanie na pieszego,1,0,1,Ciężko,N,,,,,,,,,,
EWK-106638051T,2017,2017-12-23,16,POWIAT SIEDLCE,SIEDLCE - OBSZAR MIEJSKI,Droga gminna,GMINNA,Jednojezdniowa dwukierunkowa,Odcinek prosty,Obszar zabudowany,22.27725,52.1728333333333,Przejście dla pieszych,Opady deszczu,"Świt, zmrok",Najechanie na pieszego,1,0,0,Nieokreślone (puste pole),N,,,,,,,,,,
EWK-106619186N,2017,2017-12-14,17,POWIAT PUŁTUSKI,PUŁTUSK - OBSZAR MIEJSKI,Droga powiatowa,P3435W,Jednojezdniowa dwukierunkowa,Odcinek prosty,Obszar zabudowany,21.0803333333333,52.6975,Przejście dla pieszych,"Opady deszczu; Opady śniegu, gradu",Noc - droga oświetlona,Najechanie na pieszego,1,0,1,Lekko,N,,,,,,,,,,
EWK-106619186N,2017,2017-12-14,17,POWIAT PUŁTUSKI,PUŁTUSK - OBSZAR MIEJSKI,Droga powiatowa,P3435W,Jednojezdniowa dwukierunkowa,Odcinek prosty,Obszar zabudowany,21.0803333333333,52.6975,Przejście dla pieszych,"Opady deszczu; Opady śniegu, gradu",Noc - droga oświetlona,Najechanie na pieszego,1,0,0,Nieokreślone (puste pole),N,,,,,,,,,,
EWK-105346206Y,2017,2017-01-15,20,POWIAT GARWOLIŃSKI,ŁASKARZEW - OBSZAR WIEJSKI,Droga powiatowa,31325W,Jednojezdniowa dwukierunkowa,Odcinek prosty,Obszar zabudowany,21.5568333333333,51.7546111111111,Jezdnia,"Opady śniegu, gradu",Noc - droga nieoświetlona,Inne,1,0,2,Lekko,N,,,,,,,,,,
EWK-105346206Y,2017,2017-01-15,20,POWIAT GARWOLIŃSKI,ŁASKARZEW - OBSZAR WIEJSKI,Droga powiatowa,31325W,Jednojezdniowa dwukierunkowa,Odcinek prosty,Obszar zabudowany,21.5568333333333,51.7546111111111,Jezdnia,"Opady śniegu, gradu",Noc - droga nieoświetlona,Inne,1,0,0,Nieokreślone (puste pole),N,,,,,,,,,,
EWK-106589083K,2017,2017-11-30,6,POWIAT KOZIENICKI,KOZIENICE - OBSZAR WIEJSKI,Droga powiatowa,P1711W,Jednojezdniowa dwukierunkowa,"Zakręt, łuk",Obszar zabudowany,21.4650277777778,51.5729444444444,"Chodnik, droga dla pieszych","Opady śniegu, gradu",Noc - droga oświetlona,Najechanie na pieszego,1,0,1,Lekko,N,,,,,,,,,,
EWK-106589083K,2017,2017-11-30,6,POWIAT KOZIENICKI,KOZIENICE - OBSZAR WIEJSKI,Droga powiatowa,P1711W,Jednojezdniowa dwukierunkowa,"Zakręt, łuk",Obszar zabudowany,21.4650277777778,51.5729444444444,"Chodnik, droga dla pieszych","Opady śniegu, gradu",Noc - droga oświetlona,Najechanie na pieszego,1,0,0,Nieokreślone (puste pole),N,,,,,,,,,,
EWK-105346728M,2017,2017-01-15,16,POWIAT SOCHACZEWSKI,SOCHACZEW - OBSZAR WIEJSKI,Droga krajowa,92,Jednojezdniowa dwukierunkowa,Odcinek prosty,Obszar niezabudowany,20.3499444444444,52.2200555555556,Jezdnia,"Opady śniegu, gradu",Noc - droga oświetlona,Najechanie na pieszego,1,0,1,Lekko,N,,,,,,,,,,
EWK-105346728M,2017,2017-01-15,16,POWIAT SOCHACZEWSKI,SOCHACZEW - OBSZAR WIEJSKI,Droga krajowa,92,Jednojezdniowa dwukierunkowa,Odcinek prosty,Obszar niezabudowany,20.3499444444444,52.2200555555556,Jezdnia,"Opady śniegu, gradu",Noc - droga oświetlona,Najechanie na pieszego,1,0,0,Nieokreślone (puste pole),N,,,,,,,,,,
EWK-106591910J,2017,2017-11-30,9,POWIAT WĘGROWSKI,KORYTNICA - OBSZAR WIEJSKI,Droga powiatowa,P4226W,Jednojezdniowa dwukierunkowa,Spadek,Obszar zabudowany,21.8586388888889,52.4147777777778,"Chodnik, droga dla pieszych","Opady śniegu, gradu",Światło dzienne,Najechanie na pieszego,1,0,1,Lekko,N,,,,,,,,,,
EWK-106591910J,2017,2017-11-30,9,POWIAT WĘGROWSKI,KORYTNICA - OBSZAR WIEJSKI,Droga powiatowa,P4226W,Jednojezdniowa dwukierunkowa,Spadek,Obszar zabudowany,21.8586388888889,52.4147777777778,"Chodnik, droga dla pieszych","Opady śniegu, gradu",Światło dzienne,Najechanie na pieszego,1,0,0,Nieokreślone (puste pole),N,,,,,,,,,,
EWK-106629505U,2017,2017-12-20,8,POWIAT RADOM,RADOM - OBSZAR MIEJSKI,Droga powiatowa,P5347W,Jednojezdniowa dwukierunkowa,Odcinek prosty,Obszar zabudowany,21.1861111111111,51.3995555555556,"Chodnik, droga dla pieszych","Opady śniegu, gradu",Światło dzienne,Najechanie na pieszego,1,0,1,Lekko,N,,,,,,,,,,
EWK-106629505U,2017,2017-12-20,8,POWIAT RADOM,RADOM - OBSZAR MIEJSKI,Droga powiatowa,P5347W,Jednojezdniowa dwukierunkowa,Odcinek prosty,Obszar zabudowany,21.1861111111111,51.3995555555556,"Chodnik, droga dla pieszych","Opady śniegu, gradu",Światło dzienne,Najechanie na pieszego,1,0,0,Nieokreślone (puste pole),N,,,,,,,,,,
EWK-106628400E,2017,2017-12-20,12,POWIAT RADOMSKI,GÓZD - OBSZAR WIEJSKI,Droga gminna,GMINNA,Jednojezdniowa dwukierunkowa,Odcinek prosty,Obszar niezabudowany,21.3952222222222,51.3863611111111,Jezdnia,"Opady śniegu, gradu",Światło dzienne,Najechanie na pieszego,1,0,1,Lekko,N,,,,,,,,,,
EWK-106628400E,2017,2017-12-20,12,POWIAT RADOMSKI,GÓZD - OBSZAR WIEJSKI,Droga gminna,GMINNA,Jednojezdniowa dwukierunkowa,Odcinek prosty,Obszar niezabudowany,21.3952222222222,51.3863611111111,Jezdnia,"Opady śniegu, gradu",Światło dzienne,Najechanie na pieszego,1,0,0,Nieokreślone (puste pole),N,,,,,,,,,,
EWK-105321751F,2017,2017-01-03,15,POWIAT RADOM,RADOM - OBSZAR MIEJSKI,Droga gminna,G530173W,Jednojezdniowa dwukierunkowa,Odcinek prosty,Obszar zabudowany,21.1779166666667,51.3725277777778,Jezdnia,"Opady śniegu, gradu","Świt, zmrok",Najechanie na pieszego,1,0,1,Ciężko,N,,,,,,,,,,
EWK-105321751F,2017,2017-01-03,15,POWIAT RADOM,RADOM - OBSZAR MIEJSKI,Droga gminna,G530173W,Jednojezdniowa dwukierunkowa,Odcinek prosty,Obszar zabudowany,21.1779166666667,51.3725277777778,Jezdnia,"Opady śniegu, gradu","Świt, zmrok",Najechanie na pieszego,1,0,0,Nieokreślone (puste pole),N,,,,,,,,,,
EWK-106632820P,2017,2017-12-21,17,POWIAT GARWOLIŃSKI,ŁASKARZEW - OBSZAR MIEJSKI,Nieokreślone (puste pole),,Jednojezdniowa dwukierunkowa,,Obszar zabudowany,21.5893055555556,51.7939444444444,Jezdnia,"Opady śniegu, gradu","Świt, zmrok",Najechanie na pieszego,1,0,1,Lekko,N,,,,,,,,,,