IDKSIP,year,date,hour,district,district_commune,road_category,road_number,type_of_road,road_geometry,area,Longitude,Latitude,char_place_of_the_event,weather_conditions,lighting,type_of_accident,num_of_accidents,num_of_fatalities,num_of_injured,type_of_injury,is_offender_intoxicated,,,,,,,,,,
EWK-106632820P,2017,2017-12-21,17,POWIAT GARWOLIŃSKI,ŁASKARZEW - OBSZAR MIEJSKI,Nieokreślone (puste pole),,Jednojezdniowa dwukierunkowa,,Obszar zabudowany,21.5893055555556,51.7939444444444,Jezdnia,"Opady śniegu, gradu","Świt, zmrok",Najechanie na pieszego,1,0,0,Nieokreślone (puste pole),N,,,,,,,,,,
EWK-106584541G,2017,2017-11-28,15,POWIAT MAKOWSKI,MAKÓW MAZOWIECKI - OBSZAR MIEJSKI,Droga krajowa,57,Jednojezdniowa dwukierunkowa,Odcinek prosty,Obszar zabudowany,21.1160277777778,52.8833333333333,Przejście dla pieszych,"Opady śniegu, gradu","Świt, zmrok",Najechanie na pieszego,1,0,1,Ciężko,N,,,,,,,,,,
EWK-106584541G,2017,2017-11-28,15,POWIAT MAKOWSKI,MAKÓW MAZOWIECKI - OBSZAR MIEJSKI,Droga krajowa,57,Jednojezdniowa dwukierunkowa,Odcinek prosty,Obszar zabudowany,21.1160277777778,52.8833333333333,Przejście dla pieszych,"Opady śniegu, gradu","Świt, zmrok",Najechanie na pieszego,1,0,0,Nieokreślone (puste pole),N,,,,,,,,,,
EWK-106313383M,2017,2017-08-11,16,POWIAT RADOM,RADOM - OBSZAR MIEJSKI,Droga gminna,G530033W,Jednojezdniowa dwukierunkowa,,Obszar zabudowany,21.1542222222222,51.4225277777778,"Chodnik, droga dla pieszych",Oślepiające słońce,Światło dzienne,Najechanie na pieszego,1,0,1,Lekko,N,,,,,,,,,,
EWK-106313383M,2017,2017-08-11,16,POWIAT RADOM,RADOM - OBSZAR MIEJSKI,Droga gminna,G530033W,Jednojezdniowa dwukierunkowa,,Obszar zabudowany,21.1542222222222,51.4225277777778,"Chodnik, droga dla pieszych",Oślepiające słońce,Światło dzienne,Najechanie na pieszego,1,0,0,Nieokreślone (puste pole),N,,,,,,,,,,
EWK-105927627U,2017,2017-05-27,17,POWIAT PŁOCK,PŁOCK - OBSZAR MIEJSKI,Inna,I2,Jednojezdniowa dwukierunkowa,Odcinek prosty,Obszar zabudowany,19.6925277777778,52.5578055555556,Jezdnia,Oślepiające słońce,Światło dzienne,Najechanie na pieszego,1,0,1,Ciężko,N,,,,,,,,,,
EWK-105927627U,2017,2017-05-27,17,POWIAT PŁOCK,PŁOCK - OBSZAR MIEJSKI,Inna,I2,Jednojezdniowa dwukierunkowa,Odcinek prosty,Obszar zabudowany,19.6925277777778,52.5578055555556,Jezdnia,Oślepiające słońce,Światło dzienne,Najechanie na pieszego,1,0,0,Nieokreślone (puste pole),N,,,,,,,,,,
EWK-106299745K,2017,2017-08-02,15,POWIAT RADOMSKI,ZAKRZEW - OBSZAR WIEJSKI,Droga powiatowa,P3507W,Jednojezdniowa dwukierunkowa,Odcinek prosty,Obszar zabudowany,21.0475555555556,51.44925,Jezdnia,Oślepiające słońce,Światło dzienne,Najechanie na pieszego,1,0,1,Ciężko,N,,,,,,,,,,
EWK-106299745K,2017,2017-08-02,15,POWIAT RADOMSKI,ZAKRZEW - OBSZAR WIEJSKI,Droga powiatowa,P3507W,Jednojezdniowa dwukierunkowa,Odcinek prosty,Obszar zabudowany,21.0475555555556,51.44925,Jezdnia,Oślepiające słońce,Światło dzienne,Najechanie na pieszego,1,0,0,Nieokreślone (puste pole),N,,,,,,,,,,
EWK-106316347F,2017,2017-08-13,19,POWIAT PŁOCKI,DROBIN - OBSZAR MIEJSKI,Droga krajowa,10,Jednojezdniowa dwukierunkowa,,Obszar zabudowany,19.9975277777778,52.744,Jezdnia,Oślepiające słońce,Światło dzienne,Najechanie na pieszego,1,0,1,Ciężko,N,,,,,,,,,,
EWK-106316347F,2017,2017-08-13,19,POWIAT PŁOCKI,DROBIN - OBSZAR MIEJSKI,Droga krajowa,10,Jednojezdniowa dwukierunkowa,,Obszar zabudowany,19.9975277777778,52.744,Jezdnia,Oślepiające słońce,Światło dzienne,Najechanie na pieszego,1,0,0,Nieokreślone (puste pole),N,,,,,,,,,,
EWK-106474913U,2017,2017-10-16,8,POWIAT SZYDŁOWIECKI,SZYDŁOWIEC - OBSZAR MIEJSKI,Droga powiatowa,P3561W,Jednojezdniowa dwukierunkowa,Odcinek prosty,Obszar zabudowany,20.8588611111111,51.2284722222222,Jezdnia,Oślepiające słońce,Światło dzienne,Najechanie na pieszego,1,0,1,Lekko,N,,,,,,,,,,
EWK-106474913U,2017,2017-10-16,8,POWIAT SZYDŁOWIECKI,SZYDŁOWIEC - OBSZAR MIEJSKI,Droga powiatowa,P3561W,Jednojezdniowa dwukierunkowa,Odcinek prosty,Obszar zabudowany,20.8588611111111,51.2284722222222,Jezdnia,Oślepiające słońce,Światło dzienne,Najechanie na pieszego,1,0,0,Nieokreślone (puste pole),N,,,,,,,,,,
EWK-105385810R,2017,2017-01-29,12,POWIAT PŁOCK,PŁOCK - OBSZAR MIEJSKI,Droga powiatowa,5210W,Jednojezdniowa dwukierunkowa,,Obszar zabudowany,19.6988888888889,52.5629444444444,Przejście dla pieszych,Oślepiające słońce,Światło dzienne,Najechanie na pieszego,1,0,1,Ciężko,N,,,,,,,,,,
EWK-105385810R,2017,2017-01-29,12,POWIAT PŁOCK,PŁOCK - OBSZAR MIEJSKI,Droga powiatowa,5210W,Jednojezdniowa dwukierunkowa,,Obszar zabudowany,19.6988888888889,52.5629444444444,Przejście dla pieszych,Oślepiające słońce,Światło dzienne,Najechanie na pieszego,1,0,0,Nieokreślone (puste pole),N,,,,,,,,,,
EWK-106233056G,2017,2017-07-12,15,POWIAT RADOM,RADOM - OBSZAR MIEJSKI,Droga powiatowa,P5339W,Dwie jezdnie jednokierunkowe,,Obszar zabudowany,21.1543333333333,51.4114722222222,Przejście dla pieszych,Oślepiające słońce,Światło dzienne,Najechanie na pieszego,1,0,1,Lekko,N,,,,,,,,,,
EWK-106233056G,2017,2017-07-12,15,POWIAT RADOM,RADOM - OBSZAR MIEJSKI,Droga powiatowa,P5339W,Dwie jezdnie jednokierunkowe,,Obszar zabudowany,21.1543333333333,51.4114722222222,Przejście dla pieszych,Oślepiające słońce,Światło dzienne,Najechanie na pieszego,1,0,0,Nieokreślone (puste pole),N,,,,,,,,,,
EWK-106352394F,2017,2017-08-31,10,POWIAT RADOM,RADOM - OBSZAR MIEJSKI,Droga powiatowa,P3539W,Jednojezdniowa dwukierunkowa,,Obszar zabudowany,21.1576388888889,51.37975,Przejście dla pieszych,Oślepiające słońce,Światło dzienne,Najechanie na pieszego,1,0,1,Lekko,N,,,,,,,,,,
EWK-106352394F,2017,2017-08-31,10,POWIAT RADOM,RADOM - OBSZAR MIEJSKI,Droga powiatowa,P3539W,Jednojezdniowa dwukierunkowa,,Obszar zabudowany,21.1576388888889,51.37975,Przejście dla pieszych,Oślepiające słońce,Światło dzienne,Najechanie na pieszego,1,0,0,Nieokreślone (puste pole),N,,,,,,,,,,
EWK-106540140L,2017,2017-11-14,8,POWIAT OSTROŁĘKA,OSTROŁĘKA - OBSZAR MIEJSKI,Droga powiatowa,4403W,Jednokierunkowa,Odcinek prosty,Obszar zabudowany,21.5826944444444,53.0825,Przejście dla pieszych,Oślepiające słońce,Światło dzienne,Najechanie na pieszego,1,0,1,Lekko,N,,,,,,,,,,
EWK-106540140L,2017,2017-11-14,8,POWIAT OSTROŁĘKA,OSTROŁĘKA - OBSZAR MIEJSKI,Droga powiatowa,4403W,Jednokierunkowa,Odcinek prosty,Obszar zabudowany,21.5826944444444,53.0825,Przejście dla pieszych,Oślepiające słońce,Światło dzienne,Najechanie na pieszego,1,0,0,Nieokreślone (puste pole),N,,,,,,,,,,
EWK-106578889U,2017,2017-11-24,10,POWIAT WĘGROWSKI,WĘGRÓW - OBSZAR MIEJSKI,Droga powiatowa,P4229W,Jednojezdniowa dwukierunkowa,Odcinek prosty,Obszar zabudowany,22.0199166666667,52.3984722222222,Przejście dla pieszych,Oślepiające słońce,Światło dzienne,Najechanie na pieszego,1,0,1,Lekko,N,,,,,,,,,,
EWK-106578889U,2017,2017-11-24,10,POWIAT WĘGROWSKI,WĘGRÓW - OBSZAR MIEJSKI,Droga powiatowa,P4229W,Jednojezdniowa dwukierunkowa,Odcinek prosty,Obszar zabudowany,22.0199166666667,52.3984722222222,Przejście dla pieszych,Oślepiające słońce,Światło dzienne,Najechanie na pieszego,1,0,0,Nieokreślone (puste pole),N,,,,,,,,,,
EWK-105688256P,2017,2017-03-20,13,POWIAT RADOM,RADOM - OBSZAR MIEJSKI,Droga powiatowa,P5304W  ,Jednojezdniowa dwukierunkowa,,Obszar zabudowany,21.1628611111111,51.4194444444444,Jezdnia,Pochmurno,Światło dzienne,Inne,1,0,1,Lekko,N,,,,,,,,,,
EWK-105688256P,2017,2017-03-20,13,POWIAT RADOM,RADOM - OBSZAR MIEJSKI,Droga powiatowa,P5304W  ,Jednojezdniowa dwukierunkowa,,Obszar zabudowany,21.1628611111111,51.4194444444444,Jezdnia,Pochmurno,Światło dzienne,Inne,1,0,0,Nieokreślone (puste pole),N,,,,,,,,,,
EWK-106429391X,2017,2017-09-25,11,POWIAT RADOM,RADOM - OBSZAR MIEJSKI,Droga powiatowa,P5312W,Jednojezdniowa dwukierunkowa,Odcinek prosty,Obszar zabudowany,21.1596666666667,51.4059166666667,Przystanek komunikacji publicznej,Pochmurno,Światło dzienne,Inne,1,0,1,Lekko,N,,,,,,,,,,
EWK-106429391X,2017,2017-09-25,11,POWIAT RADOM,RADOM - OBSZAR MIEJSKI,Droga powiatowa,P5312W,Jednojezdniowa dwukierunkowa,Odcinek prosty,Obszar zabudowany,21.1596666666667,51.4059166666667,Przystanek komunikacji publicznej,Pochmurno,Światło dzienne,Inne,1,0,0,Nieokreślone (puste pole),N,,,,,,,,,,
EWK-106363889F,2017,2017-09-02,22,POWIAT SIERPECKI,SIERPC - OBSZAR MIEJSKI,Droga gminna,GMINNA,Jednojezdniowa dwukierunkowa,Odcinek prosty,Obszar zabudowany,19.6633055555556,52.8552777777778,"Chodnik, droga dla pieszych",Pochmurno,Noc - droga nieoświetlona,Najechanie na pieszego,1,0,1,Lekko,N,,,,,,,,,,
EWK-106363889F,2017,2017-09-02,22,POWIAT SIERPECKI,SIERPC - OBSZAR MIEJSKI,Droga gminna,GMINNA,Jednojezdniowa dwukierunkowa,Odcinek prosty,Obszar zabudowany,19.6633055555556,52.8552777777778,"Chodnik, droga dla pieszych",Pochmurno,Noc - droga nieoświetlona,Najechanie na pieszego,1,0,0,Nieokreślone (puste pole),N,,,,,,,,,,
EWK-105503223W,2017,2017-03-03,20,POWIAT KOZIENICKI,GŁOWACZÓW - OBSZAR WIEJSKI,Droga powiatowa,P1711W,Jednojezdniowa dwukierunkowa,Odcinek prosty,Obszar niezabudowany,21.4277777777778,51.5715,Jezdnia,Pochmurno,Noc - droga nieoświetlona,Najechanie na pieszego,1,1,0,Nieokreślone (puste pole),N,,,,,,,,,,
EWK-105719759G,2017,2017-03-25,19,POWIAT SIEDLECKI,KOTUŃ - OBSZAR WIEJSKI,Droga krajowa,2,Jednojezdniowa dwukierunkowa,Odcinek prosty,Obszar zabudowany,22.1152777777778,52.1878888888889,Jezdnia,Pochmurno,Noc - droga nieoświetlona,Najechanie na pieszego,1,0,1,Lekko,N,,,,,,,,,,
EWK-105719759G,2017,2017-03-25,19,POWIAT SIEDLECKI,KOTUŃ - OBSZAR WIEJSKI,Droga krajowa,2,Jednojezdniowa dwukierunkowa,Odcinek prosty,Obszar zabudowany,22.1152777777778,52.1878888888889,Jezdnia,Pochmurno,Noc - droga nieoświetlona,Najechanie na pieszego,1,0,0,Nieokreślone (puste pole),N,,,,,,,,,,
EWK-105755364E,2017,2017-04-14,4,POWIAT GRÓJECKI,JASIENIEC - OBSZAR WIEJSKI,Droga powiatowa,P1656W,Jednojezdniowa dwukierunkowa,Odcinek prosty,Obszar niezabudowany,21.0331111111111,51.8312222222222,Jezdnia,Pochmurno,Noc - droga nieoświetlona,Najechanie na pieszego,1,1,0,Nieokreślone (puste pole),N,,,,,,,,,,
EWK-106342966L,2017,2017-08-27,20,POWIAT BIAŁOBRZESKI,STARA BŁOTNICA - OBSZAR WIEJSKI,Droga wojewódzka,732,Jednojezdniowa dwukierunkowa,Odcinek prosty,Obszar niezabudowany,20.9873333333333,51.5477777777778,Jezdnia,Pochmurno,Noc - droga nieoświetlona,Najechanie na pieszego,1,0,1,Lekko,T,,,,,,,,,,
EWK-106342966L,2017,2017-08-27,20,POWIAT BIAŁOBRZESKI,STARA BŁOTNICA - OBSZAR WIEJSKI,Droga wojewódzka,732,Jednojezdniowa dwukierunkowa,Odcinek prosty,Obszar niezabudowany,20.9873333333333,51.5477777777778,Jezdnia,Pochmurno,Noc - droga nieoświetlona,Najechanie na pieszego,1,0,0,Nieokreślone (puste pole),T,,,,,,,,,,
EWK-106353908N,2017,2017-08-31,20,POWIAT BIAŁOBRZESKI,STARA BŁOTNICA - OBSZAR WIEJSKI,Droga gminna,G110409W,Jednojezdniowa dwukierunkowa,Odcinek prosty,Obszar niezabudowany,20.9595555555556,51.5209722222222,Jezdnia,Pochmurno,Noc - droga nieoświetlona,Najechanie na pieszego,1,0,1,Lekko,N,,,,,,,,,,
EWK-106353908N,2017,2017-08-31,20,POWIAT BIAŁOBRZESKI,STARA BŁOTNICA - OBSZAR WIEJSKI,Droga gminna,G110409W,Jednojezdniowa dwukierunkowa,Odcinek prosty,Obszar niezabudowany,20.9595555555556,51.5209722222222,Jezdnia,Pochmurno,Noc - droga nieoświetlona,Najechanie na pieszego,1,0,0,Nieokreślone (puste pole),N,,,,,,,,,,
EWK-106372500E,2017,2017-09-10,20,POWIAT PŁOCKI,STARA BIAŁA - OBSZAR WIEJSKI,Droga wojewódzka,559,Jednojezdniowa dwukierunkowa,Odcinek prosty,Obszar zabudowany,19.6164444444444,52.5915555555556,Jezdnia,Pochmurno,Noc - droga nieoświetlona,Najechanie na pieszego,1,0,1,Lekko,T,,,,,,,,,,
EWK-106372500E,2017,2017-09-10,20,POWIAT PŁOCKI,STARA BIAŁA - OBSZAR WIEJSKI,Droga wojewódzka,559,Jednojezdniowa dwukierunkowa,Odcinek prosty,Obszar zabudowany,19.6164444444444,52.5915555555556,Jezdnia,Pochmurno,Noc - droga nieoświetlona,Najechanie na pieszego,1,0,0,Nieokreślone (puste pole),T,,,,,,,,,,
EWK-106411453N,2017,2017-09-17,0,POWIAT OSTROŁĘCKI,TROSZYN - OBSZAR WIEJSKI,Droga gminna,G251117W,Jednojezdniowa dwukierunkowa,Odcinek prosty,Obszar niezabudowany,21.8084166666667,53.097,Jezdnia,Pochmurno,Noc - droga nieoświetlona,Najechanie na pieszego,1,0,1,Lekko,N,,,,,,,,,,
EWK-106411453N,2017,2017-09-17,0,POWIAT OSTROŁĘCKI,TROSZYN - OBSZAR WIEJSKI,Droga gminna,G251117W,Jednojezdniowa dwukierunkowa,Odcinek prosty,Obszar niezabudowany,21.8084166666667,53.097,Jezdnia,Pochmurno,Noc - droga nieoświetlona,Najechanie na pieszego,1,0,0,Nieokreślone (puste pole),N,,,,,,,,,,
EWK-106455176M,2017,2017-10-09,6,POWIAT RADOMSKI,SKARYSZEW - OBSZAR WIEJSKI,Droga powiatowa,P3534W,Jednojezdniowa dwukierunkowa,Odcinek prosty,Obszar niezabudowany,21.2953055555556,51.3459722222222,Jezdnia,Pochmurno,Noc - droga nieoświetlona,Najechanie na pieszego,1,1,0,Nieokreślone (puste pole),N,,,,,,,,,,
EWK-106462860L,2017,2017-10-12,19,POWIAT SOCHACZEWSKI,NOWA SUCHA - OBSZAR WIEJSKI,Droga powiatowa,3835W,Jednojezdniowa dwukierunkowa,Odcinek prosty,Obszar niezabudowany,20.1936111111111,52.1548055555556,Jezdnia,Pochmurno,Noc - droga nieoświetlona,Najechanie na pieszego,1,0,1,Lekko,T,,,,,,,,,,
EWK-106462860L,2017,2017-10-12,19,POWIAT SOCHACZEWSKI,NOWA SUCHA - OBSZAR WIEJSKI,Droga powiatowa,3835W,Jednojezdniowa dwukierunkowa,Odcinek prosty,Obszar niezabudowany,20.1936111111111,52.1548055555556,Jezdnia,Pochmurno,Noc - droga nieoświetlona,Najechanie na pieszego,1,0,0,Nieokreślone (puste pole),T,,,,,,,,,,
EWK-106490214F,2017,2017-10-21,18,POWIAT ZWOLEŃSKI,ZWOLEŃ - OBSZAR WIEJSKI,Droga wojewódzka,787,Jednojezdniowa dwukierunkowa,Odcinek prosty,Obszar niezabudowany,21.5578888888889,51.3830277777778,Jezdnia,Pochmurno,Noc - droga nieoświetlona,Najechanie na pieszego,1,0,1,Lekko,T,,,,,,,,,,
EWK-106490214F,2017,2017-10-21,18,POWIAT ZWOLEŃSKI,ZWOLEŃ - OBSZAR WIEJSKI,Droga wojewódzka,787,Jednojezdniowa dwukierunkowa,Odcinek prosty,Obszar niezabudowany,21.5578888888889,51.3830277777778,Jezdnia,Pochmurno,Noc - droga nieoświetlona,Najechanie na pieszego,1,0,0,Nieokreślone (puste pole),T,,,,,,,,,,
EWK-106532003R,2017,2017-11-09,17,POWIAT GARWOLIŃSKI,ŻELECHÓW - OBSZAR WIEJSKI,Nieokreślone (puste pole),,Jednojezdniowa dwukierunkowa,Odcinek prosty,Obszar zabudowany,21.8155555555556,51.8111111111111,Jezdnia,Pochmurno,Noc - droga nieoświetlona,Najechanie na pieszego,1,0,1,Lekko,N,,,,,,,,,,
EWK-106532003R,2017,2017-11-09,17,POWIAT GARWOLIŃSKI,ŻELECHÓW - OBSZAR WIEJSKI,Nieokreślone (puste pole),,Jednojezdniowa dwukierunkowa,Odcinek prosty,Obszar zabudowany,21.8155555555556,51.8111111111111,Jezdnia,Pochmurno,Noc - droga nieoświetlona,Najechanie na pieszego,1,0,0,Nieokreślone (puste pole),N,,,,,,,,,,
EWK-106532255Q,2017,2017-11-07,17,POWIAT RADOMSKI,GÓZD - OBSZAR WIEJSKI,Droga krajowa,12,Jednojezdniowa dwukierunkowa,Odcinek prosty,Obszar niezabudowany,21.2763611111111,51.3893055555556,Jezdnia,Pochmurno,Noc - droga nieoświetlona,Najechanie na pieszego,1,0,1,Ciężko,N,,,,,,,,,,
EWK-106532255Q,2017,2017-11-07,17,POWIAT RADOMSKI,GÓZD - OBSZAR WIEJSKI,Droga krajowa,12,Jednojezdniowa dwukierunkowa,Odcinek prosty,Obszar niezabudowany,21.2763611111111,51.3893055555556,Jezdnia,Pochmurno,Noc - droga nieoświetlona,Najechanie na pieszego,1,0,0,Nieokreślone (puste pole),N,,,,,,,,,,
EWK-106549973E,2017,2017-11-19,6,POWIAT RADOM,RADOM - OBSZAR MIEJSKI,Droga gminna,GMINNA,Jednojezdniowa dwukierunkowa,Odcinek prosty,Obszar zabudowany,21.1669722222222,51.3615,Jezdnia,Pochmurno,Noc - droga nieoświetlona,Najechanie na pieszego,1,0,1,Lekko,N,,,,,,,,,,
EWK-106549973E,2017,2017-11-19,6,POWIAT RADOM,RADOM - OBSZAR MIEJSKI,Droga gminna,GMINNA,Jednojezdniowa dwukierunkowa,Odcinek prosty,Obszar zabudowany,21.1669722222222,51.3615,Jezdnia,Pochmurno,Noc - droga nieoświetlona,Najechanie na pieszego,1,0,0,Nieokreślone (puste pole),N,,,,,,,,,,
EWK-106613901H,2017,2017-12-12,19,POWIAT SIEDLECKI,SIEDLCE - OBSZAR WIEJSKI,Droga krajowa,2,Jednojezdniowa dwukierunkowa,Odcinek prosty,Obszar niezabudowany,22.2806944444444,52.1459722222222,Jezdnia,Pochmurno,Noc - droga nieoświetlona,Najechanie na pieszego,1,1,0,Nieokreślone (puste pole),N,,,,,,,,,,
EWK-106530530M,2017,2017-11-08,17,POWIAT RADOM,RADOM - OBSZAR MIEJSKI,Droga powiatowa,P5304W  ,Jednojezdniowa dwukierunkowa,Odcinek prosty,Obszar zabudowany,21.1628888888889,51.4070833333333,"Chodnik, droga dla pieszych",Pochmurno,Noc - droga oświetlona,Najechanie na pieszego,1,0,1,Lekko,N,,,,,,,,,,
EWK-106530530M,2017,2017-11-08,17,POWIAT RADOM,RADOM - OBSZAR MIEJSKI,Droga powiatowa,P5304W  ,Jednojezdniowa dwukierunkowa,Odcinek prosty,Obszar zabudowany,21.1628888888889,51.4070833333333,"Chodnik, droga dla pieszych",Pochmurno,Noc - droga oświetlona,Najechanie na pieszego,1,0,0,Nieokreślone (puste pole),N,,,,,,,,,,
EWK-105344491R,2017,2017-01-14,22,POWIAT RADOM,RADOM - OBSZAR MIEJSKI,Droga gminna,G530047W,Jednojezdniowa dwukierunkowa,Odcinek prosty,Obszar zabudowany,21.1538611111111,51.4036388888889,Jezdnia,Pochmurno,Noc - droga oświetlona,Najechanie na pieszego,1,0,1,Ciężko,N,,,,,,,,,,
EWK-105344491R,2017,2017-01-14,22,POWIAT RADOM,RADOM - OBSZAR MIEJSKI,Droga gminna,G530047W,Jednojezdniowa dwukierunkowa,Odcinek prosty,Obszar zabudowany,21.1538611111111,51.4036388888889,Jezdnia,Pochmurno,Noc - droga oświetlona,Najechanie na pieszego,1,0,0,Nieokreślone (puste pole),N,,,,,,,,,,
EWK-105693069H,2017,2017-03-23,18,POWIAT WYSZKOWSKI,WYSZKÓW - OBSZAR MIEJSKI,Droga powiatowa,P4408W,Jednojezdniowa dwukierunkowa,Odcinek prosty,Obszar zabudowany,21.4543333333333,52.6082777777778,Jezdnia,Pochmurno,Noc - droga oświetlona,Najechanie na pieszego,1,0,1,Ciężko,N,,,,,,,,,,
EWK-105693069H,2017,2017-03-23,18,POWIAT WYSZKOWSKI,WYSZKÓW - OBSZAR MIEJSKI,Droga powiatowa,P4408W,Jednojezdniowa dwukierunkowa,Odcinek prosty,Obszar zabudowany,21.4543333333333,52.6082777777778,Jezdnia,Pochmurno,Noc - droga oświetlona,Najechanie na pieszego,1,0,0,Nieokreślone (puste pole),N,,,,,,,,,,
EWK-105693080H,2017,2017-03-23,18,POWIAT OSTROŁĘCKI,KADZIDŁO - OBSZAR WIEJSKI,Droga krajowa,53,Jednojezdniowa dwukierunkowa,,Obszar niezabudowany,21.3830277777778,53.2918055555556,Jezdnia,Pochmurno,Noc - droga oświetlona,Najechanie na pieszego,1,1,0,Nieokreślone (puste pole),N,,,,,,,,,,
EWK-106319802X,2017,2017-08-15,23,POWIAT RADOMSKI,JEDLNIA-LETNISKO - OBSZAR WIEJSKI,Droga wojewódzka,737,Jednojezdniowa dwukierunkowa,Odcinek prosty,Obszar zabudowany,21.2461666666667,51.4320833333333,Jezdnia,Pochmurno,Noc - droga oświetlona,Najechanie na pieszego,1,1,0,Nieokreślone (puste pole),N,,,,,,,,,,
EWK-106376882H,2017,2017-09-12,19,POWIAT ŻYRARDOWSKI,MSZCZONÓW - OBSZAR WIEJSKI,Droga krajowa,50,Jednojezdniowa dwukierunkowa,,Obszar zabudowany,20.5978333333333,51.949,Jezdnia,Pochmurno,Noc - droga oświetlona,Najechanie na pieszego,1,1,0,Nieokreślone (puste pole),N,,,,,,,,,,
EWK-106469812R,2017,2017-10-15,3,POWIAT RADOM,RADOM - OBSZAR MIEJSKI,Droga krajowa,7,Dwie jezdnie jednokierunkowe,,Obszar zabudowany,21.1296111111111,51.4037777777778,Jezdnia,Pochmurno,Noc - droga oświetlona,Najechanie na pieszego,1,0,1,Lekko,T,,,,,,,,,,
EWK-106469812R,2017,2017-10-15,3,POWIAT RADOM,RADOM - OBSZAR MIEJSKI,Droga krajowa,7,Dwie jezdnie jednokierunkowe,,Obszar zabudowany,21.1296111111111,51.4037777777778,Jezdnia,Pochmurno,Noc - droga oświetlona,Najechanie na pieszego,1,0,0,Nieokreślone (puste pole),T,,,,,,,,,,
EWK-106487481F,2017,2017-10-19,19,POWIAT RADOM,RADOM - OBSZAR MIEJSKI,Droga krajowa,7,Dwie jezdnie jednokierunkowe,Odcinek prosty,Obszar zabudowany,21.1250277777778,51.4087777777778,Jezdnia,Pochmurno,Noc - droga oświetlona,Najechanie na pieszego,1,1,0,Nieokreślone (puste pole),N,,,,,,,,,,
EWK-106490171U,2017,2017-10-21,18,POWIAT OSTROŁĘCKI,LELIS - OBSZAR WIEJSKI,Droga powiatowa,2536W,Jednojezdniowa dwukierunkowa,Odcinek prosty,Obszar zabudowany,21.4643055555556,53.13825,Jezdnia,Pochmurno,Noc - droga oświetlona,Najechanie na pieszego,1,0,1,Lekko,T,,,,,,,,,,
EWK-106490171U,2017,2017-10-21,18,POWIAT OSTROŁĘCKI,LELIS - OBSZAR WIEJSKI,Droga powiatowa,2536W,Jednojezdniowa dwukierunkowa,Odcinek prosty,Obszar zabudowany,21.4643055555556,53.13825,Jezdnia,Pochmurno,Noc - droga oświetlona,Najechanie na pieszego,1,0,0,Nieokreślone (puste pole),T,,,,,,,,,,
EWK-106521189D,2017,2017-11-03,17,POWIAT GARWOLIŃSKI,SOBOLEW - OBSZAR WIEJSKI,Droga wojewódzka,807,Jednojezdniowa dwukierunkowa,Odcinek prosty,Obszar zabudowany,21.6755833333333,51.73925,Jezdnia,Pochmurno,Noc - droga oświetlona,Najechanie na pieszego,1,0,1,Ciężko,N,,,,,,,,,,
EWK-106521189D,2017,2017-11-03,17,POWIAT GARWOLIŃSKI,SOBOLEW - OBSZAR WIEJSKI,Droga wojewódzka,807,Jednojezdniowa dwukierunkowa,Odcinek prosty,Obszar zabudowany,21.6755833333333,51.73925,Jezdnia,Pochmurno,Noc - droga oświetlona,Najechanie na pieszego,1,0,0,Nieokreślone (puste pole),N,,,,,,,,,,
EWK-106608950H,2017,2017-12-10,16,POWIAT PŁOŃSKI,RACIĄŻ - OBSZAR MIEJSKI,Droga powiatowa,P3082W,Jednojezdniowa dwukierunkowa,Odcinek prosty,Obszar zabudowany,20.1241944444444,52.7830277777778,Jezdnia,Pochmurno,Noc - droga oświetlona,Najechanie na pieszego,1,1,0,Nieokreślone (puste pole),T,,,,,,,,,,
EWK-106612017U,2017,2017-12-11,19,POWIAT SOCHACZEWSKI,SOCHACZEW - OBSZAR MIEJSKI,Droga gminna,GMINNA,Jednojezdniowa dwukierunkowa,Odcinek prosty,Obszar zabudowany,20.2163055555556,52.23225,Jezdnia,Pochmurno,Noc - droga oświetlona,Najechanie na pieszego,1,0,1,Lekko,T,,,,,,,,,,
EWK-106612017U,2017,2017-12-11,19,POWIAT SOCHACZEWSKI,SOCHACZEW - OBSZAR MIEJSKI,Droga gminna,GMINNA,Jednojezdniowa dwukierunkowa,Odcinek prosty,Obszar zabudowany,20.2163055555556,52.23225,Jezdnia,Pochmurno,Noc - droga oświetlona,Najechanie na pieszego,1,0,0,Nieokreślone (puste pole),T,,,,,,,,,,
EWK-106649735W,2017,2017-12-30,19,POWIAT GARWOLIŃSKI,TROJANÓW - OBSZAR WIEJSKI,Nieokreślone (puste pole),,Jednojezdniowa dwukierunkowa,Odcinek prosty,Obszar zabudowany,21.7442222222222,51.7094166666667,Jezdnia,Pochmurno,Noc - droga oświetlona,Najechanie na pieszego,1,0,1,Lekko,T,,,,,,,,,,
EWK-106649735W,2017,2017-12-30,19,POWIAT GARWOLIŃSKI,TROJANÓW - OBSZAR WIEJSKI,Nieokreślone (puste pole),,Jednojezdniowa dwukierunkowa,Odcinek prosty,Obszar zabudowany,21.7442222222222,51.7094166666667,Jezdnia,Pochmurno,Noc - droga oświetlona,Najechanie na pieszego,1,0,0,Nieokreślone (puste pole),T,,,,,,,,,,
EWK-106650019A,2017,2017-12-31,19,POWIAT RADOMSKI,WIERZBICA - OBSZAR WIEJSKI,Droga powiatowa,P3545W,Jednojezdniowa dwukierunkowa,Odcinek prosty,Obszar zabudowany,21.1124166666667,51.2276666666667,Jezdnia,Pochmurno,Noc - droga oświetlona,Najechanie na pieszego,1,0,1,Ciężko,N,,,,,,,,,,