IDKSIP,year,date,hour,district,district_commune,road_category,road_number,type_of_road,road_geometry,area,Longitude,Latitude,char_place_of_the_event,weather_conditions,lighting,type_of_accident,num_of_accidents,num_of_fatalities,num_of_injured,type_of_injury,is_offender_intoxicated,,,,,,,,,,
EWK-106650019A,2017,2017-12-31,19,POWIAT RADOMSKI,WIERZBICA - OBSZAR WIEJSKI,Droga powiatowa,P3545W,Jednojezdniowa dwukierunkowa,Odcinek prosty,Obszar zabudowany,21.1124166666667,51.2276666666667,Jezdnia,Pochmurno,Noc - droga oświetlona,Najechanie na pieszego,1,0,0,Nieokreślone (puste pole),N,,,,,,,,,,
EWK-106651282R,2017,2017-12-31,16,POWIAT SIEDLECKI,WODYNIE - OBSZAR WIEJSKI,Nieokreślone (puste pole),,Jednojezdniowa dwukierunkowa,Odcinek prosty,Obszar zabudowany,21.8952222222222,51.9930555555556,Jezdnia,Pochmurno,Noc - droga oświetlona,Najechanie na pieszego,1,0,1,Lekko,N,,,,,,,,,,
EWK-106651282R,2017,2017-12-31,16,POWIAT SIEDLECKI,WODYNIE - OBSZAR WIEJSKI,Nieokreślone (puste pole),,Jednojezdniowa dwukierunkowa,Odcinek prosty,Obszar zabudowany,21.8952222222222,51.9930555555556,Jezdnia,Pochmurno,Noc - droga oświetlona,Najechanie na pieszego,1,0,0,Nieokreślone (puste pole),N,,,,,,,,,,
EWK-105333220T,2017,2017-01-10,17,POWIAT WYSZKOWSKI,WYSZKÓW - OBSZAR MIEJSKI,Droga powiatowa,P4408W,Jednojezdniowa dwukierunkowa,Odcinek prosty,Obszar zabudowany,21.4551388888889,52.6038055555556,Przejście dla pieszych,Pochmurno,Noc - droga oświetlona,Najechanie na pieszego,1,0,1,Lekko,N,,,,,,,,,,
EWK-105333220T,2017,2017-01-10,17,POWIAT WYSZKOWSKI,WYSZKÓW - OBSZAR MIEJSKI,Droga powiatowa,P4408W,Jednojezdniowa dwukierunkowa,Odcinek prosty,Obszar zabudowany,21.4551388888889,52.6038055555556,Przejście dla pieszych,Pochmurno,Noc - droga oświetlona,Najechanie na pieszego,1,0,0,Nieokreślone (puste pole),N,,,,,,,,,,
EWK-105472856Y,2017,2017-02-22,17,POWIAT RADOM,RADOM - OBSZAR MIEJSKI,Droga powiatowa,P5339W,Dwie jezdnie jednokierunkowe,,Obszar zabudowany,21.1734444444444,51.4078611111111,Przejście dla pieszych,Pochmurno,Noc - droga oświetlona,Najechanie na pieszego,1,0,1,Lekko,N,,,,,,,,,,
EWK-105472856Y,2017,2017-02-22,17,POWIAT RADOM,RADOM - OBSZAR MIEJSKI,Droga powiatowa,P5339W,Dwie jezdnie jednokierunkowe,,Obszar zabudowany,21.1734444444444,51.4078611111111,Przejście dla pieszych,Pochmurno,Noc - droga oświetlona,Najechanie na pieszego,1,0,0,Nieokreślone (puste pole),N,,,,,,,,,,
EWK-105916305T,2017,2017-05-23,21,POWIAT RADOMSKI,JEDLNIA-LETNISKO - OBSZAR WIEJSKI,Droga krajowa,12,Jednojezdniowa dwukierunkowa,Odcinek prosty,Obszar niezabudowany,21.2306666666667,51.4133888888889,Przejście dla pieszych,Pochmurno,Noc - droga oświetlona,Najechanie na pieszego,1,0,1,Lekko,N,,,,,,,,,,
EWK-105916305T,2017,2017-05-23,21,POWIAT RADOMSKI,JEDLNIA-LETNISKO - OBSZAR WIEJSKI,Droga krajowa,12,Jednojezdniowa dwukierunkowa,Odcinek prosty,Obszar niezabudowany,21.2306666666667,51.4133888888889,Przejście dla pieszych,Pochmurno,Noc - droga oświetlona,Najechanie na pieszego,1,0,0,Nieokreślone (puste pole),N,,,,,,,,,,
EWK-106422946F,2017,2017-09-23,19,POWIAT RADOM,RADOM - OBSZAR MIEJSKI,Droga powiatowa,P5301W,Jednojezdniowa dwukierunkowa,,Obszar zabudowany,21.1571944444444,51.4074722222222,Przejście dla pieszych,Pochmurno,Noc - droga oświetlona,Najechanie na pieszego,1,0,1,Lekko,N,,,,,,,,,,
EWK-106422946F,2017,2017-09-23,19,POWIAT RADOM,RADOM - OBSZAR MIEJSKI,Droga powiatowa,P5301W,Jednojezdniowa dwukierunkowa,,Obszar zabudowany,21.1571944444444,51.4074722222222,Przejście dla pieszych,Pochmurno,Noc - droga oświetlona,Najechanie na pieszego,1,0,0,Nieokreślone (puste pole),N,,,,,,,,,,
EWK-106454199U,2017,2017-10-08,20,POWIAT RADOM,RADOM - OBSZAR MIEJSKI,Droga krajowa,7,Dwie jezdnie jednokierunkowe,Odcinek prosty,Obszar zabudowany,21.14925,51.4295833333333,Przejście dla pieszych,Pochmurno,Noc - droga oświetlona,Najechanie na pieszego,1,0,1,Ciężko,N,,,,,,,,,,
EWK-106454199U,2017,2017-10-08,20,POWIAT RADOM,RADOM - OBSZAR MIEJSKI,Droga krajowa,7,Dwie jezdnie jednokierunkowe,Odcinek prosty,Obszar zabudowany,21.14925,51.4295833333333,Przejście dla pieszych,Pochmurno,Noc - droga oświetlona,Najechanie na pieszego,1,0,0,Nieokreślone (puste pole),N,,,,,,,,,,
EWK-106571683R,2017,2017-11-24,20,POWIAT SOCHACZEWSKI,SOCHACZEW - OBSZAR MIEJSKI,Droga gminna,GMINNA,Jednojezdniowa dwukierunkowa,Odcinek prosty,Obszar zabudowany,20.2583333333333,52.2281944444445,Przejście dla pieszych,Pochmurno,Noc - droga oświetlona,Najechanie na pieszego,1,0,1,Ciężko,N,,,,,,,,,,
EWK-106571683R,2017,2017-11-24,20,POWIAT SOCHACZEWSKI,SOCHACZEW - OBSZAR MIEJSKI,Droga gminna,GMINNA,Jednojezdniowa dwukierunkowa,Odcinek prosty,Obszar zabudowany,20.2583333333333,52.2281944444445,Przejście dla pieszych,Pochmurno,Noc - droga oświetlona,Najechanie na pieszego,1,0,0,Nieokreślone (puste pole),N,,,,,,,,,,
EWK-106586926H,2017,2017-11-28,17,POWIAT PŁOCK,PŁOCK - OBSZAR MIEJSKI,Droga wojewódzka,562,Jednojezdniowa dwukierunkowa,Odcinek prosty,Obszar zabudowany,19.6555555555556,52.5603888888889,Przejście dla pieszych,Pochmurno,Noc - droga oświetlona,Najechanie na pieszego,1,1,0,Nieokreślone (puste pole),N,,,,,,,,,,
EWK-106596979Y,2017,2017-12-04,16,POWIAT SIEDLCE,SIEDLCE - OBSZAR MIEJSKI,Droga gminna,GMINNA,Jednokierunkowa,,Obszar zabudowany,22.2766388888889,52.1653333333333,Przejście dla pieszych,Pochmurno,Noc - droga oświetlona,Najechanie na pieszego,1,0,1,Lekko,N,,,,,,,,,,
EWK-106596979Y,2017,2017-12-04,16,POWIAT SIEDLCE,SIEDLCE - OBSZAR MIEJSKI,Droga gminna,GMINNA,Jednokierunkowa,,Obszar zabudowany,22.2766388888889,52.1653333333333,Przejście dla pieszych,Pochmurno,Noc - droga oświetlona,Najechanie na pieszego,1,0,0,Nieokreślone (puste pole),N,,,,,,,,,,
EWK-106609820L,2017,2017-12-08,16,POWIAT PŁOCK,PŁOCK - OBSZAR MIEJSKI,Droga gminna,G520005W,Jednojezdniowa dwukierunkowa,Odcinek prosty,Obszar zabudowany,19.753,52.5441944444444,Przejście dla pieszych,Pochmurno,Noc - droga oświetlona,Najechanie na pieszego,1,0,1,Lekko,N,,,,,,,,,,
EWK-106609820L,2017,2017-12-08,16,POWIAT PŁOCK,PŁOCK - OBSZAR MIEJSKI,Droga gminna,G520005W,Jednojezdniowa dwukierunkowa,Odcinek prosty,Obszar zabudowany,19.753,52.5441944444444,Przejście dla pieszych,Pochmurno,Noc - droga oświetlona,Najechanie na pieszego,1,0,0,Nieokreślone (puste pole),N,,,,,,,,,,
EWK-106621204M,2017,2017-12-15,16,POWIAT RADOM,RADOM - OBSZAR MIEJSKI,Droga powiatowa,P5305W,Jednojezdniowa dwukierunkowa,Odcinek prosty,Obszar zabudowany,21.1490555555556,51.3958333333333,Przejście dla pieszych,Pochmurno,Noc - droga oświetlona,Najechanie na pieszego,1,0,1,Lekko,N,,,,,,,,,,
EWK-106621204M,2017,2017-12-15,16,POWIAT RADOM,RADOM - OBSZAR MIEJSKI,Droga powiatowa,P5305W,Jednojezdniowa dwukierunkowa,Odcinek prosty,Obszar zabudowany,21.1490555555556,51.3958333333333,Przejście dla pieszych,Pochmurno,Noc - droga oświetlona,Najechanie na pieszego,1,0,0,Nieokreślone (puste pole),N,,,,,,,,,,
EWK-106638258F,2017,2017-12-23,16,POWIAT SOKOŁOWSKI,SOKOŁÓW PODLASKI - OBSZAR MIEJSKI,Droga krajowa,62,Jednojezdniowa dwukierunkowa,Odcinek prosty,Obszar zabudowany,22.2302222222222,52.4074722222222,Przejście dla pieszych,Pochmurno,Noc - droga oświetlona,Najechanie na pieszego,1,0,1,Lekko,N,,,,,,,,,,
EWK-106638258F,2017,2017-12-23,16,POWIAT SOKOŁOWSKI,SOKOŁÓW PODLASKI - OBSZAR MIEJSKI,Droga krajowa,62,Jednojezdniowa dwukierunkowa,Odcinek prosty,Obszar zabudowany,22.2302222222222,52.4074722222222,Przejście dla pieszych,Pochmurno,Noc - droga oświetlona,Najechanie na pieszego,1,0,0,Nieokreślone (puste pole),N,,,,,,,,,,
EWK-106659774J,2017,2017-12-20,16,POWIAT GARWOLIŃSKI,GARWOLIN - OBSZAR MIEJSKI,Nieokreślone (puste pole),,Jednojezdniowa dwukierunkowa,,Obszar zabudowany,21.6075555555556,51.8938888888889,Przejście dla pieszych,Pochmurno,Noc - droga oświetlona,Najechanie na pieszego,1,0,1,Lekko,N,,,,,,,,,,
EWK-106659774J,2017,2017-12-20,16,POWIAT GARWOLIŃSKI,GARWOLIN - OBSZAR MIEJSKI,Nieokreślone (puste pole),,Jednojezdniowa dwukierunkowa,,Obszar zabudowany,21.6075555555556,51.8938888888889,Przejście dla pieszych,Pochmurno,Noc - droga oświetlona,Najechanie na pieszego,1,0,0,Nieokreślone (puste pole),N,,,,,,,,,,
EWK-106157732J,2017,2017-06-26,13,POWIAT RADOM,RADOM - OBSZAR MIEJSKI,Droga powiatowa,P5309W,Jednojezdniowa dwukierunkowa,Odcinek prosty,Obszar zabudowany,21.1589166666667,51.4135555555556,"Chodnik, droga dla pieszych",Pochmurno,Światło dzienne,Najechanie na pieszego,1,0,1,Lekko,N,,,,,,,,,,
EWK-106157732J,2017,2017-06-26,13,POWIAT RADOM,RADOM - OBSZAR MIEJSKI,Droga powiatowa,P5309W,Jednojezdniowa dwukierunkowa,Odcinek prosty,Obszar zabudowany,21.1589166666667,51.4135555555556,"Chodnik, droga dla pieszych",Pochmurno,Światło dzienne,Najechanie na pieszego,1,0,0,Nieokreślone (puste pole),N,,,,,,,,,,
EWK-106521915F,2017,2017-11-04,10,POWIAT OSTROŁĘKA,OSTROŁĘKA - OBSZAR MIEJSKI,Droga gminna,G510234W,Jednojezdniowa dwukierunkowa,Odcinek prosty,Obszar zabudowany,21.5798333333333,53.0715277777778,"Chodnik, droga dla pieszych",Pochmurno,Światło dzienne,Najechanie na pieszego,1,0,1,Lekko,N,,,,,,,,,,
EWK-106521915F,2017,2017-11-04,10,POWIAT OSTROŁĘKA,OSTROŁĘKA - OBSZAR MIEJSKI,Droga gminna,G510234W,Jednojezdniowa dwukierunkowa,Odcinek prosty,Obszar zabudowany,21.5798333333333,53.0715277777778,"Chodnik, droga dla pieszych",Pochmurno,Światło dzienne,Najechanie na pieszego,1,0,0,Nieokreślone (puste pole),N,,,,,,,,,,
EWK-106597828Q,2017,2017-12-02,14,POWIAT PŁOCK,PŁOCK - OBSZAR MIEJSKI,Droga powiatowa,5207W,Jednokierunkowa,Odcinek prosty,Obszar zabudowany,19.7265277777778,52.5414166666667,"Chodnik, droga dla pieszych",Pochmurno,Światło dzienne,Najechanie na pieszego,1,0,1,Ciężko,N,,,,,,,,,,
EWK-106597828Q,2017,2017-12-02,14,POWIAT PŁOCK,PŁOCK - OBSZAR MIEJSKI,Droga powiatowa,5207W,Jednokierunkowa,Odcinek prosty,Obszar zabudowany,19.7265277777778,52.5414166666667,"Chodnik, droga dla pieszych",Pochmurno,Światło dzienne,Najechanie na pieszego,1,0,0,Nieokreślone (puste pole),N,,,,,,,,,,
EWK-105586602K,2017,2017-03-09,16,POWIAT WYSZKOWSKI,WYSZKÓW - OBSZAR WIEJSKI,Droga krajowa,62,Jednojezdniowa dwukierunkowa,Odcinek prosty,Obszar zabudowany,21.4273611111111,52.5881111111111,Jezdnia,Pochmurno,Światło dzienne,Najechanie na pieszego,1,0,1,Ciężko,T,,,,,,,,,,
EWK-105586602K,2017,2017-03-09,16,POWIAT WYSZKOWSKI,WYSZKÓW - OBSZAR WIEJSKI,Droga krajowa,62,Jednojezdniowa dwukierunkowa,Odcinek prosty,Obszar zabudowany,21.4273611111111,52.5881111111111,Jezdnia,Pochmurno,Światło dzienne,Najechanie na pieszego,1,0,0,Nieokreślone (puste pole),T,,,,,,,,,,
EWK-105693019D,2017,2017-03-23,16,POWIAT ZWOLEŃSKI,PRZYŁĘK - OBSZAR WIEJSKI,Droga powiatowa,P4522W,Jednojezdniowa dwukierunkowa,Odcinek prosty,Obszar zabudowany,21.7214444444444,51.3725277777778,Jezdnia,Pochmurno,Światło dzienne,Najechanie na pieszego,1,0,1,Lekko,N,,,,,,,,,,
EWK-105693019D,2017,2017-03-23,16,POWIAT ZWOLEŃSKI,PRZYŁĘK - OBSZAR WIEJSKI,Droga powiatowa,P4522W,Jednojezdniowa dwukierunkowa,Odcinek prosty,Obszar zabudowany,21.7214444444444,51.3725277777778,Jezdnia,Pochmurno,Światło dzienne,Najechanie na pieszego,1,0,0,Nieokreślone (puste pole),N,,,,,,,,,,
EWK-105799288H,2017,2017-05-10,15,POWIAT ŻYRARDOWSKI,ŻYRARDÓW - OBSZAR MIEJSKI,Droga gminna,GMINNA,Jednojezdniowa dwukierunkowa,,Obszar zabudowany,20.4431111111111,52.0607777777778,Jezdnia,Pochmurno,Światło dzienne,Najechanie na pieszego,1,0,1,Lekko,N,,,,,,,,,,
EWK-105799288H,2017,2017-05-10,15,POWIAT ŻYRARDOWSKI,ŻYRARDÓW - OBSZAR MIEJSKI,Droga gminna,GMINNA,Jednojezdniowa dwukierunkowa,,Obszar zabudowany,20.4431111111111,52.0607777777778,Jezdnia,Pochmurno,Światło dzienne,Najechanie na pieszego,1,0,0,Nieokreślone (puste pole),N,,,,,,,,,,
EWK-106324557X,2017,2017-08-22,7,POWIAT CIECHANOWSKI,CIECHANÓW - OBSZAR WIEJSKI,Droga gminna,G120221W,Jednojezdniowa dwukierunkowa,"Zakręt, łuk",Obszar zabudowany,20.5336388888889,52.8902777777778,Jezdnia,Pochmurno,Światło dzienne,Najechanie na pieszego,1,0,1,Ciężko,N,,,,,,,,,,
EWK-106324557X,2017,2017-08-22,7,POWIAT CIECHANOWSKI,CIECHANÓW - OBSZAR WIEJSKI,Droga gminna,G120221W,Jednojezdniowa dwukierunkowa,"Zakręt, łuk",Obszar zabudowany,20.5336388888889,52.8902777777778,Jezdnia,Pochmurno,Światło dzienne,Najechanie na pieszego,1,0,0,Nieokreślone (puste pole),N,,,,,,,,,,
EWK-106383298E,2017,2017-09-15,7,POWIAT RADOM,RADOM - OBSZAR MIEJSKI,Droga gminna,G530298W,Jednojezdniowa dwukierunkowa,Odcinek prosty,Obszar zabudowany,21.1763333333333,51.4047222222222,Jezdnia,Pochmurno,Światło dzienne,Najechanie na pieszego,1,0,1,Lekko,N,,,,,,,,,,
EWK-106383298E,2017,2017-09-15,7,POWIAT RADOM,RADOM - OBSZAR MIEJSKI,Droga gminna,G530298W,Jednojezdniowa dwukierunkowa,Odcinek prosty,Obszar zabudowany,21.1763333333333,51.4047222222222,Jezdnia,Pochmurno,Światło dzienne,Najechanie na pieszego,1,0,0,Nieokreślone (puste pole),N,,,,,,,,,,
EWK-106404981K,2017,2017-09-15,7,POWIAT RADOM,RADOM - OBSZAR MIEJSKI,Droga gminna,G530298W,Jednojezdniowa dwukierunkowa,Odcinek prosty,Obszar zabudowany,21.1758888888889,51.4038055555556,Jezdnia,Pochmurno,Światło dzienne,Najechanie na pieszego,1,0,1,Lekko,N,,,,,,,,,,
EWK-106404981K,2017,2017-09-15,7,POWIAT RADOM,RADOM - OBSZAR MIEJSKI,Droga gminna,G530298W,Jednojezdniowa dwukierunkowa,Odcinek prosty,Obszar zabudowany,21.1758888888889,51.4038055555556,Jezdnia,Pochmurno,Światło dzienne,Najechanie na pieszego,1,0,0,Nieokreślone (puste pole),N,,,,,,,,,,
EWK-106451040H,2017,2017-10-06,13,POWIAT RADOM,RADOM - OBSZAR MIEJSKI,Droga gminna,G530082W,Jednojezdniowa dwukierunkowa,Odcinek prosty,Obszar zabudowany,21.1607222222222,51.4292777777778,Jezdnia,Pochmurno,Światło dzienne,Najechanie na pieszego,1,0,1,Ciężko,N,,,,,,,,,,
EWK-106451040H,2017,2017-10-06,13,POWIAT RADOM,RADOM - OBSZAR MIEJSKI,Droga gminna,G530082W,Jednojezdniowa dwukierunkowa,Odcinek prosty,Obszar zabudowany,21.1607222222222,51.4292777777778,Jezdnia,Pochmurno,Światło dzienne,Najechanie na pieszego,1,0,0,Nieokreślone (puste pole),N,,,,,,,,,,
EWK-106502063M,2017,2017-10-26,7,POWIAT LIPSKI,SIENNO - OBSZAR WIEJSKI,Droga powiatowa,P0244T,Jednojezdniowa dwukierunkowa,Odcinek prosty,Obszar zabudowany,21.5386111111111,51.09775,Jezdnia,Pochmurno,Światło dzienne,Najechanie na pieszego,1,0,1,Ciężko,N,,,,,,,,,,
EWK-106502063M,2017,2017-10-26,7,POWIAT LIPSKI,SIENNO - OBSZAR WIEJSKI,Droga powiatowa,P0244T,Jednojezdniowa dwukierunkowa,Odcinek prosty,Obszar zabudowany,21.5386111111111,51.09775,Jezdnia,Pochmurno,Światło dzienne,Najechanie na pieszego,1,0,0,Nieokreślone (puste pole),N,,,,,,,,,,
EWK-106509567E,2017,2017-10-30,8,POWIAT SIERPECKI,ROŚCISZEWO - OBSZAR WIEJSKI,Droga wojewódzka,541,Jednojezdniowa dwukierunkowa,Odcinek prosty,Obszar niezabudowany,19.8104722222222,52.9076111111111,Jezdnia,Pochmurno,Światło dzienne,Najechanie na pieszego,1,0,1,Lekko,N,,,,,,,,,,
EWK-106509567E,2017,2017-10-30,8,POWIAT SIERPECKI,ROŚCISZEWO - OBSZAR WIEJSKI,Droga wojewódzka,541,Jednojezdniowa dwukierunkowa,Odcinek prosty,Obszar niezabudowany,19.8104722222222,52.9076111111111,Jezdnia,Pochmurno,Światło dzienne,Najechanie na pieszego,1,0,0,Nieokreślone (puste pole),N,,,,,,,,,,
EWK-106521089E,2017,2017-11-03,9,POWIAT OSTROWSKI,ZARĘBY KOŚCIELNE - OBSZAR WIEJSKI,Droga powiatowa,P2657W,Jednojezdniowa dwukierunkowa,Odcinek prosty,Obszar zabudowany,22.0737777777778,52.7445277777778,Jezdnia,Pochmurno,Światło dzienne,Najechanie na pieszego,1,0,1,Lekko,N,,,,,,,,,,
EWK-106521089E,2017,2017-11-03,9,POWIAT OSTROWSKI,ZARĘBY KOŚCIELNE - OBSZAR WIEJSKI,Droga powiatowa,P2657W,Jednojezdniowa dwukierunkowa,Odcinek prosty,Obszar zabudowany,22.0737777777778,52.7445277777778,Jezdnia,Pochmurno,Światło dzienne,Najechanie na pieszego,1,0,0,Nieokreślone (puste pole),N,,,,,,,,,,
EWK-106529173N,2017,2017-11-07,14,POWIAT GRÓJECKI,GRÓJEC - OBSZAR MIEJSKI,Droga powiatowa,P0244T,Jednojezdniowa dwukierunkowa,,Obszar zabudowany,20.8666666666667,51.8655277777778,Jezdnia,Pochmurno,Światło dzienne,Najechanie na pieszego,1,0,1,Lekko,N,,,,,,,,,,
EWK-106529173N,2017,2017-11-07,14,POWIAT GRÓJECKI,GRÓJEC - OBSZAR MIEJSKI,Droga powiatowa,P0244T,Jednojezdniowa dwukierunkowa,,Obszar zabudowany,20.8666666666667,51.8655277777778,Jezdnia,Pochmurno,Światło dzienne,Najechanie na pieszego,1,0,0,Nieokreślone (puste pole),N,,,,,,,,,,
EWK-106529468P,2017,2017-11-08,15,POWIAT RADOMSKI,JEDLIŃSK - OBSZAR WIEJSKI,Droga powiatowa,P3509W,Jednojezdniowa dwukierunkowa,Odcinek prosty,Obszar niezabudowany,21.1464444444444,51.4933611111111,Jezdnia,Pochmurno,Światło dzienne,Najechanie na pieszego,1,0,1,Lekko,N,,,,,,,,,,
EWK-106529468P,2017,2017-11-08,15,POWIAT RADOMSKI,JEDLIŃSK - OBSZAR WIEJSKI,Droga powiatowa,P3509W,Jednojezdniowa dwukierunkowa,Odcinek prosty,Obszar niezabudowany,21.1464444444444,51.4933611111111,Jezdnia,Pochmurno,Światło dzienne,Najechanie na pieszego,1,0,0,Nieokreślone (puste pole),N,,,,,,,,,,
EWK-106540720P,2017,2017-11-14,15,POWIAT PUŁTUSKI,OBRYTE - OBSZAR WIEJSKI,Droga powiatowa,P4407W,Jednojezdniowa dwukierunkowa,Odcinek prosty,Obszar zabudowany,21.2120277777778,52.7140833333333,Jezdnia,Pochmurno,Światło dzienne,Najechanie na pieszego,1,0,1,Lekko,N,,,,,,,,,,
EWK-106540720P,2017,2017-11-14,15,POWIAT PUŁTUSKI,OBRYTE - OBSZAR WIEJSKI,Droga powiatowa,P4407W,Jednojezdniowa dwukierunkowa,Odcinek prosty,Obszar zabudowany,21.2120277777778,52.7140833333333,Jezdnia,Pochmurno,Światło dzienne,Najechanie na pieszego,1,0,0,Nieokreślone (puste pole),N,,,,,,,,,,
EWK-106541326M,2017,2017-11-10,13,POWIAT GRÓJECKI,WARKA - OBSZAR WIEJSKI,Droga gminna,GMINNA,Jednojezdniowa dwukierunkowa,Odcinek prosty,Obszar zabudowany,21.2249722222222,51.8198333333333,Jezdnia,Pochmurno,Światło dzienne,Najechanie na pieszego,1,0,1,Lekko,N,,,,,,,,,,
EWK-106541326M,2017,2017-11-10,13,POWIAT GRÓJECKI,WARKA - OBSZAR WIEJSKI,Droga gminna,GMINNA,Jednojezdniowa dwukierunkowa,Odcinek prosty,Obszar zabudowany,21.2249722222222,51.8198333333333,Jezdnia,Pochmurno,Światło dzienne,Najechanie na pieszego,1,0,0,Nieokreślone (puste pole),N,,,,,,,,,,
EWK-106599003X,2017,2017-12-05,7,POWIAT SIEDLECKI,WIŚNIEW - OBSZAR WIEJSKI,Nieokreślone (puste pole),,Jednojezdniowa dwukierunkowa,Odcinek prosty,Obszar niezabudowany,22.3414166666667,52.0052222222222,Jezdnia,Pochmurno,Światło dzienne,Najechanie na pieszego,1,0,1,Lekko,N,,,,,,,,,,
EWK-106599003X,2017,2017-12-05,7,POWIAT SIEDLECKI,WIŚNIEW - OBSZAR WIEJSKI,Nieokreślone (puste pole),,Jednojezdniowa dwukierunkowa,Odcinek prosty,Obszar niezabudowany,22.3414166666667,52.0052222222222,Jezdnia,Pochmurno,Światło dzienne,Najechanie na pieszego,1,0,0,Nieokreślone (puste pole),N,,,,,,,,,,
EWK-106606006U,2017,2017-12-08,12,POWIAT PŁOCKI,RADZANOWO - OBSZAR WIEJSKI,Droga powiatowa,P2935W,Jednojezdniowa dwukierunkowa,Odcinek prosty,Obszar niezabudowany,19.9158055555556,52.5701111111111,Jezdnia,Pochmurno,Światło dzienne,Najechanie na pieszego,1,0,1,Ciężko,N,,,,,,,,,,
EWK-106606006U,2017,2017-12-08,12,POWIAT PŁOCKI,RADZANOWO - OBSZAR WIEJSKI,Droga powiatowa,P2935W,Jednojezdniowa dwukierunkowa,Odcinek prosty,Obszar niezabudowany,19.9158055555556,52.5701111111111,Jezdnia,Pochmurno,Światło dzienne,Najechanie na pieszego,1,0,0,Nieokreślone (puste pole),N,,,,,,,,,,
EWK-106621605U,2017,2017-12-16,10,POWIAT GARWOLIŃSKI,ŻELECHÓW - OBSZAR MIEJSKI,Droga wojewódzka,807,Jednojezdniowa dwukierunkowa,"Zakręt, łuk",Obszar zabudowany,21.8924166666667,51.8106944444445,Jezdnia,Pochmurno,Światło dzienne,Najechanie na pieszego,1,1,0,Nieokreślone (puste pole),N,,,,,,,,,,
EWK-106637548H,2017,2017-12-25,13,POWIAT WYSZKOWSKI,WYSZKÓW - OBSZAR MIEJSKI,Droga gminna,G440718W,Jednojezdniowa dwukierunkowa,Odcinek prosty,Obszar zabudowany,21.4254444444444,52.5958888888889,Jezdnia,Pochmurno,Światło dzienne,Najechanie na pieszego,1,0,1,Lekko,N,,,,,,,,,,
EWK-106637548H,2017,2017-12-25,13,POWIAT WYSZKOWSKI,WYSZKÓW - OBSZAR MIEJSKI,Droga gminna,G440718W,Jednojezdniowa dwukierunkowa,Odcinek prosty,Obszar zabudowany,21.4254444444444,52.5958888888889,Jezdnia,Pochmurno,Światło dzienne,Najechanie na pieszego,1,0,0,Nieokreślone (puste pole),N,,,,,,,,,,
EWK-105541117Y,2017,2017-03-06,14,POWIAT PŁOCK,PŁOCK - OBSZAR MIEJSKI,Inna,I2,Jednojezdniowa dwukierunkowa,Odcinek prosty,Obszar zabudowany,19.6767777777778,52.5638888888889,"Parking, plac, MOP",Pochmurno,Światło dzienne,Najechanie na pieszego,1,1,0,Nieokreślone (puste pole),N,,,,,,,,,,
EWK-105683873E,2017,2017-03-20,10,POWIAT PUŁTUSKI,PUŁTUSK - OBSZAR MIEJSKI,Droga krajowa,61,Jednokierunkowa,Odcinek prosty,Obszar zabudowany,21.0861666666667,52.7051111111111,"Parking, plac, MOP",Pochmurno,Światło dzienne,Najechanie na pieszego,1,0,1,Lekko,N,,,,,,,,,,
EWK-105683873E,2017,2017-03-20,10,POWIAT PUŁTUSKI,PUŁTUSK - OBSZAR MIEJSKI,Droga krajowa,61,Jednokierunkowa,Odcinek prosty,Obszar zabudowany,21.0861666666667,52.7051111111111,"Parking, plac, MOP",Pochmurno,Światło dzienne,Najechanie na pieszego,1,0,0,Nieokreślone (puste pole),N,,,,,,,,,,
EWK-105328583D,2017,2017-01-04,7,POWIAT RADOM,RADOM - OBSZAR MIEJSKI,Droga powiatowa,P3539W,Dwie jezdnie jednokierunkowe,,Obszar zabudowany,21.1559444444444,51.3801388888889,Przejście dla pieszych,Pochmurno,Światło dzienne,Najechanie na pieszego,1,0,1,Lekko,N,,,,,,,,,,
EWK-105328583D,2017,2017-01-04,7,POWIAT RADOM,RADOM - OBSZAR MIEJSKI,Droga powiatowa,P3539W,Dwie jezdnie jednokierunkowe,,Obszar zabudowany,21.1559444444444,51.3801388888889,Przejście dla pieszych,Pochmurno,Światło dzienne,Najechanie na pieszego,1,0,0,Nieokreślone (puste pole),N,,,,,,,,,,
EWK-105346405H,2017,2017-01-16,8,POWIAT WYSZKOWSKI,WYSZKÓW - OBSZAR MIEJSKI,Droga gminna,GMINNA,Jednojezdniowa dwukierunkowa,Odcinek prosty,Obszar zabudowany,21.4685,52.59575,Przejście dla pieszych,Pochmurno,Światło dzienne,Najechanie na pieszego,1,0,1,Lekko,N,,,,,,,,,,
EWK-105346405H,2017,2017-01-16,8,POWIAT WYSZKOWSKI,WYSZKÓW - OBSZAR MIEJSKI,Droga gminna,GMINNA,Jednojezdniowa dwukierunkowa,Odcinek prosty,Obszar zabudowany,21.4685,52.59575,Przejście dla pieszych,Pochmurno,Światło dzienne,Najechanie na pieszego,1,0,0,Nieokreślone (puste pole),N,,,,,,,,,,
EWK-105350780U,2017,2017-01-17,11,POWIAT RADOM,RADOM - OBSZAR MIEJSKI,Droga powiatowa,P5339W,Jednojezdniowa dwukierunkowa,,Obszar zabudowany,21.1530833333333,51.4091666666667,Przejście dla pieszych,Pochmurno,Światło dzienne,Najechanie na pieszego,1,0,1,Ciężko,N,,,,,,,,,,
EWK-105350780U,2017,2017-01-17,11,POWIAT RADOM,RADOM - OBSZAR MIEJSKI,Droga powiatowa,P5339W,Jednojezdniowa dwukierunkowa,,Obszar zabudowany,21.1530833333333,51.4091666666667,Przejście dla pieszych,Pochmurno,Światło dzienne,Najechanie na pieszego,1,0,0,Nieokreślone (puste pole),N,,,,,,,,,,