IDKSIP,year,date,hour,district,district_commune,road_category,road_number,type_of_road,road_geometry,area,Longitude,Latitude,char_place_of_the_event,weather_conditions,lighting,type_of_accident,num_of_accidents,num_of_fatalities,num_of_injured,type_of_injury,is_offender_intoxicated,,,,,,,,,,
EWK-105467759W,2017,2017-02-20,10,POWIAT RADOM,RADOM - OBSZAR MIEJSKI,Droga powiatowa,P5316W,Jednojezdniowa dwukierunkowa,,Obszar zabudowany,21.1456388888889,51.4157222222222,Przejście dla pieszych,Pochmurno,Światło dzienne,Najechanie na pieszego,1,0,1,Lekko,N,,,,,,,,,,
EWK-105467759W,2017,2017-02-20,10,POWIAT RADOM,RADOM - OBSZAR MIEJSKI,Droga powiatowa,P5316W,Jednojezdniowa dwukierunkowa,,Obszar zabudowany,21.1456388888889,51.4157222222222,Przejście dla pieszych,Pochmurno,Światło dzienne,Najechanie na pieszego,1,0,0,Nieokreślone (puste pole),N,,,,,,,,,,
EWK-105739222T,2017,2017-04-07,8,POWIAT PŁOCK,PŁOCK - OBSZAR MIEJSKI,Droga powiatowa,P5219W,Jednojezdniowa dwukierunkowa,Odcinek prosty,Obszar zabudowany,19.7231388888889,52.5386111111111,Przejście dla pieszych,Pochmurno,Światło dzienne,Najechanie na pieszego,1,0,1,Lekko,N,,,,,,,,,,
EWK-105739222T,2017,2017-04-07,8,POWIAT PŁOCK,PŁOCK - OBSZAR MIEJSKI,Droga powiatowa,P5219W,Jednojezdniowa dwukierunkowa,Odcinek prosty,Obszar zabudowany,19.7231388888889,52.5386111111111,Przejście dla pieszych,Pochmurno,Światło dzienne,Najechanie na pieszego,1,0,0,Nieokreślone (puste pole),N,,,,,,,,,,
EWK-105751605N,2017,2017-04-12,8,POWIAT OSTROŁĘKA,OSTROŁĘKA - OBSZAR MIEJSKI,Droga powiatowa,4403W,Jednojezdniowa dwukierunkowa,Odcinek prosty,Obszar zabudowany,21.5713055555556,53.0795,Przejście dla pieszych,Pochmurno,Światło dzienne,Najechanie na pieszego,1,0,1,Lekko,N,,,,,,,,,,
EWK-105751605N,2017,2017-04-12,8,POWIAT OSTROŁĘKA,OSTROŁĘKA - OBSZAR MIEJSKI,Droga powiatowa,4403W,Jednojezdniowa dwukierunkowa,Odcinek prosty,Obszar zabudowany,21.5713055555556,53.0795,Przejście dla pieszych,Pochmurno,Światło dzienne,Najechanie na pieszego,1,0,0,Nieokreślone (puste pole),N,,,,,,,,,,
EWK-105752171H,2017,2017-04-12,15,POWIAT RADOM,RADOM - OBSZAR MIEJSKI,Droga powiatowa,P5305W,Jednojezdniowa dwukierunkowa,Odcinek prosty,Obszar zabudowany,21.1698333333333,51.4123055555556,Przejście dla pieszych,Pochmurno,Światło dzienne,Najechanie na pieszego,1,0,1,Lekko,N,,,,,,,,,,
EWK-105752171H,2017,2017-04-12,15,POWIAT RADOM,RADOM - OBSZAR MIEJSKI,Droga powiatowa,P5305W,Jednojezdniowa dwukierunkowa,Odcinek prosty,Obszar zabudowany,21.1698333333333,51.4123055555556,Przejście dla pieszych,Pochmurno,Światło dzienne,Najechanie na pieszego,1,0,0,Nieokreślone (puste pole),N,,,,,,,,,,
EWK-105783762R,2017,2017-05-02,14,POWIAT RADOM,RADOM - OBSZAR MIEJSKI,Droga gminna,G530115W,Jednojezdniowa dwukierunkowa,,Obszar zabudowany,21.1910277777778,51.4283888888889,Przejście dla pieszych,Pochmurno,Światło dzienne,Najechanie na pieszego,1,0,1,Lekko,N,,,,,,,,,,
EWK-105783762R,2017,2017-05-02,14,POWIAT RADOM,RADOM - OBSZAR MIEJSKI,Droga gminna,G530115W,Jednojezdniowa dwukierunkowa,,Obszar zabudowany,21.1910277777778,51.4283888888889,Przejście dla pieszych,Pochmurno,Światło dzienne,Najechanie na pieszego,1,0,0,Nieokreślone (puste pole),N,,,,,,,,,,
EWK-106175129H,2017,2017-07-01,19,POWIAT RADOM,RADOM - OBSZAR MIEJSKI,Droga powiatowa,P5320W,Jednojezdniowa dwukierunkowa,,Obszar zabudowany,21.15475,51.3950833333333,Przejście dla pieszych,Pochmurno,Światło dzienne,Najechanie na pieszego,1,0,1,Ciężko,N,,,,,,,,,,
EWK-106175129H,2017,2017-07-01,19,POWIAT RADOM,RADOM - OBSZAR MIEJSKI,Droga powiatowa,P5320W,Jednojezdniowa dwukierunkowa,,Obszar zabudowany,21.15475,51.3950833333333,Przejście dla pieszych,Pochmurno,Światło dzienne,Najechanie na pieszego,1,0,0,Nieokreślone (puste pole),N,,,,,,,,,,
EWK-106176786T,2017,2017-07-04,12,POWIAT PŁOCK,PŁOCK - OBSZAR MIEJSKI,Droga gminna,G520023W,Jednojezdniowa dwukierunkowa,Odcinek prosty,Obszar zabudowany,19.6751666666667,52.5518333333333,Przejście dla pieszych,Pochmurno,Światło dzienne,Najechanie na pieszego,1,0,1,Ciężko,N,,,,,,,,,,
EWK-106176786T,2017,2017-07-04,12,POWIAT PŁOCK,PŁOCK - OBSZAR MIEJSKI,Droga gminna,G520023W,Jednojezdniowa dwukierunkowa,Odcinek prosty,Obszar zabudowany,19.6751666666667,52.5518333333333,Przejście dla pieszych,Pochmurno,Światło dzienne,Najechanie na pieszego,1,0,0,Nieokreślone (puste pole),N,,,,,,,,,,
EWK-106371538T,2017,2017-09-11,13,POWIAT OSTROŁĘKA,OSTROŁĘKA - OBSZAR MIEJSKI,Droga powiatowa,P5107W,Dwie jezdnie jednokierunkowe,Odcinek prosty,Obszar zabudowany,21.5732777777778,53.0865277777778,Przejście dla pieszych,Pochmurno,Światło dzienne,Najechanie na pieszego,1,0,1,Lekko,N,,,,,,,,,,
EWK-106371538T,2017,2017-09-11,13,POWIAT OSTROŁĘKA,OSTROŁĘKA - OBSZAR MIEJSKI,Droga powiatowa,P5107W,Dwie jezdnie jednokierunkowe,Odcinek prosty,Obszar zabudowany,21.5732777777778,53.0865277777778,Przejście dla pieszych,Pochmurno,Światło dzienne,Najechanie na pieszego,1,0,0,Nieokreślone (puste pole),N,,,,,,,,,,
EWK-106418230M,2017,2017-09-22,9,POWIAT SOCHACZEWSKI,SOCHACZEW - OBSZAR MIEJSKI,Droga wojewódzka,705,Jednojezdniowa dwukierunkowa,,Obszar zabudowany,20.2448888888889,52.2326388888889,Przejście dla pieszych,Pochmurno,Światło dzienne,Najechanie na pieszego,1,0,1,Lekko,N,,,,,,,,,,
EWK-106418230M,2017,2017-09-22,9,POWIAT SOCHACZEWSKI,SOCHACZEW - OBSZAR MIEJSKI,Droga wojewódzka,705,Jednojezdniowa dwukierunkowa,,Obszar zabudowany,20.2448888888889,52.2326388888889,Przejście dla pieszych,Pochmurno,Światło dzienne,Najechanie na pieszego,1,0,0,Nieokreślone (puste pole),N,,,,,,,,,,
EWK-106444157F,2017,2017-10-03,14,POWIAT RADOM,RADOM - OBSZAR MIEJSKI,Droga powiatowa,P5329W,Jednojezdniowa dwukierunkowa,Odcinek prosty,Obszar zabudowany,21.1769722222222,51.4153333333333,Przejście dla pieszych,Pochmurno,Światło dzienne,Najechanie na pieszego,1,0,1,Lekko,N,,,,,,,,,,
EWK-106444157F,2017,2017-10-03,14,POWIAT RADOM,RADOM - OBSZAR MIEJSKI,Droga powiatowa,P5329W,Jednojezdniowa dwukierunkowa,Odcinek prosty,Obszar zabudowany,21.1769722222222,51.4153333333333,Przejście dla pieszych,Pochmurno,Światło dzienne,Najechanie na pieszego,1,0,0,Nieokreślone (puste pole),N,,,,,,,,,,
EWK-106455750W,2017,2017-10-09,15,POWIAT PŁOCK,PŁOCK - OBSZAR MIEJSKI,Droga krajowa,62,Dwie jezdnie jednokierunkowe,Odcinek prosty,Obszar zabudowany,19.7488055555556,52.5375555555556,Przejście dla pieszych,Pochmurno,Światło dzienne,Najechanie na pieszego,1,0,2,Lekko,N,,,,,,,,,,
EWK-106455750W,2017,2017-10-09,15,POWIAT PŁOCK,PŁOCK - OBSZAR MIEJSKI,Droga krajowa,62,Dwie jezdnie jednokierunkowe,Odcinek prosty,Obszar zabudowany,19.7488055555556,52.5375555555556,Przejście dla pieszych,Pochmurno,Światło dzienne,Najechanie na pieszego,1,0,0,Nieokreślone (puste pole),N,,,,,,,,,,
EWK-106458029G,2017,2017-10-10,12,POWIAT WYSZKOWSKI,WYSZKÓW - OBSZAR MIEJSKI,Droga gminna,GMINNA,Jednojezdniowa dwukierunkowa,Odcinek prosty,Obszar zabudowany,21.4558611111111,52.5926666666667,Przejście dla pieszych,Pochmurno,Światło dzienne,Najechanie na pieszego,1,0,1,Ciężko,N,,,,,,,,,,
EWK-106458029G,2017,2017-10-10,12,POWIAT WYSZKOWSKI,WYSZKÓW - OBSZAR MIEJSKI,Droga gminna,GMINNA,Jednojezdniowa dwukierunkowa,Odcinek prosty,Obszar zabudowany,21.4558611111111,52.5926666666667,Przejście dla pieszych,Pochmurno,Światło dzienne,Najechanie na pieszego,1,0,0,Nieokreślone (puste pole),N,,,,,,,,,,
EWK-106467690G,2017,2017-10-14,17,POWIAT KOZIENICKI,GŁOWACZÓW - OBSZAR WIEJSKI,Droga gminna,GMINNA,Jednojezdniowa dwukierunkowa,,Obszar zabudowany,21.3178888888889,51.6244166666667,Przejście dla pieszych,Pochmurno,Światło dzienne,Najechanie na pieszego,1,0,1,Lekko,N,,,,,,,,,,
EWK-106467690G,2017,2017-10-14,17,POWIAT KOZIENICKI,GŁOWACZÓW - OBSZAR WIEJSKI,Droga gminna,GMINNA,Jednojezdniowa dwukierunkowa,,Obszar zabudowany,21.3178888888889,51.6244166666667,Przejście dla pieszych,Pochmurno,Światło dzienne,Najechanie na pieszego,1,0,0,Nieokreślone (puste pole),N,,,,,,,,,,
EWK-106488390Q,2017,2017-10-20,13,POWIAT GOSTYNIŃSKI,GOSTYNIN - OBSZAR MIEJSKI,Droga gminna,G140192W,Jednojezdniowa dwukierunkowa,Odcinek prosty,Obszar zabudowany,19.4649444444444,52.4462777777778,Przejście dla pieszych,Pochmurno,Światło dzienne,Najechanie na pieszego,1,0,1,Lekko,N,,,,,,,,,,
EWK-106488390Q,2017,2017-10-20,13,POWIAT GOSTYNIŃSKI,GOSTYNIN - OBSZAR MIEJSKI,Droga gminna,G140192W,Jednojezdniowa dwukierunkowa,Odcinek prosty,Obszar zabudowany,19.4649444444444,52.4462777777778,Przejście dla pieszych,Pochmurno,Światło dzienne,Najechanie na pieszego,1,0,0,Nieokreślone (puste pole),N,,,,,,,,,,
EWK-106495082E,2017,2017-10-21,10,POWIAT RADOM,RADOM - OBSZAR MIEJSKI,Droga powiatowa,P5331W,Jednojezdniowa dwukierunkowa,Odcinek prosty,Obszar zabudowany,21.1554166666667,51.3898055555556,Przejście dla pieszych,Pochmurno,Światło dzienne,Najechanie na pieszego,1,1,0,Nieokreślone (puste pole),N,,,,,,,,,,
EWK-106507595A,2017,2017-10-28,10,POWIAT PŁOCK,PŁOCK - OBSZAR MIEJSKI,Droga gminna,G520092W,Jednojezdniowa dwukierunkowa,Odcinek prosty,Obszar zabudowany,19.6881111111111,52.5474166666667,Przejście dla pieszych,Pochmurno,Światło dzienne,Najechanie na pieszego,1,0,1,Lekko,N,,,,,,,,,,
EWK-106507595A,2017,2017-10-28,10,POWIAT PŁOCK,PŁOCK - OBSZAR MIEJSKI,Droga gminna,G520092W,Jednojezdniowa dwukierunkowa,Odcinek prosty,Obszar zabudowany,19.6881111111111,52.5474166666667,Przejście dla pieszych,Pochmurno,Światło dzienne,Najechanie na pieszego,1,0,0,Nieokreślone (puste pole),N,,,,,,,,,,
EWK-106531661E,2017,2017-11-09,7,POWIAT SIEDLCE,SIEDLCE - OBSZAR MIEJSKI,Nieokreślone (puste pole),,Jednojezdniowa dwukierunkowa,Odcinek prosty,Obszar zabudowany,22.3043611111111,52.1497222222222,Przejście dla pieszych,Pochmurno,Światło dzienne,Najechanie na pieszego,1,0,1,Lekko,N,,,,,,,,,,
EWK-106531661E,2017,2017-11-09,7,POWIAT SIEDLCE,SIEDLCE - OBSZAR MIEJSKI,Nieokreślone (puste pole),,Jednojezdniowa dwukierunkowa,Odcinek prosty,Obszar zabudowany,22.3043611111111,52.1497222222222,Przejście dla pieszych,Pochmurno,Światło dzienne,Najechanie na pieszego,1,0,0,Nieokreślone (puste pole),N,,,,,,,,,,
EWK-106551868J,2017,2017-11-20,11,POWIAT MAKOWSKI,MAKÓW MAZOWIECKI - OBSZAR MIEJSKI,Droga krajowa,60,Jednojezdniowa dwukierunkowa,,Obszar zabudowany,21.1034166666667,52.8646111111111,Przejście dla pieszych,Pochmurno,Światło dzienne,Najechanie na pieszego,1,0,1,Ciężko,N,,,,,,,,,,
EWK-106551868J,2017,2017-11-20,11,POWIAT MAKOWSKI,MAKÓW MAZOWIECKI - OBSZAR MIEJSKI,Droga krajowa,60,Jednojezdniowa dwukierunkowa,,Obszar zabudowany,21.1034166666667,52.8646111111111,Przejście dla pieszych,Pochmurno,Światło dzienne,Najechanie na pieszego,1,0,0,Nieokreślone (puste pole),N,,,,,,,,,,
EWK-106553639Q,2017,2017-11-19,7,POWIAT WYSZKOWSKI,WYSZKÓW - OBSZAR MIEJSKI,Droga wojewódzka,618,Jednojezdniowa dwukierunkowa,,Obszar zabudowany,21.4672777777778,52.5959722222222,Przejście dla pieszych,Pochmurno,Światło dzienne,Najechanie na pieszego,1,0,1,Ciężko,N,,,,,,,,,,
EWK-106553639Q,2017,2017-11-19,7,POWIAT WYSZKOWSKI,WYSZKÓW - OBSZAR MIEJSKI,Droga wojewódzka,618,Jednojezdniowa dwukierunkowa,,Obszar zabudowany,21.4672777777778,52.5959722222222,Przejście dla pieszych,Pochmurno,Światło dzienne,Najechanie na pieszego,1,0,0,Nieokreślone (puste pole),N,,,,,,,,,,
EWK-106558936P,2017,2017-11-23,8,POWIAT RADOM,RADOM - OBSZAR MIEJSKI,Droga gminna,G530028W,Jednokierunkowa,Odcinek prosty,Obszar zabudowany,21.1477777777778,51.3964722222222,Przejście dla pieszych,Pochmurno,Światło dzienne,Najechanie na pieszego,1,0,1,Ciężko,N,,,,,,,,,,
EWK-106558936P,2017,2017-11-23,8,POWIAT RADOM,RADOM - OBSZAR MIEJSKI,Droga gminna,G530028W,Jednokierunkowa,Odcinek prosty,Obszar zabudowany,21.1477777777778,51.3964722222222,Przejście dla pieszych,Pochmurno,Światło dzienne,Najechanie na pieszego,1,0,0,Nieokreślone (puste pole),N,,,,,,,,,,
EWK-106629685C,2017,2017-12-20,12,POWIAT RADOM,RADOM - OBSZAR MIEJSKI,Droga powiatowa,P5309W,Jednojezdniowa dwukierunkowa,Odcinek prosty,Obszar zabudowany,21.1591666666667,51.4200555555556,Przejście dla pieszych,Pochmurno,Światło dzienne,Najechanie na pieszego,1,0,1,Lekko,N,,,,,,,,,,
EWK-106629685C,2017,2017-12-20,12,POWIAT RADOM,RADOM - OBSZAR MIEJSKI,Droga powiatowa,P5309W,Jednojezdniowa dwukierunkowa,Odcinek prosty,Obszar zabudowany,21.1591666666667,51.4200555555556,Przejście dla pieszych,Pochmurno,Światło dzienne,Najechanie na pieszego,1,0,0,Nieokreślone (puste pole),N,,,,,,,,,,
EWK-106634162X,2017,2017-12-22,12,POWIAT PŁOCK,PŁOCK - OBSZAR MIEJSKI,Droga powiatowa,5213W,Jednojezdniowa dwukierunkowa,Odcinek prosty,Obszar zabudowany,19.6893333333333,52.5601111111111,Przejście dla pieszych,Pochmurno,Światło dzienne,Najechanie na pieszego,1,0,1,Lekko,N,,,,,,,,,,
EWK-106634162X,2017,2017-12-22,12,POWIAT PŁOCK,PŁOCK - OBSZAR MIEJSKI,Droga powiatowa,5213W,Jednojezdniowa dwukierunkowa,Odcinek prosty,Obszar zabudowany,19.6893333333333,52.5601111111111,Przejście dla pieszych,Pochmurno,Światło dzienne,Najechanie na pieszego,1,0,0,Nieokreślone (puste pole),N,,,,,,,,,,
EWK-106646629T,2017,2017-12-29,14,POWIAT RADOM,RADOM - OBSZAR MIEJSKI,Droga powiatowa,P5321W,Dwie jezdnie jednokierunkowe,Odcinek prosty,Obszar zabudowany,21.1535555555556,51.3915277777778,Przejście dla pieszych,Pochmurno,Światło dzienne,Najechanie na pieszego,1,0,1,Lekko,N,,,,,,,,,,
EWK-106646629T,2017,2017-12-29,14,POWIAT RADOM,RADOM - OBSZAR MIEJSKI,Droga powiatowa,P5321W,Dwie jezdnie jednokierunkowe,Odcinek prosty,Obszar zabudowany,21.1535555555556,51.3915277777778,Przejście dla pieszych,Pochmurno,Światło dzienne,Najechanie na pieszego,1,0,0,Nieokreślone (puste pole),N,,,,,,,,,,
EWK-106301666U,2017,2017-08-06,3,POWIAT WĘGROWSKI,SADOWNE - OBSZAR WIEJSKI,Droga krajowa,50,Jednojezdniowa dwukierunkowa,Odcinek prosty,Obszar niezabudowany,21.8460277777778,52.6465833333333,Jezdnia,Pochmurno,"Świt, zmrok",Najechanie na pieszego,1,1,0,Nieokreślone (puste pole),N,,,,,,,,,,
EWK-106348362X,2017,2017-08-28,20,POWIAT SIEDLECKI,WIŚNIEW - OBSZAR WIEJSKI,Nieokreślone (puste pole),,Jednojezdniowa dwukierunkowa,Odcinek prosty,Obszar niezabudowany,22.3612777777778,52.0492777777778,Jezdnia,Pochmurno,"Świt, zmrok",Najechanie na pieszego,1,1,0,Nieokreślone (puste pole),T,,,,,,,,,,
EWK-106645788C,2017,2017-12-29,2,POWIAT RADOMSKI,PIONKI - OBSZAR MIEJSKI,Droga powiatowa,P3523W,Jednojezdniowa dwukierunkowa,Odcinek prosty,Obszar niezabudowany,21.4138611111111,51.4569444444444,Jezdnia,Pochmurno,"Świt, zmrok",Najechanie na pieszego,1,0,1,Lekko,N,,,,,,,,,,
EWK-106645788C,2017,2017-12-29,2,POWIAT RADOMSKI,PIONKI - OBSZAR MIEJSKI,Droga powiatowa,P3523W,Jednojezdniowa dwukierunkowa,Odcinek prosty,Obszar niezabudowany,21.4138611111111,51.4569444444444,Jezdnia,Pochmurno,"Świt, zmrok",Najechanie na pieszego,1,0,0,Nieokreślone (puste pole),N,,,,,,,,,,
EWK-105325418K,2017,2017-01-05,17,POWIAT OSTROŁĘKA,OSTROŁĘKA - OBSZAR MIEJSKI,Droga powiatowa,4403W,Jednojezdniowa dwukierunkowa,,Obszar zabudowany,21.5761666666667,53.0725,Przejście dla pieszych,Pochmurno,"Świt, zmrok",Najechanie na pieszego,1,0,1,Ciężko,N,,,,,,,,,,
EWK-105325418K,2017,2017-01-05,17,POWIAT OSTROŁĘKA,OSTROŁĘKA - OBSZAR MIEJSKI,Droga powiatowa,4403W,Jednojezdniowa dwukierunkowa,,Obszar zabudowany,21.5761666666667,53.0725,Przejście dla pieszych,Pochmurno,"Świt, zmrok",Najechanie na pieszego,1,0,0,Nieokreślone (puste pole),N,,,,,,,,,,
EWK-105330917L,2017,2017-01-09,15,POWIAT OSTROŁĘKA,OSTROŁĘKA - OBSZAR MIEJSKI,Droga powiatowa,4403W,Jednojezdniowa dwukierunkowa,,Obszar zabudowany,21.5761666666667,53.0725555555556,Przejście dla pieszych,Pochmurno,"Świt, zmrok",Najechanie na pieszego,1,0,1,Lekko,N,,,,,,,,,,
EWK-105330917L,2017,2017-01-09,15,POWIAT OSTROŁĘKA,OSTROŁĘKA - OBSZAR MIEJSKI,Droga powiatowa,4403W,Jednojezdniowa dwukierunkowa,,Obszar zabudowany,21.5761666666667,53.0725555555556,Przejście dla pieszych,Pochmurno,"Świt, zmrok",Najechanie na pieszego,1,0,0,Nieokreślone (puste pole),N,,,,,,,,,,
EWK-106361045Y,2017,2017-09-04,5,POWIAT ŻYRARDOWSKI,ŻYRARDÓW - OBSZAR MIEJSKI,Droga gminna,GMINNA,Jednojezdniowa dwukierunkowa,,Obszar zabudowany,20.4531666666667,52.0422222222222,Przejście dla pieszych,Pochmurno,"Świt, zmrok",Najechanie na pieszego,1,2,0,Nieokreślone (puste pole),N,,,,,,,,,,
EWK-106593055C,2017,2017-12-01,16,POWIAT WĘGROWSKI,WĘGRÓW - OBSZAR MIEJSKI,Droga powiatowa,P4262W,Jednojezdniowa dwukierunkowa,,Obszar zabudowany,22.0336388888889,52.3957777777778,Przejście dla pieszych,Pochmurno,"Świt, zmrok",Najechanie na pieszego,1,0,1,Lekko,N,,,,,,,,,,
EWK-106593055C,2017,2017-12-01,16,POWIAT WĘGROWSKI,WĘGRÓW - OBSZAR MIEJSKI,Droga powiatowa,P4262W,Jednojezdniowa dwukierunkowa,,Obszar zabudowany,22.0336388888889,52.3957777777778,Przejście dla pieszych,Pochmurno,"Świt, zmrok",Najechanie na pieszego,1,0,0,Nieokreślone (puste pole),N,,,,,,,,,,
EWK-106601659T,2017,2017-12-06,17,POWIAT OSTROŁĘKA,OSTROŁĘKA - OBSZAR MIEJSKI,Droga gminna,G510201W,Jednokierunkowa,,Obszar zabudowany,21.5763611111111,53.0813611111111,Przejście dla pieszych,Pochmurno,"Świt, zmrok",Najechanie na pieszego,1,0,1,Ciężko,N,,,,,,,,,,
EWK-106601659T,2017,2017-12-06,17,POWIAT OSTROŁĘKA,OSTROŁĘKA - OBSZAR MIEJSKI,Droga gminna,G510201W,Jednokierunkowa,,Obszar zabudowany,21.5763611111111,53.0813611111111,Przejście dla pieszych,Pochmurno,"Świt, zmrok",Najechanie na pieszego,1,0,0,Nieokreślone (puste pole),N,,,,,,,,,,
EWK-106603027G,2017,2017-12-07,6,POWIAT RADOM,RADOM - OBSZAR MIEJSKI,Droga powiatowa,P3539W,Jednokierunkowa,Odcinek prosty,Obszar zabudowany,21.1602777777778,51.3901111111111,Przejście dla pieszych,Pochmurno,"Świt, zmrok",Najechanie na pieszego,1,0,1,Ciężko,N,,,,,,,,,,
EWK-106603027G,2017,2017-12-07,6,POWIAT RADOM,RADOM - OBSZAR MIEJSKI,Droga powiatowa,P3539W,Jednokierunkowa,Odcinek prosty,Obszar zabudowany,21.1602777777778,51.3901111111111,Przejście dla pieszych,Pochmurno,"Świt, zmrok",Najechanie na pieszego,1,0,0,Nieokreślone (puste pole),N,,,,,,,,,,
EWK-106625905W,2017,2017-12-18,15,POWIAT CIECHANOWSKI,CIECHANÓW - OBSZAR MIEJSKI,Droga gminna,G121267W,Jednojezdniowa dwukierunkowa,,Obszar zabudowany,20.6333333333333,52.8766666666667,Przejście dla pieszych,Pochmurno,"Świt, zmrok",Najechanie na pieszego,1,0,1,Lekko,N,,,,,,,,,,
EWK-106625905W,2017,2017-12-18,15,POWIAT CIECHANOWSKI,CIECHANÓW - OBSZAR MIEJSKI,Droga gminna,G121267W,Jednojezdniowa dwukierunkowa,,Obszar zabudowany,20.6333333333333,52.8766666666667,Przejście dla pieszych,Pochmurno,"Świt, zmrok",Najechanie na pieszego,1,0,0,Nieokreślone (puste pole),N,,,,,,,,,,
EWK-106628116T,2017,2017-12-11,14,POWIAT CIECHANOWSKI,CIECHANÓW - OBSZAR MIEJSKI,Droga gminna,G121181W,Jednojezdniowa dwukierunkowa,,Obszar zabudowany,20.61,52.8636111111111,Przejście dla pieszych,Pochmurno,"Świt, zmrok",Najechanie na pieszego,1,0,1,Lekko,N,,,,,,,,,,
EWK-106628116T,2017,2017-12-11,14,POWIAT CIECHANOWSKI,CIECHANÓW - OBSZAR MIEJSKI,Droga gminna,G121181W,Jednojezdniowa dwukierunkowa,,Obszar zabudowany,20.61,52.8636111111111,Przejście dla pieszych,Pochmurno,"Świt, zmrok",Najechanie na pieszego,1,0,0,Nieokreślone (puste pole),N,,,,,,,,,,
EWK-106621395H,2017,2017-12-15,20,POWIAT WYSZKOWSKI,WYSZKÓW - OBSZAR WIEJSKI,Droga gminna,GMINNA,Jednojezdniowa dwukierunkowa,Odcinek prosty,Obszar niezabudowany,21.4646944444444,52.5750277777778,Jezdnia,"Pochmurno; Opady deszczu; Mgła, dym",Noc - droga nieoświetlona,Najechanie na pieszego,1,1,0,Nieokreślone (puste pole),N,,,,,,,,,,
EWK-106595253G,2017,2017-11-17,14,POWIAT PŁOŃSKI,PŁOŃSK - OBSZAR MIEJSKI,Droga gminna,G300887W,Jednojezdniowa dwukierunkowa,Odcinek prosty,Obszar zabudowany,20.38675,52.6159722222222,Jezdnia,"Pochmurno; Opady deszczu; Opady śniegu, gradu",Światło dzienne,Najechanie na pieszego,1,0,1,Lekko,N,,,,,,,,,,
EWK-106595253G,2017,2017-11-17,14,POWIAT PŁOŃSKI,PŁOŃSK - OBSZAR MIEJSKI,Droga gminna,G300887W,Jednojezdniowa dwukierunkowa,Odcinek prosty,Obszar zabudowany,20.38675,52.6159722222222,Jezdnia,"Pochmurno; Opady deszczu; Opady śniegu, gradu",Światło dzienne,Najechanie na pieszego,1,0,0,Nieokreślone (puste pole),N,,,,,,,,,,
EWK-106629523D,2017,2017-12-20,10,POWIAT RADOM,RADOM - OBSZAR MIEJSKI,Droga krajowa,7,Dwie jezdnie jednokierunkowe,,Obszar zabudowany,21.1638888888889,51.42275,Jezdnia,"Pochmurno; Opady śniegu, gradu",Światło dzienne,Najechanie na pieszego,1,0,1,Ciężko,N,,,,,,,,,,
EWK-106629523D,2017,2017-12-20,10,POWIAT RADOM,RADOM - OBSZAR MIEJSKI,Droga krajowa,7,Dwie jezdnie jednokierunkowe,,Obszar zabudowany,21.1638888888889,51.42275,Jezdnia,"Pochmurno; Opady śniegu, gradu",Światło dzienne,Najechanie na pieszego,1,0,0,Nieokreślone (puste pole),N,,,,,,,,,,
EWK-105602721G,2017,2017-03-15,19,POWIAT PŁOŃSKI,RACIĄŻ - OBSZAR WIEJSKI,Droga powiatowa,P3021W,Jednojezdniowa dwukierunkowa,Odcinek prosty,Obszar niezabudowany,20.1546111111111,52.7363888888889,Jezdnia,Silny wiatr,Noc - droga nieoświetlona,Najechanie na pieszego,1,0,1,Ciężko,N,,,,,,,,,,
EWK-105602721G,2017,2017-03-15,19,POWIAT PŁOŃSKI,RACIĄŻ - OBSZAR WIEJSKI,Droga powiatowa,P3021W,Jednojezdniowa dwukierunkowa,Odcinek prosty,Obszar niezabudowany,20.1546111111111,52.7363888888889,Jezdnia,Silny wiatr,Noc - droga nieoświetlona,Najechanie na pieszego,1,0,0,Nieokreślone (puste pole),N,,,,,,,,,,
EWK-105324743N,2017,2017-01-04,23,POWIAT RADOM,RADOM - OBSZAR MIEJSKI,Droga krajowa,9,Dwie jezdnie jednokierunkowe,Odcinek prosty,Obszar zabudowany,21.1583611111111,51.4259444444444,Przejście dla pieszych,Silny wiatr,Noc - droga oświetlona,Najechanie na pieszego,1,0,1,Lekko,N,,,,,,,,,,
EWK-105324743N,2017,2017-01-04,23,POWIAT RADOM,RADOM - OBSZAR MIEJSKI,Droga krajowa,9,Dwie jezdnie jednokierunkowe,Odcinek prosty,Obszar zabudowany,21.1583611111111,51.4259444444444,Przejście dla pieszych,Silny wiatr,Noc - droga oświetlona,Najechanie na pieszego,1,0,0,Nieokreślone (puste pole),N,,,,,,,,,,
EWK-106509272W,2017,2017-10-29,17,POWIAT OSTROŁĘKA,OSTROŁĘKA - OBSZAR MIEJSKI,Droga krajowa,61,Dwie jezdnie jednokierunkowe,,Obszar zabudowany,21.5787222222222,53.0893333333333,Przejście dla pieszych,Silny wiatr,Noc - droga oświetlona,Najechanie na pieszego,1,0,1,Ciężko,N,,,,,,,,,,
EWK-106509272W,2017,2017-10-29,17,POWIAT OSTROŁĘKA,OSTROŁĘKA - OBSZAR MIEJSKI,Droga krajowa,61,Dwie jezdnie jednokierunkowe,,Obszar zabudowany,21.5787222222222,53.0893333333333,Przejście dla pieszych,Silny wiatr,Noc - droga oświetlona,Najechanie na pieszego,1,0,0,Nieokreślone (puste pole),N,,,,,,,,,,